_row_id,localidad,ano,bimestre,indice_tiempo,valor_real,baseline,modelo_o_baseline,escenario,prediccion,regla_utilizada,nivel_fallback,uso_fallback,error,error_absoluto
73,ANTONIO NARINO,2023,1,18.0,11.06014204118443,media_global,Baseline - media global,validacion_2023,11.945259810225021,media_global,0,False,-0.8851177690405923,0.8851177690405923
70,BARRIOS UNIDOS,2023,1,18.0,11.57269909842224,media_global,Baseline - media global,validacion_2023,11.945259810225021,media_global,0,False,-0.37256071180278205,0.37256071180278205
65,BOSA,2023,1,18.0,9.448672003017908,media_global,Baseline - media global,validacion_2023,11.945259810225021,media_global,0,False,-2.4965878072071135,2.4965878072071135
60,CHAPINERO,2023,1,18.0,11.23216002978068,media_global,Baseline - media global,validacion_2023,11.945259810225021,media_global,0,False,-0.7130997804443417,0.7130997804443417
77,CIUDAD BOLIVAR,2023,1,18.0,10.71280926675663,media_global,Baseline - media global,validacion_2023,11.945259810225021,media_global,0,False,-1.2324505434683921,1.2324505434683921
68,ENGATIVA,2023,1,18.0,9.89227490961613,media_global,Baseline - media global,validacion_2023,11.945259810225021,media_global,0,False,-2.052984900608891,2.052984900608891
67,FONTIBON,2023,1,18.0,12.70012685566555,media_global,Baseline - media global,validacion_2023,11.945259810225021,media_global,0,False,0.7548670454405286,0.7548670454405286
66,KENNEDY,2023,1,18.0,10.29594677119282,media_global,Baseline - media global,validacion_2023,11.945259810225021,media_global,0,False,-1.6493130390322008,1.6493130390322008
75,LA CANDELARIA,2023,1,18.0,17.4260941370768,media_global,Baseline - media global,validacion_2023,11.945259810225021,media_global,0,False,5.480834326851777,5.480834326851777
72,LOS MARTIRES,2023,1,18.0,11.80253733740164,media_global,Baseline - media global,validacion_2023,11.945259810225021,media_global,0,False,-0.14272247282338135,0.14272247282338135
74,PUENTE ARANDA,2023,1,18.0,15.88136492467503,media_global,Baseline - media global,validacion_2023,11.945259810225021,media_global,0,False,3.936105114450008,3.936105114450008
76,RAFAEL URIBE URIBE,2023,1,18.0,10.99574917773899,media_global,Baseline - media global,validacion_2023,11.945259810225021,media_global,0,False,-0.9495106324860316,0.9495106324860316
62,SAN CRISTOBAL,2023,1,18.0,10.62739700352595,media_global,Baseline - media global,validacion_2023,11.945259810225021,media_global,0,False,-1.3178628066990719,1.3178628066990719
61,SANTA FE,2023,1,18.0,11.60306414423424,media_global,Baseline - media global,validacion_2023,11.945259810225021,media_global,0,False,-0.342195665990781,0.342195665990781
69,SUBA,2023,1,18.0,10.0467476219276,media_global,Baseline - media global,validacion_2023,11.945259810225021,media_global,0,False,-1.8985121882974205,1.8985121882974205
78,SUMAPAZ,2023,1,18.0,15.58333333333333,media_global,Baseline - media global,validacion_2023,11.945259810225021,media_global,0,False,3.638073523108309,3.638073523108309
71,TEUSAQUILLO,2023,1,18.0,10.81353989446063,media_global,Baseline - media global,validacion_2023,11.945259810225021,media_global,0,False,-1.131719915764391,1.131719915764391
64,TUNJUELITO,2023,1,18.0,13.78760193503801,media_global,Baseline - media global,validacion_2023,11.945259810225021,media_global,0,False,1.8423421248129888,1.8423421248129888
59,USAQUEN,2023,1,18.0,10.46717660597035,media_global,Baseline - media global,validacion_2023,11.945259810225021,media_global,0,False,-1.4780832042546717,1.4780832042546717
63,USME,2023,1,18.0,10.0652579503599,media_global,Baseline - media global,validacion_2023,11.945259810225021,media_global,0,False,-1.8800018598651214,1.8800018598651214
173,ANTONIO NARINO,2023,2,19.0,10.92744892613934,media_global,Baseline - media global,validacion_2023,11.945259810225021,media_global,0,False,-1.0178108840856819,1.0178108840856819
170,BARRIOS UNIDOS,2023,2,19.0,11.23380911403771,media_global,Baseline - media global,validacion_2023,11.945259810225021,media_global,0,False,-0.7114506961873115,0.7114506961873115
165,BOSA,2023,2,19.0,9.372122059193329,media_global,Baseline - media global,validacion_2023,11.945259810225021,media_global,0,False,-2.573137751031693,2.573137751031693
160,CHAPINERO,2023,2,19.0,10.638779486968,media_global,Baseline - media global,validacion_2023,11.945259810225021,media_global,0,False,-1.3064803232570217,1.3064803232570217
177,CIUDAD BOLIVAR,2023,2,19.0,10.60093201223824,media_global,Baseline - media global,validacion_2023,11.945259810225021,media_global,0,False,-1.3443277979867805,1.3443277979867805
168,ENGATIVA,2023,2,19.0,9.881097290684068,media_global,Baseline - media global,validacion_2023,11.945259810225021,media_global,0,False,-2.064162519540954,2.064162519540954
167,FONTIBON,2023,2,19.0,12.38334651045784,media_global,Baseline - media global,validacion_2023,11.945259810225021,media_global,0,False,0.4380867002328195,0.4380867002328195
166,KENNEDY,2023,2,19.0,10.16132533875435,media_global,Baseline - media global,validacion_2023,11.945259810225021,media_global,0,False,-1.7839344714706709,1.7839344714706709
175,LA CANDELARIA,2023,2,19.0,16.40878048780488,media_global,Baseline - media global,validacion_2023,11.945259810225021,media_global,0,False,4.463520677579858,4.463520677579858
172,LOS MARTIRES,2023,2,19.0,11.44842595566977,media_global,Baseline - media global,validacion_2023,11.945259810225021,media_global,0,False,-0.496833854555252,0.496833854555252
174,PUENTE ARANDA,2023,2,19.0,15.85411904098132,media_global,Baseline - media global,validacion_2023,11.945259810225021,media_global,0,False,3.908859230756299,3.908859230756299
176,RAFAEL URIBE URIBE,2023,2,19.0,11.04308618421832,media_global,Baseline - media global,validacion_2023,11.945259810225021,media_global,0,False,-0.9021736260067019,0.9021736260067019
162,SAN CRISTOBAL,2023,2,19.0,10.73217982153508,media_global,Baseline - media global,validacion_2023,11.945259810225021,media_global,0,False,-1.213079988689941,1.213079988689941
161,SANTA FE,2023,2,19.0,11.16844290657439,media_global,Baseline - media global,validacion_2023,11.945259810225021,media_global,0,False,-0.7768169036506318,0.7768169036506318
169,SUBA,2023,2,19.0,9.749494794856092,media_global,Baseline - media global,validacion_2023,11.945259810225021,media_global,0,False,-2.195765015368929,2.195765015368929
178,SUMAPAZ,2023,2,19.0,5.080645161290323,media_global,Baseline - media global,validacion_2023,11.945259810225021,media_global,0,False,-6.864614648934698,6.864614648934698
171,TEUSAQUILLO,2023,2,19.0,10.09007104438117,media_global,Baseline - media global,validacion_2023,11.945259810225021,media_global,0,False,-1.8551887658438506,1.8551887658438506
164,TUNJUELITO,2023,2,19.0,14.33483707198631,media_global,Baseline - media global,validacion_2023,11.945259810225021,media_global,0,False,2.389577261761289,2.389577261761289
159,USAQUEN,2023,2,19.0,10.42768113403312,media_global,Baseline - media global,validacion_2023,11.945259810225021,media_global,0,False,-1.517578676191901,1.517578676191901
163,USME,2023,2,19.0,10.01808766945953,media_global,Baseline - media global,validacion_2023,11.945259810225021,media_global,0,False,-1.9271721407654905,1.9271721407654905
273,ANTONIO NARINO,2023,3,20.0,10.77695931797786,media_global,Baseline - media global,validacion_2023,11.945259810225021,media_global,0,False,-1.1683004922471607,1.1683004922471607
270,BARRIOS UNIDOS,2023,3,20.0,11.60825010693894,media_global,Baseline - media global,validacion_2023,11.945259810225021,media_global,0,False,-0.33700970328608193,0.33700970328608193
265,BOSA,2023,3,20.0,9.447246813185536,media_global,Baseline - media global,validacion_2023,11.945259810225021,media_global,0,False,-2.498012997039485,2.498012997039485
260,CHAPINERO,2023,3,20.0,11.76137169278192,media_global,Baseline - media global,validacion_2023,11.945259810225021,media_global,0,False,-0.18388811744310196,0.18388811744310196
277,CIUDAD BOLIVAR,2023,3,20.0,10.867197717275,media_global,Baseline - media global,validacion_2023,11.945259810225021,media_global,0,False,-1.078062092950022,1.078062092950022
268,ENGATIVA,2023,3,20.0,9.97404824486094,media_global,Baseline - media global,validacion_2023,11.945259810225021,media_global,0,False,-1.9712115653640812,1.9712115653640812
267,FONTIBON,2023,3,20.0,13.06737653535289,media_global,Baseline - media global,validacion_2023,11.945259810225021,media_global,0,False,1.122116725127869,1.122116725127869
266,KENNEDY,2023,3,20.0,10.30499665899473,media_global,Baseline - media global,validacion_2023,11.945259810225021,media_global,0,False,-1.6402631512302914,1.6402631512302914
275,LA CANDELARIA,2023,3,20.0,17.6023265250913,media_global,Baseline - media global,validacion_2023,11.945259810225021,media_global,0,False,5.6570667148662785,5.6570667148662785
272,LOS MARTIRES,2023,3,20.0,11.58310333761232,media_global,Baseline - media global,validacion_2023,11.945259810225021,media_global,0,False,-0.36215647261270156,0.36215647261270156
274,PUENTE ARANDA,2023,3,20.0,16.01099451665878,media_global,Baseline - media global,validacion_2023,11.945259810225021,media_global,0,False,4.065734706433759,4.065734706433759
276,RAFAEL URIBE URIBE,2023,3,20.0,10.979721382264,media_global,Baseline - media global,validacion_2023,11.945259810225021,media_global,0,False,-0.9655384279610217,0.9655384279610217
262,SAN CRISTOBAL,2023,3,20.0,10.6591107897223,media_global,Baseline - media global,validacion_2023,11.945259810225021,media_global,0,False,-1.2861490205027213,1.2861490205027213
261,SANTA FE,2023,3,20.0,11.59601947623239,media_global,Baseline - media global,validacion_2023,11.945259810225021,media_global,0,False,-0.3492403339926309,0.3492403339926309
269,SUBA,2023,3,20.0,9.98837060756112,media_global,Baseline - media global,validacion_2023,11.945259810225021,media_global,0,False,-1.956889202663902,1.956889202663902
278,SUMAPAZ,2023,3,20.0,5.181818181818182,media_global,Baseline - media global,validacion_2023,11.945259810225021,media_global,0,False,-6.76344162840684,6.76344162840684
271,TEUSAQUILLO,2023,3,20.0,10.65687853691218,media_global,Baseline - media global,validacion_2023,11.945259810225021,media_global,0,False,-1.288381273312842,1.288381273312842
264,TUNJUELITO,2023,3,20.0,13.67030712023137,media_global,Baseline - media global,validacion_2023,11.945259810225021,media_global,0,False,1.7250473100063495,1.7250473100063495
259,USAQUEN,2023,3,20.0,10.47754541339297,media_global,Baseline - media global,validacion_2023,11.945259810225021,media_global,0,False,-1.4677143968320507,1.4677143968320507
263,USME,2023,3,20.0,10.11082705150107,media_global,Baseline - media global,validacion_2023,11.945259810225021,media_global,0,False,-1.8344327587239508,1.8344327587239508
373,ANTONIO NARINO,2023,4,21.0,10.81173484622275,media_global,Baseline - media global,validacion_2023,11.945259810225021,media_global,0,False,-1.1335249640022713,1.1335249640022713
370,BARRIOS UNIDOS,2023,4,21.0,11.40897530409141,media_global,Baseline - media global,validacion_2023,11.945259810225021,media_global,0,False,-0.5362845061336117,0.5362845061336117
365,BOSA,2023,4,21.0,9.437880300989363,media_global,Baseline - media global,validacion_2023,11.945259810225021,media_global,0,False,-2.5073795092356583,2.5073795092356583
360,CHAPINERO,2023,4,21.0,11.47616978643794,media_global,Baseline - media global,validacion_2023,11.945259810225021,media_global,0,False,-0.4690900237870821,0.4690900237870821
377,CIUDAD BOLIVAR,2023,4,21.0,10.87027855504672,media_global,Baseline - media global,validacion_2023,11.945259810225021,media_global,0,False,-1.074981255178301,1.074981255178301
368,ENGATIVA,2023,4,21.0,9.79637399058316,media_global,Baseline - media global,validacion_2023,11.945259810225021,media_global,0,False,-2.148885819641862,2.148885819641862
367,FONTIBON,2023,4,21.0,12.6959937779753,media_global,Baseline - media global,validacion_2023,11.945259810225021,media_global,0,False,0.7507339677502785,0.7507339677502785
366,KENNEDY,2023,4,21.0,10.33728399593404,media_global,Baseline - media global,validacion_2023,11.945259810225021,media_global,0,False,-1.607975814290981,1.607975814290981
375,LA CANDELARIA,2023,4,21.0,18.60550716493397,media_global,Baseline - media global,validacion_2023,11.945259810225021,media_global,0,False,6.66024735470895,6.66024735470895
372,LOS MARTIRES,2023,4,21.0,11.43276906800038,media_global,Baseline - media global,validacion_2023,11.945259810225021,media_global,0,False,-0.5124907422246405,0.5124907422246405
374,PUENTE ARANDA,2023,4,21.0,15.96159084907365,media_global,Baseline - media global,validacion_2023,11.945259810225021,media_global,0,False,4.016331038848628,4.016331038848628
376,RAFAEL URIBE URIBE,2023,4,21.0,11.00388019459586,media_global,Baseline - media global,validacion_2023,11.945259810225021,media_global,0,False,-0.9413796156291614,0.9413796156291614
362,SAN CRISTOBAL,2023,4,21.0,10.75269926775803,media_global,Baseline - media global,validacion_2023,11.945259810225021,media_global,0,False,-1.1925605424669907,1.1925605424669907
361,SANTA FE,2023,4,21.0,11.39934140987072,media_global,Baseline - media global,validacion_2023,11.945259810225021,media_global,0,False,-0.5459184003543012,0.5459184003543012
369,SUBA,2023,4,21.0,10.07288645903221,media_global,Baseline - media global,validacion_2023,11.945259810225021,media_global,0,False,-1.8723733511928113,1.8723733511928113
378,SUMAPAZ,2023,4,21.0,9.083333333333334,media_global,Baseline - media global,validacion_2023,11.945259810225021,media_global,0,False,-2.8619264768916874,2.8619264768916874
371,TEUSAQUILLO,2023,4,21.0,10.41867503960172,media_global,Baseline - media global,validacion_2023,11.945259810225021,media_global,0,False,-1.5265847706233018,1.5265847706233018
364,TUNJUELITO,2023,4,21.0,14.12656731192257,media_global,Baseline - media global,validacion_2023,11.945259810225021,media_global,0,False,2.181307501697548,2.181307501697548
359,USAQUEN,2023,4,21.0,10.52354937967924,media_global,Baseline - media global,validacion_2023,11.945259810225021,media_global,0,False,-1.4217104305457813,1.4217104305457813
363,USME,2023,4,21.0,10.14646404354885,media_global,Baseline - media global,validacion_2023,11.945259810225021,media_global,0,False,-1.7987957666761716,1.7987957666761716
472,ANTONIO NARINO,2023,5,22.0,11.13608101567445,media_global,Baseline - media global,validacion_2023,11.945259810225021,media_global,0,False,-0.8091787945505722,0.8091787945505722
469,BARRIOS UNIDOS,2023,5,22.0,11.49360545471298,media_global,Baseline - media global,validacion_2023,11.945259810225021,media_global,0,False,-0.4516543555120407,0.4516543555120407
464,BOSA,2023,5,22.0,9.491519440763396,media_global,Baseline - media global,validacion_2023,11.945259810225021,media_global,0,False,-2.4537403694616255,2.4537403694616255
459,CHAPINERO,2023,5,22.0,11.46628325532544,media_global,Baseline - media global,validacion_2023,11.945259810225021,media_global,0,False,-0.4789765548995817,0.4789765548995817
476,CIUDAD BOLIVAR,2023,5,22.0,10.95362032902642,media_global,Baseline - media global,validacion_2023,11.945259810225021,media_global,0,False,-0.991639481198602,0.991639481198602
467,ENGATIVA,2023,5,22.0,9.980215599239061,media_global,Baseline - media global,validacion_2023,11.945259810225021,media_global,0,False,-1.96504421098596,1.96504421098596
466,FONTIBON,2023,5,22.0,12.88904797967845,media_global,Baseline - media global,validacion_2023,11.945259810225021,media_global,0,False,0.9437881694534287,0.9437881694534287
465,KENNEDY,2023,5,22.0,10.34816171683365,media_global,Baseline - media global,validacion_2023,11.945259810225021,media_global,0,False,-1.5970980933913719,1.5970980933913719
474,LA CANDELARIA,2023,5,22.0,18.1728978656353,media_global,Baseline - media global,validacion_2023,11.945259810225021,media_global,0,False,6.227638055410278,6.227638055410278
471,LOS MARTIRES,2023,5,22.0,11.74312275914586,media_global,Baseline - media global,validacion_2023,11.945259810225021,media_global,0,False,-0.2021370510791609,0.2021370510791609
473,PUENTE ARANDA,2023,5,22.0,16.07896084837745,media_global,Baseline - media global,validacion_2023,11.945259810225021,media_global,0,False,4.133701038152427,4.133701038152427
475,RAFAEL URIBE URIBE,2023,5,22.0,11.18745317913662,media_global,Baseline - media global,validacion_2023,11.945259810225021,media_global,0,False,-0.7578066310884015,0.7578066310884015
461,SAN CRISTOBAL,2023,5,22.0,10.93105134474328,media_global,Baseline - media global,validacion_2023,11.945259810225021,media_global,0,False,-1.014208465481742,1.014208465481742
460,SANTA FE,2023,5,22.0,11.28117653344732,media_global,Baseline - media global,validacion_2023,11.945259810225021,media_global,0,False,-0.664083276777701,0.664083276777701
468,SUBA,2023,5,22.0,10.03291814946619,media_global,Baseline - media global,validacion_2023,11.945259810225021,media_global,0,False,-1.9123416607588322,1.9123416607588322
477,SUMAPAZ,2023,5,22.0,9.95,media_global,Baseline - media global,validacion_2023,11.945259810225021,media_global,0,False,-1.995259810225022,1.995259810225022
470,TEUSAQUILLO,2023,5,22.0,10.58629477459161,media_global,Baseline - media global,validacion_2023,11.945259810225021,media_global,0,False,-1.3589650356334122,1.3589650356334122
463,TUNJUELITO,2023,5,22.0,14.15792946092311,media_global,Baseline - media global,validacion_2023,11.945259810225021,media_global,0,False,2.212669650698089,2.212669650698089
458,USAQUEN,2023,5,22.0,10.76735891144323,media_global,Baseline - media global,validacion_2023,11.945259810225021,media_global,0,False,-1.1779008987817914,1.1779008987817914
462,USME,2023,5,22.0,10.16387636831938,media_global,Baseline - media global,validacion_2023,11.945259810225021,media_global,0,False,-1.781383441905641,1.781383441905641
571,ANTONIO NARINO,2023,6,23.0,10.93901078467832,media_global,Baseline - media global,validacion_2023,11.945259810225021,media_global,0,False,-1.0062490255467011,1.0062490255467011
568,BARRIOS UNIDOS,2023,6,23.0,11.43055504603984,media_global,Baseline - media global,validacion_2023,11.945259810225021,media_global,0,False,-0.514704764185181,0.514704764185181
563,BOSA,2023,6,23.0,9.826832018686964,media_global,Baseline - media global,validacion_2023,11.945259810225021,media_global,0,False,-2.118427791538057,2.118427791538057
558,CHAPINERO,2023,6,23.0,11.62868388260204,media_global,Baseline - media global,validacion_2023,11.945259810225021,media_global,0,False,-0.31657592762298137,0.31657592762298137
575,CIUDAD BOLIVAR,2023,6,23.0,10.80900925562847,media_global,Baseline - media global,validacion_2023,11.945259810225021,media_global,0,False,-1.1362505545965522,1.1362505545965522
566,ENGATIVA,2023,6,23.0,10.22233863750464,media_global,Baseline - media global,validacion_2023,11.945259810225021,media_global,0,False,-1.7229211727203815,1.7229211727203815
565,FONTIBON,2023,6,23.0,12.76184921318406,media_global,Baseline - media global,validacion_2023,11.945259810225021,media_global,0,False,0.816589402959039,0.816589402959039
564,KENNEDY,2023,6,23.0,10.32953066286809,media_global,Baseline - media global,validacion_2023,11.945259810225021,media_global,0,False,-1.615729147356932,1.615729147356932
573,LA CANDELARIA,2023,6,23.0,19.80398052691867,media_global,Baseline - media global,validacion_2023,11.945259810225021,media_global,0,False,7.85872071669365,7.85872071669365
570,LOS MARTIRES,2023,6,23.0,11.47327591666139,media_global,Baseline - media global,validacion_2023,11.945259810225021,media_global,0,False,-0.4719838935636318,0.4719838935636318
572,PUENTE ARANDA,2023,6,23.0,15.92770357368147,media_global,Baseline - media global,validacion_2023,11.945259810225021,media_global,0,False,3.9824437634564482,3.9824437634564482
574,RAFAEL URIBE URIBE,2023,6,23.0,11.19946681289449,media_global,Baseline - media global,validacion_2023,11.945259810225021,media_global,0,False,-0.7457929973305308,0.7457929973305308
560,SAN CRISTOBAL,2023,6,23.0,10.78657764876633,media_global,Baseline - media global,validacion_2023,11.945259810225021,media_global,0,False,-1.1586821614586906,1.1586821614586906
559,SANTA FE,2023,6,23.0,11.48887149830221,media_global,Baseline - media global,validacion_2023,11.945259810225021,media_global,0,False,-0.4563883119228116,0.4563883119228116
567,SUBA,2023,6,23.0,10.10813259418236,media_global,Baseline - media global,validacion_2023,11.945259810225021,media_global,0,False,-1.8371272160426617,1.8371272160426617
576,SUMAPAZ,2023,6,23.0,11.875,media_global,Baseline - media global,validacion_2023,11.945259810225021,media_global,0,False,-0.07025981022502137,0.07025981022502137
569,TEUSAQUILLO,2023,6,23.0,10.66302219091229,media_global,Baseline - media global,validacion_2023,11.945259810225021,media_global,0,False,-1.2822376193127312,1.2822376193127312
562,TUNJUELITO,2023,6,23.0,13.75391763347446,media_global,Baseline - media global,validacion_2023,11.945259810225021,media_global,0,False,1.8086578232494386,1.8086578232494386
557,USAQUEN,2023,6,23.0,10.48171086855034,media_global,Baseline - media global,validacion_2023,11.945259810225021,media_global,0,False,-1.4635489416746807,1.4635489416746807
561,USME,2023,6,23.0,10.16788260257969,media_global,Baseline - media global,validacion_2023,11.945259810225021,media_global,0,False,-1.7773772076453316,1.7773772076453316
73,ANTONIO NARINO,2023,1,18.0,11.06014204118443,media_localidad,Baseline - media por localidad,validacion_2023,10.872694490326872,media_localidad,0,False,0.1874475508575575,0.1874475508575575
70,BARRIOS UNIDOS,2023,1,18.0,11.57269909842224,media_localidad,Baseline - media por localidad,validacion_2023,11.115183323059647,media_localidad,0,False,0.4575157753625927,0.4575157753625927
65,BOSA,2023,1,18.0,9.448672003017908,media_localidad,Baseline - media por localidad,validacion_2023,9.594852762748822,media_localidad,0,False,-0.14618075973091393,0.14618075973091393
60,CHAPINERO,2023,1,18.0,11.23216002978068,media_localidad,Baseline - media por localidad,validacion_2023,10.199972897373462,media_localidad,0,False,1.032187132407218,1.032187132407218
77,CIUDAD BOLIVAR,2023,1,18.0,10.71280926675663,media_localidad,Baseline - media por localidad,validacion_2023,10.93719916483885,media_localidad,0,False,-0.22438989808222054,0.22438989808222054
68,ENGATIVA,2023,1,18.0,9.89227490961613,media_localidad,Baseline - media por localidad,validacion_2023,10.260406813773814,media_localidad,0,False,-0.3681319041576838,0.3681319041576838
67,FONTIBON,2023,1,18.0,12.70012685566555,media_localidad,Baseline - media por localidad,validacion_2023,12.948370331449757,media_localidad,0,False,-0.24824347578420713,0.24824347578420713
66,KENNEDY,2023,1,18.0,10.29594677119282,media_localidad,Baseline - media por localidad,validacion_2023,10.26659636326251,media_localidad,0,False,0.02935040793031085,0.02935040793031085
75,LA CANDELARIA,2023,1,18.0,17.4260941370768,media_localidad,Baseline - media por localidad,validacion_2023,16.21565961634569,media_localidad,0,False,1.2104345207311091,1.2104345207311091
72,LOS MARTIRES,2023,1,18.0,11.80253733740164,media_localidad,Baseline - media por localidad,validacion_2023,11.474557344802458,media_localidad,0,False,0.3279799925991824,0.3279799925991824
74,PUENTE ARANDA,2023,1,18.0,15.88136492467503,media_localidad,Baseline - media por localidad,validacion_2023,16.432316906714533,media_localidad,0,False,-0.5509519820395035,0.5509519820395035
76,RAFAEL URIBE URIBE,2023,1,18.0,10.99574917773899,media_localidad,Baseline - media por localidad,validacion_2023,11.41214790956139,media_localidad,0,False,-0.41639873182240095,0.41639873182240095
62,SAN CRISTOBAL,2023,1,18.0,10.62739700352595,media_localidad,Baseline - media por localidad,validacion_2023,11.135440194978477,media_localidad,0,False,-0.5080431914525274,0.5080431914525274
61,SANTA FE,2023,1,18.0,11.60306414423424,media_localidad,Baseline - media por localidad,validacion_2023,10.652682990229485,media_localidad,0,False,0.9503811540047558,0.9503811540047558
69,SUBA,2023,1,18.0,10.0467476219276,media_localidad,Baseline - media por localidad,validacion_2023,10.078209691050661,media_localidad,0,False,-0.03146206912306049,0.03146206912306049
78,SUMAPAZ,2023,1,18.0,15.58333333333333,media_localidad,Baseline - media por localidad,validacion_2023,20.60016680438416,media_localidad,0,False,-5.016833471050829,5.016833471050829
71,TEUSAQUILLO,2023,1,18.0,10.81353989446063,media_localidad,Baseline - media por localidad,validacion_2023,10.31233679336955,media_localidad,0,False,0.5012031010910807,0.5012031010910807
64,TUNJUELITO,2023,1,18.0,13.78760193503801,media_localidad,Baseline - media por localidad,validacion_2023,14.276369590317712,media_localidad,0,False,-0.4887676552797018,0.4887676552797018
59,USAQUEN,2023,1,18.0,10.46717660597035,media_localidad,Baseline - media por localidad,validacion_2023,10.428392723772745,media_localidad,0,False,0.038783882197604314,0.038783882197604314
63,USME,2023,1,18.0,10.0652579503599,media_localidad,Baseline - media por localidad,validacion_2023,10.172467658482025,media_localidad,0,False,-0.10720970812212549,0.10720970812212549
173,ANTONIO NARINO,2023,2,19.0,10.92744892613934,media_localidad,Baseline - media por localidad,validacion_2023,10.872694490326872,media_localidad,0,False,0.05475443581246786,0.05475443581246786
170,BARRIOS UNIDOS,2023,2,19.0,11.23380911403771,media_localidad,Baseline - media por localidad,validacion_2023,11.115183323059647,media_localidad,0,False,0.11862579097806325,0.11862579097806325
165,BOSA,2023,2,19.0,9.372122059193329,media_localidad,Baseline - media por localidad,validacion_2023,9.594852762748822,media_localidad,0,False,-0.2227307035554933,0.2227307035554933
160,CHAPINERO,2023,2,19.0,10.638779486968,media_localidad,Baseline - media por localidad,validacion_2023,10.199972897373462,media_localidad,0,False,0.4388065895945381,0.4388065895945381
177,CIUDAD BOLIVAR,2023,2,19.0,10.60093201223824,media_localidad,Baseline - media por localidad,validacion_2023,10.93719916483885,media_localidad,0,False,-0.3362671526006089,0.3362671526006089
168,ENGATIVA,2023,2,19.0,9.881097290684068,media_localidad,Baseline - media por localidad,validacion_2023,10.260406813773814,media_localidad,0,False,-0.37930952308974675,0.37930952308974675
167,FONTIBON,2023,2,19.0,12.38334651045784,media_localidad,Baseline - media por localidad,validacion_2023,12.948370331449757,media_localidad,0,False,-0.5650238209919163,0.5650238209919163
166,KENNEDY,2023,2,19.0,10.16132533875435,media_localidad,Baseline - media por localidad,validacion_2023,10.26659636326251,media_localidad,0,False,-0.10527102450815917,0.10527102450815917
175,LA CANDELARIA,2023,2,19.0,16.40878048780488,media_localidad,Baseline - media por localidad,validacion_2023,16.21565961634569,media_localidad,0,False,0.19312087145918966,0.19312087145918966
172,LOS MARTIRES,2023,2,19.0,11.44842595566977,media_localidad,Baseline - media por localidad,validacion_2023,11.474557344802458,media_localidad,0,False,-0.0261313891326882,0.0261313891326882
174,PUENTE ARANDA,2023,2,19.0,15.85411904098132,media_localidad,Baseline - media por localidad,validacion_2023,16.432316906714533,media_localidad,0,False,-0.5781978657332125,0.5781978657332125
176,RAFAEL URIBE URIBE,2023,2,19.0,11.04308618421832,media_localidad,Baseline - media por localidad,validacion_2023,11.41214790956139,media_localidad,0,False,-0.36906172534307125,0.36906172534307125
162,SAN CRISTOBAL,2023,2,19.0,10.73217982153508,media_localidad,Baseline - media por localidad,validacion_2023,11.135440194978477,media_localidad,0,False,-0.4032603734433966,0.4032603734433966
161,SANTA FE,2023,2,19.0,11.16844290657439,media_localidad,Baseline - media por localidad,validacion_2023,10.652682990229485,media_localidad,0,False,0.5157599163449049,0.5157599163449049
169,SUBA,2023,2,19.0,9.749494794856092,media_localidad,Baseline - media por localidad,validacion_2023,10.078209691050661,media_localidad,0,False,-0.32871489619456895,0.32871489619456895
178,SUMAPAZ,2023,2,19.0,5.080645161290323,media_localidad,Baseline - media por localidad,validacion_2023,20.60016680438416,media_localidad,0,False,-15.519521643093835,15.519521643093835
171,TEUSAQUILLO,2023,2,19.0,10.09007104438117,media_localidad,Baseline - media por localidad,validacion_2023,10.31233679336955,media_localidad,0,False,-0.22226574898837903,0.22226574898837903
164,TUNJUELITO,2023,2,19.0,14.33483707198631,media_localidad,Baseline - media por localidad,validacion_2023,14.276369590317712,media_localidad,0,False,0.05846748166859861,0.05846748166859861
159,USAQUEN,2023,2,19.0,10.42768113403312,media_localidad,Baseline - media por localidad,validacion_2023,10.428392723772745,media_localidad,0,False,-0.0007115897396250404,0.0007115897396250404
163,USME,2023,2,19.0,10.01808766945953,media_localidad,Baseline - media por localidad,validacion_2023,10.172467658482025,media_localidad,0,False,-0.1543799890224946,0.1543799890224946
273,ANTONIO NARINO,2023,3,20.0,10.77695931797786,media_localidad,Baseline - media por localidad,validacion_2023,10.872694490326872,media_localidad,0,False,-0.09573517234901097,0.09573517234901097
270,BARRIOS UNIDOS,2023,3,20.0,11.60825010693894,media_localidad,Baseline - media por localidad,validacion_2023,11.115183323059647,media_localidad,0,False,0.4930667838792928,0.4930667838792928
265,BOSA,2023,3,20.0,9.447246813185536,media_localidad,Baseline - media por localidad,validacion_2023,9.594852762748822,media_localidad,0,False,-0.14760594956328532,0.14760594956328532
260,CHAPINERO,2023,3,20.0,11.76137169278192,media_localidad,Baseline - media por localidad,validacion_2023,10.199972897373462,media_localidad,0,False,1.5613987954084578,1.5613987954084578
277,CIUDAD BOLIVAR,2023,3,20.0,10.867197717275,media_localidad,Baseline - media por localidad,validacion_2023,10.93719916483885,media_localidad,0,False,-0.0700014475638504,0.0700014475638504
268,ENGATIVA,2023,3,20.0,9.97404824486094,media_localidad,Baseline - media por localidad,validacion_2023,10.260406813773814,media_localidad,0,False,-0.28635856891287403,0.28635856891287403
267,FONTIBON,2023,3,20.0,13.06737653535289,media_localidad,Baseline - media por localidad,validacion_2023,12.948370331449757,media_localidad,0,False,0.11900620390313321,0.11900620390313321
266,KENNEDY,2023,3,20.0,10.30499665899473,media_localidad,Baseline - media por localidad,validacion_2023,10.26659636326251,media_localidad,0,False,0.03840029573222026,0.03840029573222026
275,LA CANDELARIA,2023,3,20.0,17.6023265250913,media_localidad,Baseline - media por localidad,validacion_2023,16.21565961634569,media_localidad,0,False,1.3866669087456103,1.3866669087456103
272,LOS MARTIRES,2023,3,20.0,11.58310333761232,media_localidad,Baseline - media por localidad,validacion_2023,11.474557344802458,media_localidad,0,False,0.10854599280986221,0.10854599280986221
274,PUENTE ARANDA,2023,3,20.0,16.01099451665878,media_localidad,Baseline - media por localidad,validacion_2023,16.432316906714533,media_localidad,0,False,-0.421322390055753,0.421322390055753
276,RAFAEL URIBE URIBE,2023,3,20.0,10.979721382264,media_localidad,Baseline - media por localidad,validacion_2023,11.41214790956139,media_localidad,0,False,-0.43242652729739106,0.43242652729739106
262,SAN CRISTOBAL,2023,3,20.0,10.6591107897223,media_localidad,Baseline - media por localidad,validacion_2023,11.135440194978477,media_localidad,0,False,-0.47632940525617684,0.47632940525617684
261,SANTA FE,2023,3,20.0,11.59601947623239,media_localidad,Baseline - media por localidad,validacion_2023,10.652682990229485,media_localidad,0,False,0.9433364860029059,0.9433364860029059
269,SUBA,2023,3,20.0,9.98837060756112,media_localidad,Baseline - media por localidad,validacion_2023,10.078209691050661,media_localidad,0,False,-0.08983908348954195,0.08983908348954195
278,SUMAPAZ,2023,3,20.0,5.181818181818182,media_localidad,Baseline - media por localidad,validacion_2023,20.60016680438416,media_localidad,0,False,-15.418348622565977,15.418348622565977
271,TEUSAQUILLO,2023,3,20.0,10.65687853691218,media_localidad,Baseline - media por localidad,validacion_2023,10.31233679336955,media_localidad,0,False,0.3445417435426297,0.3445417435426297
264,TUNJUELITO,2023,3,20.0,13.67030712023137,media_localidad,Baseline - media por localidad,validacion_2023,14.276369590317712,media_localidad,0,False,-0.6060624700863411,0.6060624700863411
259,USAQUEN,2023,3,20.0,10.47754541339297,media_localidad,Baseline - media por localidad,validacion_2023,10.428392723772745,media_localidad,0,False,0.04915268962022523,0.04915268962022523
263,USME,2023,3,20.0,10.11082705150107,media_localidad,Baseline - media por localidad,validacion_2023,10.172467658482025,media_localidad,0,False,-0.06164060698095497,0.06164060698095497
373,ANTONIO NARINO,2023,4,21.0,10.81173484622275,media_localidad,Baseline - media por localidad,validacion_2023,10.872694490326872,media_localidad,0,False,-0.06095964410412158,0.06095964410412158
370,BARRIOS UNIDOS,2023,4,21.0,11.40897530409141,media_localidad,Baseline - media por localidad,validacion_2023,11.115183323059647,media_localidad,0,False,0.29379198103176307,0.29379198103176307
365,BOSA,2023,4,21.0,9.437880300989363,media_localidad,Baseline - media por localidad,validacion_2023,9.594852762748822,media_localidad,0,False,-0.15697246175945878,0.15697246175945878
360,CHAPINERO,2023,4,21.0,11.47616978643794,media_localidad,Baseline - media por localidad,validacion_2023,10.199972897373462,media_localidad,0,False,1.2761968890644777,1.2761968890644777
377,CIUDAD BOLIVAR,2023,4,21.0,10.87027855504672,media_localidad,Baseline - media por localidad,validacion_2023,10.93719916483885,media_localidad,0,False,-0.06692060979212933,0.06692060979212933
368,ENGATIVA,2023,4,21.0,9.79637399058316,media_localidad,Baseline - media por localidad,validacion_2023,10.260406813773814,media_localidad,0,False,-0.46403282319065475,0.46403282319065475
367,FONTIBON,2023,4,21.0,12.6959937779753,media_localidad,Baseline - media por localidad,validacion_2023,12.948370331449757,media_localidad,0,False,-0.2523765534744573,0.2523765534744573
366,KENNEDY,2023,4,21.0,10.33728399593404,media_localidad,Baseline - media por localidad,validacion_2023,10.26659636326251,media_localidad,0,False,0.07068763267153066,0.07068763267153066
375,LA CANDELARIA,2023,4,21.0,18.60550716493397,media_localidad,Baseline - media por localidad,validacion_2023,16.21565961634569,media_localidad,0,False,2.389847548588282,2.389847548588282
372,LOS MARTIRES,2023,4,21.0,11.43276906800038,media_localidad,Baseline - media por localidad,validacion_2023,11.474557344802458,media_localidad,0,False,-0.04178827680207675,0.04178827680207675
374,PUENTE ARANDA,2023,4,21.0,15.96159084907365,media_localidad,Baseline - media por localidad,validacion_2023,16.432316906714533,media_localidad,0,False,-0.47072605764088316,0.47072605764088316
376,RAFAEL URIBE URIBE,2023,4,21.0,11.00388019459586,media_localidad,Baseline - media por localidad,validacion_2023,11.41214790956139,media_localidad,0,False,-0.4082677149655307,0.4082677149655307
362,SAN CRISTOBAL,2023,4,21.0,10.75269926775803,media_localidad,Baseline - media por localidad,validacion_2023,11.135440194978477,media_localidad,0,False,-0.3827409272204463,0.3827409272204463
361,SANTA FE,2023,4,21.0,11.39934140987072,media_localidad,Baseline - media por localidad,validacion_2023,10.652682990229485,media_localidad,0,False,0.7466584196412356,0.7466584196412356
369,SUBA,2023,4,21.0,10.07288645903221,media_localidad,Baseline - media por localidad,validacion_2023,10.078209691050661,media_localidad,0,False,-0.005323232018451307,0.005323232018451307
378,SUMAPAZ,2023,4,21.0,9.083333333333334,media_localidad,Baseline - media por localidad,validacion_2023,20.60016680438416,media_localidad,0,False,-11.516833471050825,11.516833471050825
371,TEUSAQUILLO,2023,4,21.0,10.41867503960172,media_localidad,Baseline - media por localidad,validacion_2023,10.31233679336955,media_localidad,0,False,0.10633824623216981,0.10633824623216981
364,TUNJUELITO,2023,4,21.0,14.12656731192257,media_localidad,Baseline - media por localidad,validacion_2023,14.276369590317712,media_localidad,0,False,-0.1498022783951427,0.1498022783951427
359,USAQUEN,2023,4,21.0,10.52354937967924,media_localidad,Baseline - media por localidad,validacion_2023,10.428392723772745,media_localidad,0,False,0.09515665590649469,0.09515665590649469
363,USME,2023,4,21.0,10.14646404354885,media_localidad,Baseline - media por localidad,validacion_2023,10.172467658482025,media_localidad,0,False,-0.02600361493317571,0.02600361493317571
472,ANTONIO NARINO,2023,5,22.0,11.13608101567445,media_localidad,Baseline - media por localidad,validacion_2023,10.872694490326872,media_localidad,0,False,0.26338652534757756,0.26338652534757756
469,BARRIOS UNIDOS,2023,5,22.0,11.49360545471298,media_localidad,Baseline - media por localidad,validacion_2023,11.115183323059647,media_localidad,0,False,0.37842213165333405,0.37842213165333405
464,BOSA,2023,5,22.0,9.491519440763396,media_localidad,Baseline - media por localidad,validacion_2023,9.594852762748822,media_localidad,0,False,-0.103333321985426,0.103333321985426
459,CHAPINERO,2023,5,22.0,11.46628325532544,media_localidad,Baseline - media por localidad,validacion_2023,10.199972897373462,media_localidad,0,False,1.266310357951978,1.266310357951978
476,CIUDAD BOLIVAR,2023,5,22.0,10.95362032902642,media_localidad,Baseline - media por localidad,validacion_2023,10.93719916483885,media_localidad,0,False,0.01642116418756956,0.01642116418756956
467,ENGATIVA,2023,5,22.0,9.980215599239061,media_localidad,Baseline - media por localidad,validacion_2023,10.260406813773814,media_localidad,0,False,-0.28019121453475293,0.28019121453475293
466,FONTIBON,2023,5,22.0,12.88904797967845,media_localidad,Baseline - media por localidad,validacion_2023,12.948370331449757,media_localidad,0,False,-0.05932235177130707,0.05932235177130707
465,KENNEDY,2023,5,22.0,10.34816171683365,media_localidad,Baseline - media por localidad,validacion_2023,10.26659636326251,media_localidad,0,False,0.08156535357113981,0.08156535357113981
474,LA CANDELARIA,2023,5,22.0,18.1728978656353,media_localidad,Baseline - media por localidad,validacion_2023,16.21565961634569,media_localidad,0,False,1.9572382492896097,1.9572382492896097
471,LOS MARTIRES,2023,5,22.0,11.74312275914586,media_localidad,Baseline - media por localidad,validacion_2023,11.474557344802458,media_localidad,0,False,0.26856541434340286,0.26856541434340286
473,PUENTE ARANDA,2023,5,22.0,16.07896084837745,media_localidad,Baseline - media por localidad,validacion_2023,16.432316906714533,media_localidad,0,False,-0.3533560583370843,0.3533560583370843
475,RAFAEL URIBE URIBE,2023,5,22.0,11.18745317913662,media_localidad,Baseline - media por localidad,validacion_2023,11.41214790956139,media_localidad,0,False,-0.22469473042477084,0.22469473042477084
461,SAN CRISTOBAL,2023,5,22.0,10.93105134474328,media_localidad,Baseline - media por localidad,validacion_2023,11.135440194978477,media_localidad,0,False,-0.2043888502351976,0.2043888502351976
460,SANTA FE,2023,5,22.0,11.28117653344732,media_localidad,Baseline - media por localidad,validacion_2023,10.652682990229485,media_localidad,0,False,0.6284935432178358,0.6284935432178358
468,SUBA,2023,5,22.0,10.03291814946619,media_localidad,Baseline - media por localidad,validacion_2023,10.078209691050661,media_localidad,0,False,-0.04529154158447213,0.04529154158447213
477,SUMAPAZ,2023,5,22.0,9.95,media_localidad,Baseline - media por localidad,validacion_2023,20.60016680438416,media_localidad,0,False,-10.65016680438416,10.65016680438416
470,TEUSAQUILLO,2023,5,22.0,10.58629477459161,media_localidad,Baseline - media por localidad,validacion_2023,10.31233679336955,media_localidad,0,False,0.2739579812220594,0.2739579812220594
463,TUNJUELITO,2023,5,22.0,14.15792946092311,media_localidad,Baseline - media por localidad,validacion_2023,14.276369590317712,media_localidad,0,False,-0.11844012939460136,0.11844012939460136
458,USAQUEN,2023,5,22.0,10.76735891144323,media_localidad,Baseline - media por localidad,validacion_2023,10.428392723772745,media_localidad,0,False,0.3389661876704846,0.3389661876704846
462,USME,2023,5,22.0,10.16387636831938,media_localidad,Baseline - media por localidad,validacion_2023,10.172467658482025,media_localidad,0,False,-0.008591290162645038,0.008591290162645038
571,ANTONIO NARINO,2023,6,23.0,10.93901078467832,media_localidad,Baseline - media por localidad,validacion_2023,10.872694490326872,media_localidad,0,False,0.06631629435144859,0.06631629435144859
568,BARRIOS UNIDOS,2023,6,23.0,11.43055504603984,media_localidad,Baseline - media por localidad,validacion_2023,11.115183323059647,media_localidad,0,False,0.3153717229801938,0.3153717229801938
563,BOSA,2023,6,23.0,9.826832018686964,media_localidad,Baseline - media por localidad,validacion_2023,9.594852762748822,media_localidad,0,False,0.23197925593814261,0.23197925593814261
558,CHAPINERO,2023,6,23.0,11.62868388260204,media_localidad,Baseline - media por localidad,validacion_2023,10.199972897373462,media_localidad,0,False,1.4287109852285784,1.4287109852285784
575,CIUDAD BOLIVAR,2023,6,23.0,10.80900925562847,media_localidad,Baseline - media por localidad,validacion_2023,10.93719916483885,media_localidad,0,False,-0.12818990921038065,0.12818990921038065
566,ENGATIVA,2023,6,23.0,10.22233863750464,media_localidad,Baseline - media por localidad,validacion_2023,10.260406813773814,media_localidad,0,False,-0.03806817626917436,0.03806817626917436
565,FONTIBON,2023,6,23.0,12.76184921318406,media_localidad,Baseline - media por localidad,validacion_2023,12.948370331449757,media_localidad,0,False,-0.18652111826569673,0.18652111826569673
564,KENNEDY,2023,6,23.0,10.32953066286809,media_localidad,Baseline - media por localidad,validacion_2023,10.26659636326251,media_localidad,0,False,0.06293429960557972,0.06293429960557972
573,LA CANDELARIA,2023,6,23.0,19.80398052691867,media_localidad,Baseline - media por localidad,validacion_2023,16.21565961634569,media_localidad,0,False,3.588320910572982,3.588320910572982
570,LOS MARTIRES,2023,6,23.0,11.47327591666139,media_localidad,Baseline - media por localidad,validacion_2023,11.474557344802458,media_localidad,0,False,-0.0012814281410680195,0.0012814281410680195
572,PUENTE ARANDA,2023,6,23.0,15.92770357368147,media_localidad,Baseline - media por localidad,validacion_2023,16.432316906714533,media_localidad,0,False,-0.5046133330330633,0.5046133330330633
574,RAFAEL URIBE URIBE,2023,6,23.0,11.19946681289449,media_localidad,Baseline - media por localidad,validacion_2023,11.41214790956139,media_localidad,0,False,-0.21268109666690016,0.21268109666690016
560,SAN CRISTOBAL,2023,6,23.0,10.78657764876633,media_localidad,Baseline - media por localidad,validacion_2023,11.135440194978477,media_localidad,0,False,-0.3488625462121462,0.3488625462121462
559,SANTA FE,2023,6,23.0,11.48887149830221,media_localidad,Baseline - media por localidad,validacion_2023,10.652682990229485,media_localidad,0,False,0.8361885080727252,0.8361885080727252
567,SUBA,2023,6,23.0,10.10813259418236,media_localidad,Baseline - media por localidad,validacion_2023,10.078209691050661,media_localidad,0,False,0.02992290313169832,0.02992290313169832
576,SUMAPAZ,2023,6,23.0,11.875,media_localidad,Baseline - media por localidad,validacion_2023,20.60016680438416,media_localidad,0,False,-8.725166804384159,8.725166804384159
569,TEUSAQUILLO,2023,6,23.0,10.66302219091229,media_localidad,Baseline - media por localidad,validacion_2023,10.31233679336955,media_localidad,0,False,0.3506853975427404,0.3506853975427404
562,TUNJUELITO,2023,6,23.0,13.75391763347446,media_localidad,Baseline - media por localidad,validacion_2023,14.276369590317712,media_localidad,0,False,-0.522451956843252,0.522451956843252
557,USAQUEN,2023,6,23.0,10.48171086855034,media_localidad,Baseline - media por localidad,validacion_2023,10.428392723772745,media_localidad,0,False,0.05331814477759522,0.05331814477759522
561,USME,2023,6,23.0,10.16788260257969,media_localidad,Baseline - media por localidad,validacion_2023,10.172467658482025,media_localidad,0,False,-0.004585055902335711,0.004585055902335711
73,ANTONIO NARINO,2023,1,18.0,11.06014204118443,media_localidad_bimestre,Baseline - media localidad-bimestre,validacion_2023,11.303530206831994,media_localidad_bimestre,0,False,-0.2433881656475645,0.2433881656475645
70,BARRIOS UNIDOS,2023,1,18.0,11.57269909842224,media_localidad_bimestre,Baseline - media localidad-bimestre,validacion_2023,11.335044972856776,media_localidad_bimestre,0,False,0.23765412556546295,0.23765412556546295
65,BOSA,2023,1,18.0,9.448672003017908,media_localidad_bimestre,Baseline - media localidad-bimestre,validacion_2023,9.714172417108118,media_localidad_bimestre,0,False,-0.2655004140902104,0.2655004140902104
60,CHAPINERO,2023,1,18.0,11.23216002978068,media_localidad_bimestre,Baseline - media localidad-bimestre,validacion_2023,10.798687331938295,media_localidad_bimestre,0,False,0.43347269784238485,0.43347269784238485
77,CIUDAD BOLIVAR,2023,1,18.0,10.71280926675663,media_localidad_bimestre,Baseline - media localidad-bimestre,validacion_2023,11.034027395295018,media_localidad_bimestre,0,False,-0.3212181285383888,0.3212181285383888
68,ENGATIVA,2023,1,18.0,9.89227490961613,media_localidad_bimestre,Baseline - media localidad-bimestre,validacion_2023,10.5274729618425,media_localidad_bimestre,0,False,-0.6351980522263698,0.6351980522263698
67,FONTIBON,2023,1,18.0,12.70012685566555,media_localidad_bimestre,Baseline - media localidad-bimestre,validacion_2023,13.5503535248031,media_localidad_bimestre,0,False,-0.85022666913755,0.85022666913755
66,KENNEDY,2023,1,18.0,10.29594677119282,media_localidad_bimestre,Baseline - media localidad-bimestre,validacion_2023,10.41027402959457,media_localidad_bimestre,0,False,-0.11432725840174918,0.11432725840174918
75,LA CANDELARIA,2023,1,18.0,17.4260941370768,media_localidad_bimestre,Baseline - media localidad-bimestre,validacion_2023,16.878111429352057,media_localidad_bimestre,0,False,0.5479827077247421,0.5479827077247421
72,LOS MARTIRES,2023,1,18.0,11.80253733740164,media_localidad_bimestre,Baseline - media localidad-bimestre,validacion_2023,12.187446975588436,media_localidad_bimestre,0,False,-0.38490963818679624,0.38490963818679624
74,PUENTE ARANDA,2023,1,18.0,15.88136492467503,media_localidad_bimestre,Baseline - media localidad-bimestre,validacion_2023,17.248009120395853,media_localidad_bimestre,0,False,-1.3666441957208235,1.3666441957208235
76,RAFAEL URIBE URIBE,2023,1,18.0,10.99574917773899,media_localidad_bimestre,Baseline - media localidad-bimestre,validacion_2023,11.59586034718331,media_localidad_bimestre,0,False,-0.60011116944432,0.60011116944432
62,SAN CRISTOBAL,2023,1,18.0,10.62739700352595,media_localidad_bimestre,Baseline - media localidad-bimestre,validacion_2023,11.135091943162346,media_localidad_bimestre,0,False,-0.5076949396363961,0.5076949396363961
61,SANTA FE,2023,1,18.0,11.60306414423424,media_localidad_bimestre,Baseline - media localidad-bimestre,validacion_2023,11.178575017400055,media_localidad_bimestre,0,False,0.42448912683418527,0.42448912683418527
69,SUBA,2023,1,18.0,10.0467476219276,media_localidad_bimestre,Baseline - media localidad-bimestre,validacion_2023,10.220611296370887,media_localidad_bimestre,0,False,-0.173863674443286,0.173863674443286
78,SUMAPAZ,2023,1,18.0,15.58333333333333,media_localidad_bimestre,Baseline - media localidad-bimestre,validacion_2023,25.68665158371041,media_localidad_bimestre,0,False,-10.10331825037708,10.10331825037708
71,TEUSAQUILLO,2023,1,18.0,10.81353989446063,media_localidad_bimestre,Baseline - media localidad-bimestre,validacion_2023,10.798225609375038,media_localidad_bimestre,0,False,0.015314285085592516,0.015314285085592516
64,TUNJUELITO,2023,1,18.0,13.78760193503801,media_localidad_bimestre,Baseline - media localidad-bimestre,validacion_2023,14.574307625912267,media_localidad_bimestre,0,False,-0.7867056908742569,0.7867056908742569
59,USAQUEN,2023,1,18.0,10.46717660597035,media_localidad_bimestre,Baseline - media localidad-bimestre,validacion_2023,10.65098297361832,media_localidad_bimestre,0,False,-0.18380636764796954,0.18380636764796954
63,USME,2023,1,18.0,10.0652579503599,media_localidad_bimestre,Baseline - media localidad-bimestre,validacion_2023,10.197544302704193,media_localidad_bimestre,0,False,-0.13228635234429298,0.13228635234429298
173,ANTONIO NARINO,2023,2,19.0,10.92744892613934,media_localidad_bimestre,Baseline - media localidad-bimestre,validacion_2023,11.17095765594226,media_localidad_bimestre,0,False,-0.2435087298029206,0.2435087298029206
170,BARRIOS UNIDOS,2023,2,19.0,11.23380911403771,media_localidad_bimestre,Baseline - media localidad-bimestre,validacion_2023,11.043595711172253,media_localidad_bimestre,0,False,0.19021340286545652,0.19021340286545652
165,BOSA,2023,2,19.0,9.372122059193329,media_localidad_bimestre,Baseline - media localidad-bimestre,validacion_2023,9.52738560734924,media_localidad_bimestre,0,False,-0.15526354815591148,0.15526354815591148
160,CHAPINERO,2023,2,19.0,10.638779486968,media_localidad_bimestre,Baseline - media localidad-bimestre,validacion_2023,10.140642976880285,media_localidad_bimestre,0,False,0.49813651008771487,0.49813651008771487
177,CIUDAD BOLIVAR,2023,2,19.0,10.60093201223824,media_localidad_bimestre,Baseline - media localidad-bimestre,validacion_2023,10.912202408489833,media_localidad_bimestre,0,False,-0.3112703962515919,0.3112703962515919
168,ENGATIVA,2023,2,19.0,9.881097290684068,media_localidad_bimestre,Baseline - media localidad-bimestre,validacion_2023,10.261329943140682,media_localidad_bimestre,0,False,-0.3802326524566144,0.3802326524566144
167,FONTIBON,2023,2,19.0,12.38334651045784,media_localidad_bimestre,Baseline - media localidad-bimestre,validacion_2023,13.095823754025576,media_localidad_bimestre,0,False,-0.7124772435677347,0.7124772435677347
166,KENNEDY,2023,2,19.0,10.16132533875435,media_localidad_bimestre,Baseline - media localidad-bimestre,validacion_2023,10.262275593572838,media_localidad_bimestre,0,False,-0.1009502548184873,0.1009502548184873
175,LA CANDELARIA,2023,2,19.0,16.40878048780488,media_localidad_bimestre,Baseline - media localidad-bimestre,validacion_2023,16.747655579303828,media_localidad_bimestre,0,False,-0.3388750914989487,0.3388750914989487
172,LOS MARTIRES,2023,2,19.0,11.44842595566977,media_localidad_bimestre,Baseline - media localidad-bimestre,validacion_2023,11.679272404855853,media_localidad_bimestre,0,False,-0.23084644918608355,0.23084644918608355
174,PUENTE ARANDA,2023,2,19.0,15.85411904098132,media_localidad_bimestre,Baseline - media localidad-bimestre,validacion_2023,16.883613024907998,media_localidad_bimestre,0,False,-1.0294939839266775,1.0294939839266775
176,RAFAEL URIBE URIBE,2023,2,19.0,11.04308618421832,media_localidad_bimestre,Baseline - media localidad-bimestre,validacion_2023,11.52693043864578,media_localidad_bimestre,0,False,-0.48384425442745993,0.48384425442745993
162,SAN CRISTOBAL,2023,2,19.0,10.73217982153508,media_localidad_bimestre,Baseline - media localidad-bimestre,validacion_2023,11.314289271805064,media_localidad_bimestre,0,False,-0.582109450269984,0.582109450269984
161,SANTA FE,2023,2,19.0,11.16844290657439,media_localidad_bimestre,Baseline - media localidad-bimestre,validacion_2023,11.052267187463121,media_localidad_bimestre,0,False,0.11617571911126845,0.11617571911126845
169,SUBA,2023,2,19.0,9.749494794856092,media_localidad_bimestre,Baseline - media localidad-bimestre,validacion_2023,9.866480157757913,media_localidad_bimestre,0,False,-0.11698536290182027,0.11698536290182027
178,SUMAPAZ,2023,2,19.0,5.080645161290323,media_localidad_bimestre,Baseline - media localidad-bimestre,validacion_2023,26.38937621832359,media_localidad_bimestre,0,False,-21.308731057033267,21.308731057033267
171,TEUSAQUILLO,2023,2,19.0,10.09007104438117,media_localidad_bimestre,Baseline - media localidad-bimestre,validacion_2023,10.206813688643438,media_localidad_bimestre,0,False,-0.11674264426226699,0.11674264426226699
164,TUNJUELITO,2023,2,19.0,14.33483707198631,media_localidad_bimestre,Baseline - media localidad-bimestre,validacion_2023,14.393138541508243,media_localidad_bimestre,0,False,-0.0583014695219326,0.0583014695219326
159,USAQUEN,2023,2,19.0,10.42768113403312,media_localidad_bimestre,Baseline - media localidad-bimestre,validacion_2023,10.295362213396686,media_localidad_bimestre,0,False,0.13231892063643436,0.13231892063643436
163,USME,2023,2,19.0,10.01808766945953,media_localidad_bimestre,Baseline - media localidad-bimestre,validacion_2023,10.233794591507769,media_localidad_bimestre,0,False,-0.21570692204823771,0.21570692204823771
273,ANTONIO NARINO,2023,3,20.0,10.77695931797786,media_localidad_bimestre,Baseline - media localidad-bimestre,validacion_2023,11.032607384921684,media_localidad_bimestre,0,False,-0.2556480669438237,0.2556480669438237
270,BARRIOS UNIDOS,2023,3,20.0,11.60825010693894,media_localidad_bimestre,Baseline - media localidad-bimestre,validacion_2023,11.314105849319304,media_localidad_bimestre,0,False,0.29414425761963514,0.29414425761963514
265,BOSA,2023,3,20.0,9.447246813185536,media_localidad_bimestre,Baseline - media localidad-bimestre,validacion_2023,9.603169231339692,media_localidad_bimestre,0,False,-0.1559224181541552,0.1559224181541552
260,CHAPINERO,2023,3,20.0,11.76137169278192,media_localidad_bimestre,Baseline - media localidad-bimestre,validacion_2023,10.573092057390392,media_localidad_bimestre,0,False,1.1882796353915275,1.1882796353915275
277,CIUDAD BOLIVAR,2023,3,20.0,10.867197717275,media_localidad_bimestre,Baseline - media localidad-bimestre,validacion_2023,11.019802912644813,media_localidad_bimestre,0,False,-0.15260519536981398,0.15260519536981398
268,ENGATIVA,2023,3,20.0,9.97404824486094,media_localidad_bimestre,Baseline - media localidad-bimestre,validacion_2023,10.34015732702114,media_localidad_bimestre,0,False,-0.3661090821602002,0.3661090821602002
267,FONTIBON,2023,3,20.0,13.06737653535289,media_localidad_bimestre,Baseline - media localidad-bimestre,validacion_2023,13.487394974954816,media_localidad_bimestre,0,False,-0.4200184396019253,0.4200184396019253
266,KENNEDY,2023,3,20.0,10.30499665899473,media_localidad_bimestre,Baseline - media localidad-bimestre,validacion_2023,10.426398962958997,media_localidad_bimestre,0,False,-0.12140230396426688,0.12140230396426688
275,LA CANDELARIA,2023,3,20.0,17.6023265250913,media_localidad_bimestre,Baseline - media localidad-bimestre,validacion_2023,18.272154580906697,media_localidad_bimestre,0,False,-0.6698280558153975,0.6698280558153975
272,LOS MARTIRES,2023,3,20.0,11.58310333761232,media_localidad_bimestre,Baseline - media localidad-bimestre,validacion_2023,11.651679469455033,media_localidad_bimestre,0,False,-0.06857613184271294,0.06857613184271294
274,PUENTE ARANDA,2023,3,20.0,16.01099451665878,media_localidad_bimestre,Baseline - media localidad-bimestre,validacion_2023,17.128171933665588,media_localidad_bimestre,0,False,-1.1171774170068076,1.1171774170068076
276,RAFAEL URIBE URIBE,2023,3,20.0,10.979721382264,media_localidad_bimestre,Baseline - media localidad-bimestre,validacion_2023,11.669134600902034,media_localidad_bimestre,0,False,-0.689413218638034,0.689413218638034
262,SAN CRISTOBAL,2023,3,20.0,10.6591107897223,media_localidad_bimestre,Baseline - media localidad-bimestre,validacion_2023,11.312233732653548,media_localidad_bimestre,0,False,-0.6531229429312475,0.6531229429312475
261,SANTA FE,2023,3,20.0,11.59601947623239,media_localidad_bimestre,Baseline - media localidad-bimestre,validacion_2023,11.147721303329341,media_localidad_bimestre,0,False,0.4482981729030495,0.4482981729030495
269,SUBA,2023,3,20.0,9.98837060756112,media_localidad_bimestre,Baseline - media localidad-bimestre,validacion_2023,10.128273449225867,media_localidad_bimestre,0,False,-0.13990284166474787,0.13990284166474787
278,SUMAPAZ,2023,3,20.0,5.181818181818182,media_localidad_bimestre,Baseline - media localidad-bimestre,validacion_2023,21.222017973856207,media_localidad_bimestre,0,False,-16.040199792038024,16.040199792038024
271,TEUSAQUILLO,2023,3,20.0,10.65687853691218,media_localidad_bimestre,Baseline - media localidad-bimestre,validacion_2023,10.713728256043963,media_localidad_bimestre,0,False,-0.05684971913178316,0.05684971913178316
264,TUNJUELITO,2023,3,20.0,13.67030712023137,media_localidad_bimestre,Baseline - media localidad-bimestre,validacion_2023,14.852639043825597,media_localidad_bimestre,0,False,-1.1823319235942265,1.1823319235942265
259,USAQUEN,2023,3,20.0,10.47754541339297,media_localidad_bimestre,Baseline - media localidad-bimestre,validacion_2023,10.611293395354691,media_localidad_bimestre,0,False,-0.13374798196172044,0.13374798196172044
263,USME,2023,3,20.0,10.11082705150107,media_localidad_bimestre,Baseline - media localidad-bimestre,validacion_2023,10.201360920856173,media_localidad_bimestre,0,False,-0.09053386935510233,0.09053386935510233
373,ANTONIO NARINO,2023,4,21.0,10.81173484622275,media_localidad_bimestre,Baseline - media localidad-bimestre,validacion_2023,10.483461497298315,media_localidad_bimestre,0,False,0.3282733489244354,0.3282733489244354
370,BARRIOS UNIDOS,2023,4,21.0,11.40897530409141,media_localidad_bimestre,Baseline - media localidad-bimestre,validacion_2023,10.843806850836776,media_localidad_bimestre,0,False,0.5651684532546337,0.5651684532546337
365,BOSA,2023,4,21.0,9.437880300989363,media_localidad_bimestre,Baseline - media localidad-bimestre,validacion_2023,9.582193952318109,media_localidad_bimestre,0,False,-0.14431365132874596,0.14431365132874596
360,CHAPINERO,2023,4,21.0,11.47616978643794,media_localidad_bimestre,Baseline - media localidad-bimestre,validacion_2023,9.67987729130848,media_localidad_bimestre,0,False,1.7962924951294585,1.7962924951294585
377,CIUDAD BOLIVAR,2023,4,21.0,10.87027855504672,media_localidad_bimestre,Baseline - media localidad-bimestre,validacion_2023,10.920279917663647,media_localidad_bimestre,0,False,-0.05000136261692667,0.05000136261692667
368,ENGATIVA,2023,4,21.0,9.79637399058316,media_localidad_bimestre,Baseline - media localidad-bimestre,validacion_2023,10.090235434132413,media_localidad_bimestre,0,False,-0.2938614435492539,0.2938614435492539
367,FONTIBON,2023,4,21.0,12.6959937779753,media_localidad_bimestre,Baseline - media localidad-bimestre,validacion_2023,12.27518680788206,media_localidad_bimestre,0,False,0.4208069700932402,0.4208069700932402
366,KENNEDY,2023,4,21.0,10.33728399593404,media_localidad_bimestre,Baseline - media localidad-bimestre,validacion_2023,10.033525885121618,media_localidad_bimestre,0,False,0.30375811081242254,0.30375811081242254
375,LA CANDELARIA,2023,4,21.0,18.60550716493397,media_localidad_bimestre,Baseline - media localidad-bimestre,validacion_2023,14.95616497952347,media_localidad_bimestre,0,False,3.649342185410502,3.649342185410502
372,LOS MARTIRES,2023,4,21.0,11.43276906800038,media_localidad_bimestre,Baseline - media localidad-bimestre,validacion_2023,10.831611064690259,media_localidad_bimestre,0,False,0.6011580033101218,0.6011580033101218
374,PUENTE ARANDA,2023,4,21.0,15.96159084907365,media_localidad_bimestre,Baseline - media localidad-bimestre,validacion_2023,15.54320941430496,media_localidad_bimestre,0,False,0.4183814347686905,0.4183814347686905
376,RAFAEL URIBE URIBE,2023,4,21.0,11.00388019459586,media_localidad_bimestre,Baseline - media localidad-bimestre,validacion_2023,11.276333982345726,media_localidad_bimestre,0,False,-0.27245378774986584,0.27245378774986584
362,SAN CRISTOBAL,2023,4,21.0,10.75269926775803,media_localidad_bimestre,Baseline - media localidad-bimestre,validacion_2023,11.051330410117345,media_localidad_bimestre,0,False,-0.298631142359314,0.298631142359314
361,SANTA FE,2023,4,21.0,11.39934140987072,media_localidad_bimestre,Baseline - media localidad-bimestre,validacion_2023,10.103942775760354,media_localidad_bimestre,0,False,1.2953986341103665,1.2953986341103665
369,SUBA,2023,4,21.0,10.07288645903221,media_localidad_bimestre,Baseline - media localidad-bimestre,validacion_2023,10.13226742523014,media_localidad_bimestre,0,False,-0.05938096619792965,0.05938096619792965
378,SUMAPAZ,2023,4,21.0,9.083333333333334,media_localidad_bimestre,Baseline - media localidad-bimestre,validacion_2023,11.92795985060691,media_localidad_bimestre,0,False,-2.8446265172735767,2.8446265172735767
371,TEUSAQUILLO,2023,4,21.0,10.41867503960172,media_localidad_bimestre,Baseline - media localidad-bimestre,validacion_2023,9.930081376699496,media_localidad_bimestre,0,False,0.4885936629022236,0.4885936629022236
364,TUNJUELITO,2023,4,21.0,14.12656731192257,media_localidad_bimestre,Baseline - media localidad-bimestre,validacion_2023,13.930897262902173,media_localidad_bimestre,0,False,0.19567004902039642,0.19567004902039642
359,USAQUEN,2023,4,21.0,10.52354937967924,media_localidad_bimestre,Baseline - media localidad-bimestre,validacion_2023,10.273927626347659,media_localidad_bimestre,0,False,0.24962175333158143,0.24962175333158143
363,USME,2023,4,21.0,10.14646404354885,media_localidad_bimestre,Baseline - media localidad-bimestre,validacion_2023,10.15212784481856,media_localidad_bimestre,0,False,-0.0056638012697103335,0.0056638012697103335
472,ANTONIO NARINO,2023,5,22.0,11.13608101567445,media_localidad_bimestre,Baseline - media localidad-bimestre,validacion_2023,10.515256658220437,media_localidad_bimestre,0,False,0.620824357454012,0.620824357454012
469,BARRIOS UNIDOS,2023,5,22.0,11.49360545471298,media_localidad_bimestre,Baseline - media localidad-bimestre,validacion_2023,10.874312050655497,media_localidad_bimestre,0,False,0.6192934040574833,0.6192934040574833
464,BOSA,2023,5,22.0,9.491519440763396,media_localidad_bimestre,Baseline - media localidad-bimestre,validacion_2023,9.474889810557007,media_localidad_bimestre,0,False,0.016629630206388413,0.016629630206388413
459,CHAPINERO,2023,5,22.0,11.46628325532544,media_localidad_bimestre,Baseline - media localidad-bimestre,validacion_2023,9.617152195781568,media_localidad_bimestre,0,False,1.849131059543872,1.849131059543872
476,CIUDAD BOLIVAR,2023,5,22.0,10.95362032902642,media_localidad_bimestre,Baseline - media localidad-bimestre,validacion_2023,10.777463115867043,media_localidad_bimestre,0,False,0.17615721315937627,0.17615721315937627
467,ENGATIVA,2023,5,22.0,9.980215599239061,media_localidad_bimestre,Baseline - media localidad-bimestre,validacion_2023,10.115730669478427,media_localidad_bimestre,0,False,-0.13551507023936615,0.13551507023936615
466,FONTIBON,2023,5,22.0,12.88904797967845,media_localidad_bimestre,Baseline - media localidad-bimestre,validacion_2023,12.47036322206015,media_localidad_bimestre,0,False,0.4186847576182995,0.4186847576182995
465,KENNEDY,2023,5,22.0,10.34816171683365,media_localidad_bimestre,Baseline - media localidad-bimestre,validacion_2023,10.04289758456574,media_localidad_bimestre,0,False,0.3052641322679097,0.3052641322679097
474,LA CANDELARIA,2023,5,22.0,18.1728978656353,media_localidad_bimestre,Baseline - media localidad-bimestre,validacion_2023,14.896883962581926,media_localidad_bimestre,0,False,3.2760139030533733,3.2760139030533733
471,LOS MARTIRES,2023,5,22.0,11.74312275914586,media_localidad_bimestre,Baseline - media localidad-bimestre,validacion_2023,11.033103019330637,media_localidad_bimestre,0,False,0.7100197398152233,0.7100197398152233
473,PUENTE ARANDA,2023,5,22.0,16.07896084837745,media_localidad_bimestre,Baseline - media localidad-bimestre,validacion_2023,15.682947442751527,media_localidad_bimestre,0,False,0.39601340562592213,0.39601340562592213
475,RAFAEL URIBE URIBE,2023,5,22.0,11.18745317913662,media_localidad_bimestre,Baseline - media localidad-bimestre,validacion_2023,11.116285136718353,media_localidad_bimestre,0,False,0.07116804241826635,0.07116804241826635
461,SAN CRISTOBAL,2023,5,22.0,10.93105134474328,media_localidad_bimestre,Baseline - media localidad-bimestre,validacion_2023,10.876573249463254,media_localidad_bimestre,0,False,0.05447809528002523,0.05447809528002523
460,SANTA FE,2023,5,22.0,11.28117653344732,media_localidad_bimestre,Baseline - media localidad-bimestre,validacion_2023,10.047996707555336,media_localidad_bimestre,0,False,1.233179825891984,1.233179825891984
468,SUBA,2023,5,22.0,10.03291814946619,media_localidad_bimestre,Baseline - media localidad-bimestre,validacion_2023,9.910587982551547,media_localidad_bimestre,0,False,0.12233016691464194,0.12233016691464194
477,SUMAPAZ,2023,5,22.0,9.95,media_localidad_bimestre,Baseline - media localidad-bimestre,validacion_2023,15.292326546003016,media_localidad_bimestre,0,False,-5.342326546003017,5.342326546003017
470,TEUSAQUILLO,2023,5,22.0,10.58629477459161,media_localidad_bimestre,Baseline - media localidad-bimestre,validacion_2023,9.96223415588472,media_localidad_bimestre,0,False,0.6240606187068884,0.6240606187068884
463,TUNJUELITO,2023,5,22.0,14.15792946092311,media_localidad_bimestre,Baseline - media localidad-bimestre,validacion_2023,13.754423849129603,media_localidad_bimestre,0,False,0.4035056117935074,0.4035056117935074
458,USAQUEN,2023,5,22.0,10.76735891144323,media_localidad_bimestre,Baseline - media localidad-bimestre,validacion_2023,10.328503654119004,media_localidad_bimestre,0,False,0.43885525732422614,0.43885525732422614
462,USME,2023,5,22.0,10.16387636831938,media_localidad_bimestre,Baseline - media localidad-bimestre,validacion_2023,10.108325845253026,media_localidad_bimestre,0,False,0.055550523066354884,0.055550523066354884
571,ANTONIO NARINO,2023,6,23.0,10.93901078467832,media_localidad_bimestre,Baseline - media localidad-bimestre,validacion_2023,10.730353538746536,media_localidad_bimestre,0,False,0.20865724593178392,0.20865724593178392
568,BARRIOS UNIDOS,2023,6,23.0,11.43055504603984,media_localidad_bimestre,Baseline - media localidad-bimestre,validacion_2023,11.280234503517269,media_localidad_bimestre,0,False,0.15032054252257154,0.15032054252257154
563,BOSA,2023,6,23.0,9.826832018686964,media_localidad_bimestre,Baseline - media localidad-bimestre,validacion_2023,9.66730555782076,media_localidad_bimestre,0,False,0.15952646086620526,0.15952646086620526
558,CHAPINERO,2023,6,23.0,11.62868388260204,media_localidad_bimestre,Baseline - media localidad-bimestre,validacion_2023,10.390385530941748,media_localidad_bimestre,0,False,1.2382983516602923,1.2382983516602923
575,CIUDAD BOLIVAR,2023,6,23.0,10.80900925562847,media_localidad_bimestre,Baseline - media localidad-bimestre,validacion_2023,10.959419239072744,media_localidad_bimestre,0,False,-0.15040998344427514,0.15040998344427514
566,ENGATIVA,2023,6,23.0,10.22233863750464,media_localidad_bimestre,Baseline - media localidad-bimestre,validacion_2023,10.22751454702772,media_localidad_bimestre,0,False,-0.005175909523080335,0.005175909523080335
565,FONTIBON,2023,6,23.0,12.76184921318406,media_localidad_bimestre,Baseline - media localidad-bimestre,validacion_2023,12.81109970497284,media_localidad_bimestre,0,False,-0.04925049178877927,0.04925049178877927
564,KENNEDY,2023,6,23.0,10.32953066286809,media_localidad_bimestre,Baseline - media localidad-bimestre,validacion_2023,10.4242061237613,media_localidad_bimestre,0,False,-0.09467546089321033,0.09467546089321033
573,LA CANDELARIA,2023,6,23.0,19.80398052691867,media_localidad_bimestre,Baseline - media localidad-bimestre,validacion_2023,15.542987166406158,media_localidad_bimestre,0,False,4.260993360512513,4.260993360512513
570,LOS MARTIRES,2023,6,23.0,11.47327591666139,media_localidad_bimestre,Baseline - media localidad-bimestre,validacion_2023,11.464231134894533,media_localidad_bimestre,0,False,0.009044781766856858,0.009044781766856858
572,PUENTE ARANDA,2023,6,23.0,15.92770357368147,media_localidad_bimestre,Baseline - media localidad-bimestre,validacion_2023,16.10795050426127,media_localidad_bimestre,0,False,-0.180246930579802,0.180246930579802
574,RAFAEL URIBE URIBE,2023,6,23.0,11.19946681289449,media_localidad_bimestre,Baseline - media localidad-bimestre,validacion_2023,11.28834295157314,media_localidad_bimestre,0,False,-0.08887613867864985,0.08887613867864985
560,SAN CRISTOBAL,2023,6,23.0,10.78657764876633,media_localidad_bimestre,Baseline - media localidad-bimestre,validacion_2023,11.123122562669307,media_localidad_bimestre,0,False,-0.33654491390297636,0.33654491390297636
559,SANTA FE,2023,6,23.0,11.48887149830221,media_localidad_bimestre,Baseline - media localidad-bimestre,validacion_2023,10.385594949868704,media_localidad_bimestre,0,False,1.1032765484335059,1.1032765484335059
567,SUBA,2023,6,23.0,10.10813259418236,media_localidad_bimestre,Baseline - media localidad-bimestre,validacion_2023,10.211037835167616,media_localidad_bimestre,0,False,-0.10290524098525644,0.10290524098525644
576,SUMAPAZ,2023,6,23.0,11.875,media_localidad_bimestre,Baseline - media localidad-bimestre,validacion_2023,24.77816358024691,media_localidad_bimestre,0,False,-12.903163580246911,12.903163580246911
569,TEUSAQUILLO,2023,6,23.0,10.66302219091229,media_localidad_bimestre,Baseline - media localidad-bimestre,validacion_2023,10.262937673570645,media_localidad_bimestre,0,False,0.40008451734164474,0.40008451734164474
562,TUNJUELITO,2023,6,23.0,13.75391763347446,media_localidad_bimestre,Baseline - media localidad-bimestre,validacion_2023,14.1528112186284,media_localidad_bimestre,0,False,-0.3988935851539406,0.3988935851539406
557,USAQUEN,2023,6,23.0,10.48171086855034,media_localidad_bimestre,Baseline - media localidad-bimestre,validacion_2023,10.410286479800115,media_localidad_bimestre,0,False,0.07142438875022528,0.07142438875022528
561,USME,2023,6,23.0,10.16788260257969,media_localidad_bimestre,Baseline - media localidad-bimestre,validacion_2023,10.141652445752428,media_localidad_bimestre,0,False,0.026230156827262263,0.026230156827262263
73,ANTONIO NARINO,2023,1,,11.06014204118443,seasonal_naive,Baseline - seasonal naive,validacion_2023,10.91080115536637,seasonal_naive_anio_anterior,0,False,0.14934088581805938,0.14934088581805938
70,BARRIOS UNIDOS,2023,1,,11.57269909842224,seasonal_naive,Baseline - seasonal naive,validacion_2023,11.42880880077923,seasonal_naive_anio_anterior,0,False,0.14389029764300965,0.14389029764300965
65,BOSA,2023,1,,9.448672003017908,seasonal_naive,Baseline - seasonal naive,validacion_2023,9.58454122102856,seasonal_naive_anio_anterior,0,False,-0.13586921801065266,0.13586921801065266
60,CHAPINERO,2023,1,,11.23216002978068,seasonal_naive,Baseline - seasonal naive,validacion_2023,10.53518206285541,seasonal_naive_anio_anterior,0,False,0.6969779669252691,0.6969779669252691
77,CIUDAD BOLIVAR,2023,1,,10.71280926675663,seasonal_naive,Baseline - seasonal naive,validacion_2023,10.95895015018706,seasonal_naive_anio_anterior,0,False,-0.2461408834304315,0.2461408834304315
68,ENGATIVA,2023,1,,9.89227490961613,seasonal_naive,Baseline - seasonal naive,validacion_2023,10.25631270940765,seasonal_naive_anio_anterior,0,False,-0.36403779979151984,0.36403779979151984
67,FONTIBON,2023,1,,12.70012685566555,seasonal_naive,Baseline - seasonal naive,validacion_2023,13.34881693648817,seasonal_naive_anio_anterior,0,False,-0.6486900808226199,0.6486900808226199
66,KENNEDY,2023,1,,10.29594677119282,seasonal_naive,Baseline - seasonal naive,validacion_2023,10.27904486000889,seasonal_naive_anio_anterior,0,False,0.016901911183930807,0.016901911183930807
75,LA CANDELARIA,2023,1,,17.4260941370768,seasonal_naive,Baseline - seasonal naive,validacion_2023,15.91877446552243,seasonal_naive_anio_anterior,0,False,1.5073196715543684,1.5073196715543684
72,LOS MARTIRES,2023,1,,11.80253733740164,seasonal_naive,Baseline - seasonal naive,validacion_2023,12.10221864621495,seasonal_naive_anio_anterior,0,False,-0.29968130881331057,0.29968130881331057
74,PUENTE ARANDA,2023,1,,15.88136492467503,seasonal_naive,Baseline - seasonal naive,validacion_2023,17.04159759489758,seasonal_naive_anio_anterior,0,False,-1.1602326702225518,1.1602326702225518
76,RAFAEL URIBE URIBE,2023,1,,10.99574917773899,seasonal_naive,Baseline - seasonal naive,validacion_2023,11.35877734088477,seasonal_naive_anio_anterior,0,False,-0.36302816314577946,0.36302816314577946
62,SAN CRISTOBAL,2023,1,,10.62739700352595,seasonal_naive,Baseline - seasonal naive,validacion_2023,11.04762846086571,seasonal_naive_anio_anterior,0,False,-0.4202314573397601,0.4202314573397601
61,SANTA FE,2023,1,,11.60306414423424,seasonal_naive,Baseline - seasonal naive,validacion_2023,10.56318148084718,seasonal_naive_anio_anterior,0,False,1.0398826633870613,1.0398826633870613
69,SUBA,2023,1,,10.0467476219276,seasonal_naive,Baseline - seasonal naive,validacion_2023,10.09196568569181,seasonal_naive_anio_anterior,0,False,-0.04521806376420834,0.04521806376420834
78,SUMAPAZ,2023,1,,15.58333333333333,seasonal_naive,Baseline - seasonal naive,validacion_2023,25.68665158371041,fallback_media_localidad_bimestre,1,True,-10.10331825037708,10.10331825037708
71,TEUSAQUILLO,2023,1,,10.81353989446063,seasonal_naive,Baseline - seasonal naive,validacion_2023,10.47155349794239,seasonal_naive_anio_anterior,0,False,0.3419863965182408,0.3419863965182408
64,TUNJUELITO,2023,1,,13.78760193503801,seasonal_naive,Baseline - seasonal naive,validacion_2023,14.50877860444144,seasonal_naive_anio_anterior,0,False,-0.7211766694034303,0.7211766694034303
59,USAQUEN,2023,1,,10.46717660597035,seasonal_naive,Baseline - seasonal naive,validacion_2023,10.59680019786924,seasonal_naive_anio_anterior,0,False,-0.1296235918988895,0.1296235918988895
63,USME,2023,1,,10.0652579503599,seasonal_naive,Baseline - seasonal naive,validacion_2023,10.36748449716905,seasonal_naive_anio_anterior,0,False,-0.30222654680915007,0.30222654680915007
173,ANTONIO NARINO,2023,2,,10.92744892613934,seasonal_naive,Baseline - seasonal naive,validacion_2023,11.21270487127809,seasonal_naive_anio_anterior,0,False,-0.28525594513875063,0.28525594513875063
170,BARRIOS UNIDOS,2023,2,,11.23380911403771,seasonal_naive,Baseline - seasonal naive,validacion_2023,11.28859111500247,seasonal_naive_anio_anterior,0,False,-0.05478200096476016,0.05478200096476016
165,BOSA,2023,2,,9.372122059193329,seasonal_naive,Baseline - seasonal naive,validacion_2023,9.482922460831741,seasonal_naive_anio_anterior,0,False,-0.11080040163841254,0.11080040163841254
160,CHAPINERO,2023,2,,10.638779486968,seasonal_naive,Baseline - seasonal naive,validacion_2023,10.10045303061862,seasonal_naive_anio_anterior,0,False,0.5383264563493793,0.5383264563493793
177,CIUDAD BOLIVAR,2023,2,,10.60093201223824,seasonal_naive,Baseline - seasonal naive,validacion_2023,10.88109660374469,seasonal_naive_anio_anterior,0,False,-0.28016459150644835,0.28016459150644835
168,ENGATIVA,2023,2,,9.881097290684068,seasonal_naive,Baseline - seasonal naive,validacion_2023,10.17108026684854,seasonal_naive_anio_anterior,0,False,-0.2899829761644721,0.2899829761644721
167,FONTIBON,2023,2,,12.38334651045784,seasonal_naive,Baseline - seasonal naive,validacion_2023,12.73282953972335,seasonal_naive_anio_anterior,0,False,-0.34948302926550845,0.34948302926550845
166,KENNEDY,2023,2,,10.16132533875435,seasonal_naive,Baseline - seasonal naive,validacion_2023,10.24404583974098,seasonal_naive_anio_anterior,0,False,-0.08272050098663009,0.08272050098663009
175,LA CANDELARIA,2023,2,,16.40878048780488,seasonal_naive,Baseline - seasonal naive,validacion_2023,17.42083272247471,seasonal_naive_anio_anterior,0,False,-1.0120522346698309,1.0120522346698309
172,LOS MARTIRES,2023,2,,11.44842595566977,seasonal_naive,Baseline - seasonal naive,validacion_2023,11.74601631009656,seasonal_naive_anio_anterior,0,False,-0.2975903544267915,0.2975903544267915
174,PUENTE ARANDA,2023,2,,15.85411904098132,seasonal_naive,Baseline - seasonal naive,validacion_2023,16.99207636020133,seasonal_naive_anio_anterior,0,False,-1.1379573192200105,1.1379573192200105
176,RAFAEL URIBE URIBE,2023,2,,11.04308618421832,seasonal_naive,Baseline - seasonal naive,validacion_2023,11.7063629269464,seasonal_naive_anio_anterior,0,False,-0.6632767427280797,0.6632767427280797
162,SAN CRISTOBAL,2023,2,,10.73217982153508,seasonal_naive,Baseline - seasonal naive,validacion_2023,11.49676481452795,seasonal_naive_anio_anterior,0,False,-0.7645849929928694,0.7645849929928694
161,SANTA FE,2023,2,,11.16844290657439,seasonal_naive,Baseline - seasonal naive,validacion_2023,10.90230764869309,seasonal_naive_anio_anterior,0,False,0.26613525788129877,0.26613525788129877
169,SUBA,2023,2,,9.749494794856092,seasonal_naive,Baseline - seasonal naive,validacion_2023,9.825714415095193,seasonal_naive_anio_anterior,0,False,-0.076219620239101,0.076219620239101
178,SUMAPAZ,2023,2,,5.080645161290323,seasonal_naive,Baseline - seasonal naive,validacion_2023,26.47368421052632,seasonal_naive_anio_anterior,0,False,-21.393039049235995,21.393039049235995
171,TEUSAQUILLO,2023,2,,10.09007104438117,seasonal_naive,Baseline - seasonal naive,validacion_2023,10.16865462199614,seasonal_naive_anio_anterior,0,False,-0.07858357761496926,0.07858357761496926
164,TUNJUELITO,2023,2,,14.33483707198631,seasonal_naive,Baseline - seasonal naive,validacion_2023,14.79778482789601,seasonal_naive_anio_anterior,0,False,-0.46294775590969905,0.46294775590969905
159,USAQUEN,2023,2,,10.42768113403312,seasonal_naive,Baseline - seasonal naive,validacion_2023,10.25090701701344,seasonal_naive_anio_anterior,0,False,0.17677411701968104,0.17677411701968104
163,USME,2023,2,,10.01808766945953,seasonal_naive,Baseline - seasonal naive,validacion_2023,10.3755238791423,seasonal_naive_anio_anterior,0,False,-0.3574362096827688,0.3574362096827688
273,ANTONIO NARINO,2023,3,,10.77695931797786,seasonal_naive,Baseline - seasonal naive,validacion_2023,11.59057613481099,seasonal_naive_anio_anterior,0,False,-0.8136168168331288,0.8136168168331288
270,BARRIOS UNIDOS,2023,3,,11.60825010693894,seasonal_naive,Baseline - seasonal naive,validacion_2023,12.55416334434446,seasonal_naive_anio_anterior,0,False,-0.9459132374055201,0.9459132374055201
265,BOSA,2023,3,,9.447246813185536,seasonal_naive,Baseline - seasonal naive,validacion_2023,9.622308644473273,seasonal_naive_anio_anterior,0,False,-0.17506183128773678,0.17506183128773678
260,CHAPINERO,2023,3,,11.76137169278192,seasonal_naive,Baseline - seasonal naive,validacion_2023,11.38294025974026,seasonal_naive_anio_anterior,0,False,0.37843143304166027,0.37843143304166027
277,CIUDAD BOLIVAR,2023,3,,10.867197717275,seasonal_naive,Baseline - seasonal naive,validacion_2023,11.17146149384939,seasonal_naive_anio_anterior,0,False,-0.3042637765743912,0.3042637765743912
268,ENGATIVA,2023,3,,9.97404824486094,seasonal_naive,Baseline - seasonal naive,validacion_2023,10.37930709297887,seasonal_naive_anio_anterior,0,False,-0.40525884811792956,0.40525884811792956
267,FONTIBON,2023,3,,13.06737653535289,seasonal_naive,Baseline - seasonal naive,validacion_2023,13.88126140492199,seasonal_naive_anio_anterior,0,False,-0.8138848695690992,0.8138848695690992
266,KENNEDY,2023,3,,10.30499665899473,seasonal_naive,Baseline - seasonal naive,validacion_2023,10.76176083485566,seasonal_naive_anio_anterior,0,False,-0.4567641758609309,0.4567641758609309
275,LA CANDELARIA,2023,3,,17.6023265250913,seasonal_naive,Baseline - seasonal naive,validacion_2023,21.30819460390356,seasonal_naive_anio_anterior,0,False,-3.7058680788122587,3.7058680788122587
272,LOS MARTIRES,2023,3,,11.58310333761232,seasonal_naive,Baseline - seasonal naive,validacion_2023,12.0709191627691,seasonal_naive_anio_anterior,0,False,-0.4878158251567797,0.4878158251567797
274,PUENTE ARANDA,2023,3,,16.01099451665878,seasonal_naive,Baseline - seasonal naive,validacion_2023,17.99941006264573,seasonal_naive_anio_anterior,0,False,-1.9884155459869497,1.9884155459869497
276,RAFAEL URIBE URIBE,2023,3,,10.979721382264,seasonal_naive,Baseline - seasonal naive,validacion_2023,12.27210083430948,seasonal_naive_anio_anterior,0,False,-1.2923794520454805,1.2923794520454805
262,SAN CRISTOBAL,2023,3,,10.6591107897223,seasonal_naive,Baseline - seasonal naive,validacion_2023,11.7250772338403,seasonal_naive_anio_anterior,0,False,-1.0659664441180006,1.0659664441180006
261,SANTA FE,2023,3,,11.59601947623239,seasonal_naive,Baseline - seasonal naive,validacion_2023,12.02320449754041,seasonal_naive_anio_anterior,0,False,-0.42718502130801994,0.42718502130801994
269,SUBA,2023,3,,9.98837060756112,seasonal_naive,Baseline - seasonal naive,validacion_2023,10.26371303849724,seasonal_naive_anio_anterior,0,False,-0.27534243093612076,0.27534243093612076
278,SUMAPAZ,2023,3,,5.181818181818182,seasonal_naive,Baseline - seasonal naive,validacion_2023,24.5,seasonal_naive_anio_anterior,0,False,-19.31818181818182,19.31818181818182
271,TEUSAQUILLO,2023,3,,10.65687853691218,seasonal_naive,Baseline - seasonal naive,validacion_2023,11.40286853633334,seasonal_naive_anio_anterior,0,False,-0.7459899994211607,0.7459899994211607
264,TUNJUELITO,2023,3,,13.67030712023137,seasonal_naive,Baseline - seasonal naive,validacion_2023,15.85295763612961,seasonal_naive_anio_anterior,0,False,-2.1826505158982386,2.1826505158982386
259,USAQUEN,2023,3,,10.47754541339297,seasonal_naive,Baseline - seasonal naive,validacion_2023,10.80977271379095,seasonal_naive_anio_anterior,0,False,-0.3322273003979799,0.3322273003979799
263,USME,2023,3,,10.11082705150107,seasonal_naive,Baseline - seasonal naive,validacion_2023,10.41761791421771,seasonal_naive_anio_anterior,0,False,-0.3067908627166389,0.3067908627166389
373,ANTONIO NARINO,2023,4,,10.81173484622275,seasonal_naive,Baseline - seasonal naive,validacion_2023,10.87842095274246,seasonal_naive_anio_anterior,0,False,-0.0666861065197093,0.0666861065197093
370,BARRIOS UNIDOS,2023,4,,11.40897530409141,seasonal_naive,Baseline - seasonal naive,validacion_2023,11.47812268751304,seasonal_naive_anio_anterior,0,False,-0.06914738342162963,0.06914738342162963
365,BOSA,2023,4,,9.437880300989363,seasonal_naive,Baseline - seasonal naive,validacion_2023,9.61791893110568,seasonal_naive_anio_anterior,0,False,-0.18003863011631616,0.18003863011631616
360,CHAPINERO,2023,4,,11.47616978643794,seasonal_naive,Baseline - seasonal naive,validacion_2023,10.95434174543261,seasonal_naive_anio_anterior,0,False,0.52182804100533,0.52182804100533
377,CIUDAD BOLIVAR,2023,4,,10.87027855504672,seasonal_naive,Baseline - seasonal naive,validacion_2023,10.94353389185072,seasonal_naive_anio_anterior,0,False,-0.07325533680399943,0.07325533680399943
368,ENGATIVA,2023,4,,9.79637399058316,seasonal_naive,Baseline - seasonal naive,validacion_2023,10.09682837243303,seasonal_naive_anio_anterior,0,False,-0.30045438184987106,0.30045438184987106
367,FONTIBON,2023,4,,12.6959937779753,seasonal_naive,Baseline - seasonal naive,validacion_2023,12.76575802259933,seasonal_naive_anio_anterior,0,False,-0.06976424462403052,0.06976424462403052
366,KENNEDY,2023,4,,10.33728399593404,seasonal_naive,Baseline - seasonal naive,validacion_2023,10.22868823129495,seasonal_naive_anio_anterior,0,False,0.10859576463909093,0.10859576463909093
375,LA CANDELARIA,2023,4,,18.60550716493397,seasonal_naive,Baseline - seasonal naive,validacion_2023,17.63233779608651,seasonal_naive_anio_anterior,0,False,0.9731693688474614,0.9731693688474614
372,LOS MARTIRES,2023,4,,11.43276906800038,seasonal_naive,Baseline - seasonal naive,validacion_2023,11.48643385045609,seasonal_naive_anio_anterior,0,False,-0.053664782455708604,0.053664782455708604
374,PUENTE ARANDA,2023,4,,15.96159084907365,seasonal_naive,Baseline - seasonal naive,validacion_2023,16.31941480399865,seasonal_naive_anio_anterior,0,False,-0.3578239549250011,0.3578239549250011
376,RAFAEL URIBE URIBE,2023,4,,11.00388019459586,seasonal_naive,Baseline - seasonal naive,validacion_2023,11.22262049848257,seasonal_naive_anio_anterior,0,False,-0.21874030388670995,0.21874030388670995
362,SAN CRISTOBAL,2023,4,,10.75269926775803,seasonal_naive,Baseline - seasonal naive,validacion_2023,10.94699228548441,seasonal_naive_anio_anterior,0,False,-0.19429301772637864,0.19429301772637864
361,SANTA FE,2023,4,,11.39934140987072,seasonal_naive,Baseline - seasonal naive,validacion_2023,11.25889473386504,seasonal_naive_anio_anterior,0,False,0.14044667600568062,0.14044667600568062
369,SUBA,2023,4,,10.07288645903221,seasonal_naive,Baseline - seasonal naive,validacion_2023,10.23419552766011,seasonal_naive_anio_anterior,0,False,-0.16130906862790084,0.16130906862790084
378,SUMAPAZ,2023,4,,9.083333333333334,seasonal_naive,Baseline - seasonal naive,validacion_2023,16.90476190476191,seasonal_naive_anio_anterior,0,False,-7.821428571428575,7.821428571428575
371,TEUSAQUILLO,2023,4,,10.41867503960172,seasonal_naive,Baseline - seasonal naive,validacion_2023,10.71954846853644,seasonal_naive_anio_anterior,0,False,-0.3008734289347199,0.3008734289347199
364,TUNJUELITO,2023,4,,14.12656731192257,seasonal_naive,Baseline - seasonal naive,validacion_2023,14.50925925925926,seasonal_naive_anio_anterior,0,False,-0.3826919473366903,0.3826919473366903
359,USAQUEN,2023,4,,10.52354937967924,seasonal_naive,Baseline - seasonal naive,validacion_2023,10.64774119222065,seasonal_naive_anio_anterior,0,False,-0.12419181254140987,0.12419181254140987
363,USME,2023,4,,10.14646404354885,seasonal_naive,Baseline - seasonal naive,validacion_2023,10.19509796780538,seasonal_naive_anio_anterior,0,False,-0.04863392425652968,0.04863392425652968
472,ANTONIO NARINO,2023,5,,11.13608101567445,seasonal_naive,Baseline - seasonal naive,validacion_2023,10.99167864437552,seasonal_naive_anio_anterior,0,False,0.14440237129892886,0.14440237129892886
469,BARRIOS UNIDOS,2023,5,,11.49360545471298,seasonal_naive,Baseline - seasonal naive,validacion_2023,11.5471019282706,seasonal_naive_anio_anterior,0,False,-0.053496473557618884,0.053496473557618884
464,BOSA,2023,5,,9.491519440763396,seasonal_naive,Baseline - seasonal naive,validacion_2023,9.347862144134965,seasonal_naive_anio_anterior,0,False,0.1436572966284313,0.1436572966284313
459,CHAPINERO,2023,5,,11.46628325532544,seasonal_naive,Baseline - seasonal naive,validacion_2023,10.9329890479852,seasonal_naive_anio_anterior,0,False,0.5332942073402389,0.5332942073402389
476,CIUDAD BOLIVAR,2023,5,,10.95362032902642,seasonal_naive,Baseline - seasonal naive,validacion_2023,10.86219170827659,seasonal_naive_anio_anterior,0,False,0.09142862074982894,0.09142862074982894
467,ENGATIVA,2023,5,,9.980215599239061,seasonal_naive,Baseline - seasonal naive,validacion_2023,9.949037678981872,seasonal_naive_anio_anterior,0,False,0.03117792025718913,0.03117792025718913
466,FONTIBON,2023,5,,12.88904797967845,seasonal_naive,Baseline - seasonal naive,validacion_2023,12.7823900339604,seasonal_naive_anio_anterior,0,False,0.10665794571804987,0.10665794571804987
465,KENNEDY,2023,5,,10.34816171683365,seasonal_naive,Baseline - seasonal naive,validacion_2023,10.27082248178724,seasonal_naive_anio_anterior,0,False,0.07733923504640927,0.07733923504640927
474,LA CANDELARIA,2023,5,,18.1728978656353,seasonal_naive,Baseline - seasonal naive,validacion_2023,17.27607451958339,seasonal_naive_anio_anterior,0,False,0.8968233460519102,0.8968233460519102
471,LOS MARTIRES,2023,5,,11.74312275914586,seasonal_naive,Baseline - seasonal naive,validacion_2023,11.53362514922403,seasonal_naive_anio_anterior,0,False,0.20949760992183108,0.20949760992183108
473,PUENTE ARANDA,2023,5,,16.07896084837745,seasonal_naive,Baseline - seasonal naive,validacion_2023,15.85248899851445,seasonal_naive_anio_anterior,0,False,0.22647184986299784,0.22647184986299784
475,RAFAEL URIBE URIBE,2023,5,,11.18745317913662,seasonal_naive,Baseline - seasonal naive,validacion_2023,11.02106637727479,seasonal_naive_anio_anterior,0,False,0.16638680186182953,0.16638680186182953
461,SAN CRISTOBAL,2023,5,,10.93105134474328,seasonal_naive,Baseline - seasonal naive,validacion_2023,10.74541670096546,seasonal_naive_anio_anterior,0,False,0.1856346437778189,0.1856346437778189
460,SANTA FE,2023,5,,11.28117653344732,seasonal_naive,Baseline - seasonal naive,validacion_2023,11.29645005507074,seasonal_naive_anio_anterior,0,False,-0.015273521623418773,0.015273521623418773
468,SUBA,2023,5,,10.03291814946619,seasonal_naive,Baseline - seasonal naive,validacion_2023,9.925645508714018,seasonal_naive_anio_anterior,0,False,0.10727264075217136,0.10727264075217136
477,SUMAPAZ,2023,5,,9.95,seasonal_naive,Baseline - seasonal naive,validacion_2023,17.96153846153846,seasonal_naive_anio_anterior,0,False,-8.01153846153846,8.01153846153846
470,TEUSAQUILLO,2023,5,,10.58629477459161,seasonal_naive,Baseline - seasonal naive,validacion_2023,10.59439551525335,seasonal_naive_anio_anterior,0,False,-0.008100740661740602,0.008100740661740602
463,TUNJUELITO,2023,5,,14.15792946092311,seasonal_naive,Baseline - seasonal naive,validacion_2023,14.13143104798121,seasonal_naive_anio_anterior,0,False,0.02649841294190125,0.02649841294190125
458,USAQUEN,2023,5,,10.76735891144323,seasonal_naive,Baseline - seasonal naive,validacion_2023,10.61449519307113,seasonal_naive_anio_anterior,0,False,0.15286371837209956,0.15286371837209956
462,USME,2023,5,,10.16387636831938,seasonal_naive,Baseline - seasonal naive,validacion_2023,10.03550080628539,seasonal_naive_anio_anterior,0,False,0.12837556203399103,0.12837556203399103
571,ANTONIO NARINO,2023,6,,10.93901078467832,seasonal_naive,Baseline - seasonal naive,validacion_2023,11.10939869578405,seasonal_naive_anio_anterior,0,False,-0.17038791110572937,0.17038791110572937
568,BARRIOS UNIDOS,2023,6,,11.43055504603984,seasonal_naive,Baseline - seasonal naive,validacion_2023,11.71847686859554,seasonal_naive_anio_anterior,0,False,-0.287921822555699,0.287921822555699
563,BOSA,2023,6,,9.826832018686964,seasonal_naive,Baseline - seasonal naive,validacion_2023,9.540737809955179,seasonal_naive_anio_anterior,0,False,0.2860942087317859,0.2860942087317859
558,CHAPINERO,2023,6,,11.62868388260204,seasonal_naive,Baseline - seasonal naive,validacion_2023,11.38524070726589,seasonal_naive_anio_anterior,0,False,0.24344317533615012,0.24344317533615012
575,CIUDAD BOLIVAR,2023,6,,10.80900925562847,seasonal_naive,Baseline - seasonal naive,validacion_2023,10.78911362060127,seasonal_naive_anio_anterior,0,False,0.01989563502719882,0.01989563502719882
566,ENGATIVA,2023,6,,10.22233863750464,seasonal_naive,Baseline - seasonal naive,validacion_2023,10.02758852852264,seasonal_naive_anio_anterior,0,False,0.1947501089819994,0.1947501089819994
565,FONTIBON,2023,6,,12.76184921318406,seasonal_naive,Baseline - seasonal naive,validacion_2023,12.9011819203376,seasonal_naive_anio_anterior,0,False,-0.13933270715353885,0.13933270715353885
564,KENNEDY,2023,6,,10.32953066286809,seasonal_naive,Baseline - seasonal naive,validacion_2023,10.39415749515495,seasonal_naive_anio_anterior,0,False,-0.06462683228686039,0.06462683228686039
573,LA CANDELARIA,2023,6,,19.80398052691867,seasonal_naive,Baseline - seasonal naive,validacion_2023,17.45608155285575,seasonal_naive_anio_anterior,0,False,2.3478989740629217,2.3478989740629217
570,LOS MARTIRES,2023,6,,11.47327591666139,seasonal_naive,Baseline - seasonal naive,validacion_2023,11.77061049860128,seasonal_naive_anio_anterior,0,False,-0.29733458193989115,0.29733458193989115
572,PUENTE ARANDA,2023,6,,15.92770357368147,seasonal_naive,Baseline - seasonal naive,validacion_2023,16.19072107244308,seasonal_naive_anio_anterior,0,False,-0.2630174987616094,0.2630174987616094
574,RAFAEL URIBE URIBE,2023,6,,11.19946681289449,seasonal_naive,Baseline - seasonal naive,validacion_2023,11.08277885565329,seasonal_naive_anio_anterior,0,False,0.11668795724120073,0.11668795724120073
560,SAN CRISTOBAL,2023,6,,10.78657764876633,seasonal_naive,Baseline - seasonal naive,validacion_2023,10.89662479455271,seasonal_naive_anio_anterior,0,False,-0.11004714578638009,0.11004714578638009
559,SANTA FE,2023,6,,11.48887149830221,seasonal_naive,Baseline - seasonal naive,validacion_2023,11.50244208763606,seasonal_naive_anio_anterior,0,False,-0.013570589333850691,0.013570589333850691
567,SUBA,2023,6,,10.10813259418236,seasonal_naive,Baseline - seasonal naive,validacion_2023,10.08698395151678,seasonal_naive_anio_anterior,0,False,0.021148642665579587,0.021148642665579587
576,SUMAPAZ,2023,6,,11.875,seasonal_naive,Baseline - seasonal naive,validacion_2023,21.24074074074074,seasonal_naive_anio_anterior,0,False,-9.36574074074074,9.36574074074074
569,TEUSAQUILLO,2023,6,,10.66302219091229,seasonal_naive,Baseline - seasonal naive,validacion_2023,10.79465557849437,seasonal_naive_anio_anterior,0,False,-0.1316333875820792,0.1316333875820792
562,TUNJUELITO,2023,6,,13.75391763347446,seasonal_naive,Baseline - seasonal naive,validacion_2023,14.28285339217384,seasonal_naive_anio_anterior,0,False,-0.5289357586993795,0.5289357586993795
557,USAQUEN,2023,6,,10.48171086855034,seasonal_naive,Baseline - seasonal naive,validacion_2023,10.59968965563973,seasonal_naive_anio_anterior,0,False,-0.11797878708939002,0.11797878708939002
561,USME,2023,6,,10.16788260257969,seasonal_naive,Baseline - seasonal naive,validacion_2023,10.11211682355781,seasonal_naive_anio_anterior,0,False,0.05576577902187907,0.05576577902187907
93,ANTONIO NARINO,2024,1,24.0,11.03687123857642,media_global,Baseline - media global,prueba_2024,11.83944265006894,media_global,0,False,-0.8025714114925186,0.8025714114925186
90,BARRIOS UNIDOS,2024,1,24.0,11.25153172266218,media_global,Baseline - media global,prueba_2024,11.83944265006894,media_global,0,False,-0.5879109274067584,0.5879109274067584
85,BOSA,2024,1,24.0,9.622822534790625,media_global,Baseline - media global,prueba_2024,11.83944265006894,media_global,0,False,-2.216620115278314,2.216620115278314
80,CHAPINERO,2024,1,24.0,11.41232984372324,media_global,Baseline - media global,prueba_2024,11.83944265006894,media_global,0,False,-0.4271128063456988,0.4271128063456988
97,CIUDAD BOLIVAR,2024,1,24.0,10.86909424091507,media_global,Baseline - media global,prueba_2024,11.83944265006894,media_global,0,False,-0.9703484091538694,0.9703484091538694
88,ENGATIVA,2024,1,24.0,10.20474810424475,media_global,Baseline - media global,prueba_2024,11.83944265006894,media_global,0,False,-1.634694545824189,1.634694545824189
87,FONTIBON,2024,1,24.0,12.92809890890914,media_global,Baseline - media global,prueba_2024,11.83944265006894,media_global,0,False,1.0886562588402011,1.0886562588402011
86,KENNEDY,2024,1,24.0,10.40674106126167,media_global,Baseline - media global,prueba_2024,11.83944265006894,media_global,0,False,-1.4327015888072694,1.4327015888072694
95,LA CANDELARIA,2024,1,24.0,18.42308750687947,media_global,Baseline - media global,prueba_2024,11.83944265006894,media_global,0,False,6.58364485681053,6.58364485681053
92,LOS MARTIRES,2024,1,24.0,11.44132693092301,media_global,Baseline - media global,prueba_2024,11.83944265006894,media_global,0,False,-0.39811571914592925,0.39811571914592925
94,PUENTE ARANDA,2024,1,24.0,14.17890474177814,media_global,Baseline - media global,prueba_2024,11.83944265006894,media_global,0,False,2.3394620917092013,2.3394620917092013
96,RAFAEL URIBE URIBE,2024,1,24.0,11.25309454219407,media_global,Baseline - media global,prueba_2024,11.83944265006894,media_global,0,False,-0.5863481078748691,0.5863481078748691
82,SAN CRISTOBAL,2024,1,24.0,10.7858811420906,media_global,Baseline - media global,prueba_2024,11.83944265006894,media_global,0,False,-1.0535615079783387,1.0535615079783387
81,SANTA FE,2024,1,24.0,11.30923158312392,media_global,Baseline - media global,prueba_2024,11.83944265006894,media_global,0,False,-0.5302110669450197,0.5302110669450197
89,SUBA,2024,1,24.0,9.987513167557339,media_global,Baseline - media global,prueba_2024,11.83944265006894,media_global,0,False,-1.8519294825116006,1.8519294825116006
98,SUMAPAZ,2024,1,24.0,20.0,media_global,Baseline - media global,prueba_2024,11.83944265006894,media_global,0,False,8.16055734993106,8.16055734993106
91,TEUSAQUILLO,2024,1,24.0,10.69041653176424,media_global,Baseline - media global,prueba_2024,11.83944265006894,media_global,0,False,-1.1490261183046986,1.1490261183046986
84,TUNJUELITO,2024,1,24.0,14.10489740983877,media_global,Baseline - media global,prueba_2024,11.83944265006894,media_global,0,False,2.265454759769831,2.265454759769831
79,USAQUEN,2024,1,24.0,10.73710961691586,media_global,Baseline - media global,prueba_2024,11.83944265006894,media_global,0,False,-1.1023330331530783,1.1023330331530783
83,USME,2024,1,24.0,10.26438647825673,media_global,Baseline - media global,prueba_2024,11.83944265006894,media_global,0,False,-1.575056171812209,1.575056171812209
193,ANTONIO NARINO,2024,2,25.0,10.88908052371945,media_global,Baseline - media global,prueba_2024,11.83944265006894,media_global,0,False,-0.9503621263494892,0.9503621263494892
190,BARRIOS UNIDOS,2024,2,25.0,10.73237917406911,media_global,Baseline - media global,prueba_2024,11.83944265006894,media_global,0,False,-1.10706347599983,1.10706347599983
185,BOSA,2024,2,25.0,9.56465808490901,media_global,Baseline - media global,prueba_2024,11.83944265006894,media_global,0,False,-2.27478456515993,2.27478456515993
180,CHAPINERO,2024,2,25.0,10.68563335987662,media_global,Baseline - media global,prueba_2024,11.83944265006894,media_global,0,False,-1.153809290192319,1.153809290192319
197,CIUDAD BOLIVAR,2024,2,25.0,11.00048376971085,media_global,Baseline - media global,prueba_2024,11.83944265006894,media_global,0,False,-0.8389588803580885,0.8389588803580885
188,ENGATIVA,2024,2,25.0,10.37749758613791,media_global,Baseline - media global,prueba_2024,11.83944265006894,media_global,0,False,-1.4619450639310294,1.4619450639310294
187,FONTIBON,2024,2,25.0,12.38930801956865,media_global,Baseline - media global,prueba_2024,11.83944265006894,media_global,0,False,0.5498653694997113,0.5498653694997113
186,KENNEDY,2024,2,25.0,10.28940351933042,media_global,Baseline - media global,prueba_2024,11.83944265006894,media_global,0,False,-1.5500391307385186,1.5500391307385186
195,LA CANDELARIA,2024,2,25.0,16.84900206469374,media_global,Baseline - media global,prueba_2024,11.83944265006894,media_global,0,False,5.0095594146248,5.0095594146248
192,LOS MARTIRES,2024,2,25.0,11.31006498554149,media_global,Baseline - media global,prueba_2024,11.83944265006894,media_global,0,False,-0.5293776645274484,0.5293776645274484
194,PUENTE ARANDA,2024,2,25.0,15.12542038655303,media_global,Baseline - media global,prueba_2024,11.83944265006894,media_global,0,False,3.2859777364840905,3.2859777364840905
196,RAFAEL URIBE URIBE,2024,2,25.0,11.28338404719874,media_global,Baseline - media global,prueba_2024,11.83944265006894,media_global,0,False,-0.5560586028701984,0.5560586028701984
182,SAN CRISTOBAL,2024,2,25.0,10.96461743103348,media_global,Baseline - media global,prueba_2024,11.83944265006894,media_global,0,False,-0.8748252190354595,0.8748252190354595
181,SANTA FE,2024,2,25.0,10.92882072977261,media_global,Baseline - media global,prueba_2024,11.83944265006894,media_global,0,False,-0.9106219202963288,0.9106219202963288
189,SUBA,2024,2,25.0,9.902885856283808,media_global,Baseline - media global,prueba_2024,11.83944265006894,media_global,0,False,-1.9365567937851313,1.9365567937851313
198,SUMAPAZ,2024,2,25.0,22.0,media_global,Baseline - media global,prueba_2024,11.83944265006894,media_global,0,False,10.16055734993106,10.16055734993106
191,TEUSAQUILLO,2024,2,25.0,10.09315592024842,media_global,Baseline - media global,prueba_2024,11.83944265006894,media_global,0,False,-1.74628672982052,1.74628672982052
184,TUNJUELITO,2024,2,25.0,14.00760153677278,media_global,Baseline - media global,prueba_2024,11.83944265006894,media_global,0,False,2.168158886703841,2.168158886703841
179,USAQUEN,2024,2,25.0,10.4762190892342,media_global,Baseline - media global,prueba_2024,11.83944265006894,media_global,0,False,-1.3632235608347383,1.3632235608347383
183,USME,2024,2,25.0,10.2714043330723,media_global,Baseline - media global,prueba_2024,11.83944265006894,media_global,0,False,-1.5680383169966383,1.5680383169966383
293,ANTONIO NARINO,2024,3,26.0,10.69389825506327,media_global,Baseline - media global,prueba_2024,11.83944265006894,media_global,0,False,-1.1455443950056683,1.1455443950056683
290,BARRIOS UNIDOS,2024,3,26.0,11.02788996142492,media_global,Baseline - media global,prueba_2024,11.83944265006894,media_global,0,False,-0.811552688644019,0.811552688644019
285,BOSA,2024,3,26.0,9.598112473466491,media_global,Baseline - media global,prueba_2024,11.83944265006894,media_global,0,False,-2.241330176602448,2.241330176602448
280,CHAPINERO,2024,3,26.0,11.40855222784479,media_global,Baseline - media global,prueba_2024,11.83944265006894,media_global,0,False,-0.43089042222414875,0.43089042222414875
297,CIUDAD BOLIVAR,2024,3,26.0,10.95554630332417,media_global,Baseline - media global,prueba_2024,11.83944265006894,media_global,0,False,-0.8838963467447698,0.8838963467447698
288,ENGATIVA,2024,3,26.0,10.21859162616628,media_global,Baseline - media global,prueba_2024,11.83944265006894,media_global,0,False,-1.6208510239026594,1.6208510239026594
287,FONTIBON,2024,3,26.0,12.81182344484594,media_global,Baseline - media global,prueba_2024,11.83944265006894,media_global,0,False,0.9723807947770009,0.9723807947770009
286,KENNEDY,2024,3,26.0,10.389192950878,media_global,Baseline - media global,prueba_2024,11.83944265006894,media_global,0,False,-1.4502496991909393,1.4502496991909393
295,LA CANDELARIA,2024,3,26.0,16.73342047330765,media_global,Baseline - media global,prueba_2024,11.83944265006894,media_global,0,False,4.893977823238711,4.893977823238711
292,LOS MARTIRES,2024,3,26.0,11.13734085065518,media_global,Baseline - media global,prueba_2024,11.83944265006894,media_global,0,False,-0.702101799413759,0.702101799413759
294,PUENTE ARANDA,2024,3,26.0,15.21598083314425,media_global,Baseline - media global,prueba_2024,11.83944265006894,media_global,0,False,3.3765381830753114,3.3765381830753114
296,RAFAEL URIBE URIBE,2024,3,26.0,11.13446700214009,media_global,Baseline - media global,prueba_2024,11.83944265006894,media_global,0,False,-0.7049756479288494,0.7049756479288494
282,SAN CRISTOBAL,2024,3,26.0,10.68659660618086,media_global,Baseline - media global,prueba_2024,11.83944265006894,media_global,0,False,-1.1528460438880792,1.1528460438880792
281,SANTA FE,2024,3,26.0,11.19215328949106,media_global,Baseline - media global,prueba_2024,11.83944265006894,media_global,0,False,-0.6472893605778793,0.6472893605778793
289,SUBA,2024,3,26.0,9.985130365416557,media_global,Baseline - media global,prueba_2024,11.83944265006894,media_global,0,False,-1.8543122846523818,1.8543122846523818
298,SUMAPAZ,2024,3,26.0,19.0,media_global,Baseline - media global,prueba_2024,11.83944265006894,media_global,0,False,7.160557349931061,7.160557349931061
291,TEUSAQUILLO,2024,3,26.0,10.53746793568915,media_global,Baseline - media global,prueba_2024,11.83944265006894,media_global,0,False,-1.3019747143797886,1.3019747143797886
284,TUNJUELITO,2024,3,26.0,13.98157029323102,media_global,Baseline - media global,prueba_2024,11.83944265006894,media_global,0,False,2.1421276431620804,2.1421276431620804
279,USAQUEN,2024,3,26.0,10.24685452017917,media_global,Baseline - media global,prueba_2024,11.83944265006894,media_global,0,False,-1.5925881298897693,1.5925881298897693
283,USME,2024,3,26.0,10.124127025184,media_global,Baseline - media global,prueba_2024,11.83944265006894,media_global,0,False,-1.7153156248849388,1.7153156248849388
393,ANTONIO NARINO,2024,4,27.0,9.244175038934864,media_global,Baseline - media global,prueba_2024,11.83944265006894,media_global,0,False,-2.5952676111340747,2.5952676111340747
390,BARRIOS UNIDOS,2024,4,27.0,10.13724497178411,media_global,Baseline - media global,prueba_2024,11.83944265006894,media_global,0,False,-1.7021976782848292,1.7021976782848292
385,BOSA,2024,4,27.0,8.986675792835957,media_global,Baseline - media global,prueba_2024,11.83944265006894,media_global,0,False,-2.8527668572329823,2.8527668572329823
380,CHAPINERO,2024,4,27.0,10.26520185493747,media_global,Baseline - media global,prueba_2024,11.83944265006894,media_global,0,False,-1.5742407951314696,1.5742407951314696
397,CIUDAD BOLIVAR,2024,4,27.0,9.948590859516647,media_global,Baseline - media global,prueba_2024,11.83944265006894,media_global,0,False,-1.8908517905522917,1.8908517905522917
388,ENGATIVA,2024,4,27.0,9.573945290382811,media_global,Baseline - media global,prueba_2024,11.83944265006894,media_global,0,False,-2.265497359686128,2.265497359686128
387,FONTIBON,2024,4,27.0,11.77153360535838,media_global,Baseline - media global,prueba_2024,11.83944265006894,media_global,0,False,-0.06790904471055903,0.06790904471055903
386,KENNEDY,2024,4,27.0,9.609876530317429,media_global,Baseline - media global,prueba_2024,11.83944265006894,media_global,0,False,-2.22956611975151,2.22956611975151
395,LA CANDELARIA,2024,4,27.0,15.61123332875017,media_global,Baseline - media global,prueba_2024,11.83944265006894,media_global,0,False,3.7717906786812314,3.7717906786812314
392,LOS MARTIRES,2024,4,27.0,10.34196058402932,media_global,Baseline - media global,prueba_2024,11.83944265006894,media_global,0,False,-1.4974820660396198,1.4974820660396198
394,PUENTE ARANDA,2024,4,27.0,14.37681244153414,media_global,Baseline - media global,prueba_2024,11.83944265006894,media_global,0,False,2.537369791465201,2.537369791465201
396,RAFAEL URIBE URIBE,2024,4,27.0,10.20627413127413,media_global,Baseline - media global,prueba_2024,11.83944265006894,media_global,0,False,-1.6331685187948093,1.6331685187948093
382,SAN CRISTOBAL,2024,4,27.0,10.02104904936178,media_global,Baseline - media global,prueba_2024,11.83944265006894,media_global,0,False,-1.818393600707159,1.818393600707159
381,SANTA FE,2024,4,27.0,10.32593501081395,media_global,Baseline - media global,prueba_2024,11.83944265006894,media_global,0,False,-1.513507639254989,1.513507639254989
389,SUBA,2024,4,27.0,9.056744624659656,media_global,Baseline - media global,prueba_2024,11.83944265006894,media_global,0,False,-2.7826980254092835,2.7826980254092835
391,TEUSAQUILLO,2024,4,27.0,9.62754204145483,media_global,Baseline - media global,prueba_2024,11.83944265006894,media_global,0,False,-2.2119006086141084,2.2119006086141084
384,TUNJUELITO,2024,4,27.0,12.61263666412408,media_global,Baseline - media global,prueba_2024,11.83944265006894,media_global,0,False,0.7731940140551412,0.7731940140551412
379,USAQUEN,2024,4,27.0,9.978706683631465,media_global,Baseline - media global,prueba_2024,11.83944265006894,media_global,0,False,-1.860735966437474,1.860735966437474
383,USME,2024,4,27.0,9.576611452188041,media_global,Baseline - media global,prueba_2024,11.83944265006894,media_global,0,False,-2.2628311978808977,2.2628311978808977
492,ANTONIO NARINO,2024,5,28.0,8.814745075318656,media_global,Baseline - media global,prueba_2024,11.83944265006894,media_global,0,False,-3.0246975747502827,3.0246975747502827
489,BARRIOS UNIDOS,2024,5,28.0,9.724489795918368,media_global,Baseline - media global,prueba_2024,11.83944265006894,media_global,0,False,-2.1149528541505713,2.1149528541505713
484,BOSA,2024,5,28.0,8.627833355159396,media_global,Baseline - media global,prueba_2024,11.83944265006894,media_global,0,False,-3.211609294909543,3.211609294909543
479,CHAPINERO,2024,5,28.0,10.01584302325581,media_global,Baseline - media global,prueba_2024,11.83944265006894,media_global,0,False,-1.8235996268131291,1.8235996268131291
496,CIUDAD BOLIVAR,2024,5,28.0,9.012294659957576,media_global,Baseline - media global,prueba_2024,11.83944265006894,media_global,0,False,-2.8271479901113636,2.8271479901113636
487,ENGATIVA,2024,5,28.0,8.938284004793475,media_global,Baseline - media global,prueba_2024,11.83944265006894,media_global,0,False,-2.901158645275464,2.901158645275464
486,FONTIBON,2024,5,28.0,11.56480952272086,media_global,Baseline - media global,prueba_2024,11.83944265006894,media_global,0,False,-0.27463312734807843,0.27463312734807843
485,KENNEDY,2024,5,28.0,9.386469851469174,media_global,Baseline - media global,prueba_2024,11.83944265006894,media_global,0,False,-2.452972798599765,2.452972798599765
494,LA CANDELARIA,2024,5,28.0,11.60934782608696,media_global,Baseline - media global,prueba_2024,11.83944265006894,media_global,0,False,-0.2300948239819789,0.2300948239819789
491,LOS MARTIRES,2024,5,28.0,8.99699170686758,media_global,Baseline - media global,prueba_2024,11.83944265006894,media_global,0,False,-2.8424509432013583,2.8424509432013583
493,PUENTE ARANDA,2024,5,28.0,13.67249361430396,media_global,Baseline - media global,prueba_2024,11.83944265006894,media_global,0,False,1.8330509642350208,1.8330509642350208
495,RAFAEL URIBE URIBE,2024,5,28.0,9.643767754451604,media_global,Baseline - media global,prueba_2024,11.83944265006894,media_global,0,False,-2.1956748956173353,2.1956748956173353
481,SAN CRISTOBAL,2024,5,28.0,8.892466507714184,media_global,Baseline - media global,prueba_2024,11.83944265006894,media_global,0,False,-2.946976142354755,2.946976142354755
480,SANTA FE,2024,5,28.0,10.02996874425446,media_global,Baseline - media global,prueba_2024,11.83944265006894,media_global,0,False,-1.80947390581448,1.80947390581448
488,SUBA,2024,5,28.0,8.851618714825337,media_global,Baseline - media global,prueba_2024,11.83944265006894,media_global,0,False,-2.9878239352436022,2.9878239352436022
490,TEUSAQUILLO,2024,5,28.0,9.343738672169088,media_global,Baseline - media global,prueba_2024,11.83944265006894,media_global,0,False,-2.4957039778998507,2.4957039778998507
483,TUNJUELITO,2024,5,28.0,11.54791746483498,media_global,Baseline - media global,prueba_2024,11.83944265006894,media_global,0,False,-0.29152518523395976,0.29152518523395976
478,USAQUEN,2024,5,28.0,9.230260446354189,media_global,Baseline - media global,prueba_2024,11.83944265006894,media_global,0,False,-2.6091822037147505,2.6091822037147505
482,USME,2024,5,28.0,9.110767020970986,media_global,Baseline - media global,prueba_2024,11.83944265006894,media_global,0,False,-2.7286756290979532,2.7286756290979532
591,ANTONIO NARINO,2024,6,29.0,9.81149379544879,media_global,Baseline - media global,prueba_2024,11.83944265006894,media_global,0,False,-2.027948854620149,2.027948854620149
588,BARRIOS UNIDOS,2024,6,29.0,10.20066992022187,media_global,Baseline - media global,prueba_2024,11.83944265006894,media_global,0,False,-1.6387727298470693,1.6387727298470693
583,BOSA,2024,6,29.0,8.99725166974563,media_global,Baseline - media global,prueba_2024,11.83944265006894,media_global,0,False,-2.842190980323309,2.842190980323309
578,CHAPINERO,2024,6,29.0,10.61109833409995,media_global,Baseline - media global,prueba_2024,11.83944265006894,media_global,0,False,-1.2283443159689895,1.2283443159689895
595,CIUDAD BOLIVAR,2024,6,29.0,10.14348267640046,media_global,Baseline - media global,prueba_2024,11.83944265006894,media_global,0,False,-1.6959599736684794,1.6959599736684794
586,ENGATIVA,2024,6,29.0,9.235609584001997,media_global,Baseline - media global,prueba_2024,11.83944265006894,media_global,0,False,-2.603833066066942,2.603833066066942
585,FONTIBON,2024,6,29.0,12.0820048419514,media_global,Baseline - media global,prueba_2024,11.83944265006894,media_global,0,False,0.24256219188246142,0.24256219188246142
584,KENNEDY,2024,6,29.0,9.600109695033964,media_global,Baseline - media global,prueba_2024,11.83944265006894,media_global,0,False,-2.2393329550349748,2.2393329550349748
593,LA CANDELARIA,2024,6,29.0,15.82900522121462,media_global,Baseline - media global,prueba_2024,11.83944265006894,media_global,0,False,3.9895625711456812,3.9895625711456812
590,LOS MARTIRES,2024,6,29.0,10.10764465259663,media_global,Baseline - media global,prueba_2024,11.83944265006894,media_global,0,False,-1.7317979974723094,1.7317979974723094
592,PUENTE ARANDA,2024,6,29.0,14.13906198100046,media_global,Baseline - media global,prueba_2024,11.83944265006894,media_global,0,False,2.2996193309315203,2.2996193309315203
594,RAFAEL URIBE URIBE,2024,6,29.0,10.04483560278977,media_global,Baseline - media global,prueba_2024,11.83944265006894,media_global,0,False,-1.79460704727917,1.79460704727917
580,SAN CRISTOBAL,2024,6,29.0,9.908718036725588,media_global,Baseline - media global,prueba_2024,11.83944265006894,media_global,0,False,-1.9307246133433509,1.9307246133433509
579,SANTA FE,2024,6,29.0,10.44112962189263,media_global,Baseline - media global,prueba_2024,11.83944265006894,media_global,0,False,-1.3983130281763092,1.3983130281763092
587,SUBA,2024,6,29.0,9.272173625384362,media_global,Baseline - media global,prueba_2024,11.83944265006894,media_global,0,False,-2.5672690246845775,2.5672690246845775
589,TEUSAQUILLO,2024,6,29.0,9.808223551785888,media_global,Baseline - media global,prueba_2024,11.83944265006894,media_global,0,False,-2.031219098283051,2.031219098283051
582,TUNJUELITO,2024,6,29.0,12.70214453744734,media_global,Baseline - media global,prueba_2024,11.83944265006894,media_global,0,False,0.8627018873784014,0.8627018873784014
577,USAQUEN,2024,6,29.0,9.56027872124374,media_global,Baseline - media global,prueba_2024,11.83944265006894,media_global,0,False,-2.2791639288251986,2.2791639288251986
581,USME,2024,6,29.0,9.373461318051575,media_global,Baseline - media global,prueba_2024,11.83944265006894,media_global,0,False,-2.465981332017364,2.465981332017364
93,ANTONIO NARINO,2024,1,24.0,11.03687123857642,media_localidad,Baseline - media por localidad,prueba_2024,10.889994906573369,media_localidad,0,False,0.1468763320030515,0.1468763320030515
90,BARRIOS UNIDOS,2024,1,24.0,11.25153172266218,media_localidad,Baseline - media por localidad,prueba_2024,11.200883080804864,media_localidad,0,False,0.050648641857316434,0.050648641857316434
85,BOSA,2024,1,24.0,9.622822534790625,media_localidad,Baseline - media por localidad,prueba_2024,9.572150931888137,media_localidad,0,False,0.05067160290248829,0.05067160290248829
80,CHAPINERO,2024,1,24.0,11.41232984372324,media_localidad,Baseline - media por localidad,prueba_2024,10.49179001194243,media_localidad,0,False,0.9205398317808111,0.9205398317808111
97,CIUDAD BOLIVAR,2024,1,24.0,10.86909424091507,media_localidad,Baseline - media por localidad,prueba_2024,10.903476337627948,media_localidad,0,False,-0.03438209671287851,0.03438209671287851
88,ENGATIVA,2024,1,24.0,10.20474810424475,media_localidad,Baseline - media por localidad,prueba_2024,10.184736305017362,media_localidad,0,False,0.020011799227388494,0.020011799227388494
87,FONTIBON,2024,1,24.0,12.92809890890914,media_localidad,Baseline - media por localidad,prueba_2024,12.898683618267071,media_localidad,0,False,0.029415290642068825,0.029415290642068825
86,KENNEDY,2024,1,24.0,10.40674106126167,media_localidad,Baseline - media por localidad,prueba_2024,10.273999153470953,media_localidad,0,False,0.1327419077907166,0.1327419077907166
95,LA CANDELARIA,2024,1,24.0,18.42308750687947,media_localidad,Baseline - media por localidad,prueba_2024,16.66256082507014,media_localidad,0,False,1.7605266818093277,1.7605266818093277
92,LOS MARTIRES,2024,1,24.0,11.44132693092301,media_localidad,Baseline - media por localidad,prueba_2024,11.501052774205652,media_localidad,0,False,-0.05972584328264219,0.05972584328264219
94,PUENTE ARANDA,2024,1,24.0,14.17890474177814,media_localidad,Baseline - media por localidad,prueba_2024,16.312351586429553,media_localidad,0,False,-2.133446844651413,2.133446844651413
96,RAFAEL URIBE URIBE,2024,1,24.0,11.25309454219407,media_localidad,Baseline - media por localidad,prueba_2024,11.326167470956387,media_localidad,0,False,-0.07307292876231664,0.07307292876231664
82,SAN CRISTOBAL,2024,1,24.0,10.7858811420906,media_localidad,Baseline - media por localidad,prueba_2024,11.038622474402649,media_localidad,0,False,-0.25274133231204843,0.25274133231204843
81,SANTA FE,2024,1,24.0,11.30923158312392,media_localidad,Baseline - media por localidad,prueba_2024,10.845217074699667,media_localidad,0,False,0.4640145084242526,0.4640145084242526
89,SUBA,2024,1,24.0,9.987513167557339,media_localidad,Baseline - media por localidad,prueba_2024,10.058596861080728,media_localidad,0,False,-0.07108369352338961,0.07108369352338961
98,SUMAPAZ,2024,1,24.0,20.0,media_localidad,Baseline - media por localidad,prueba_2024,17.69378111670895,media_localidad,0,False,2.3062188832910486,2.3062188832910486
91,TEUSAQUILLO,2024,1,24.0,10.69041653176424,media_localidad,Baseline - media por localidad,prueba_2024,10.368772656729645,media_localidad,0,False,0.3216438750345958,0.3216438750345958
84,TUNJUELITO,2024,1,24.0,14.10489740983877,media_localidad,Baseline - media por localidad,prueba_2024,14.200242214970613,media_localidad,0,False,-0.09534480513184285,0.09534480513184285
79,USAQUEN,2024,1,24.0,10.73710961691586,media_localidad,Baseline - media por localidad,prueba_2024,10.452337139207446,media_localidad,0,False,0.2847724777084153,0.2847724777084153
83,USME,2024,1,24.0,10.26438647825673,media_localidad,Baseline - media por localidad,prueba_2024,10.157367230768537,media_localidad,0,False,0.1070192474881928,0.1070192474881928
193,ANTONIO NARINO,2024,2,25.0,10.88908052371945,media_localidad,Baseline - media por localidad,prueba_2024,10.889994906573369,media_localidad,0,False,-0.0009143828539190935,0.0009143828539190935
190,BARRIOS UNIDOS,2024,2,25.0,10.73237917406911,media_localidad,Baseline - media por localidad,prueba_2024,11.200883080804864,media_localidad,0,False,-0.46850390673575504,0.46850390673575504
185,BOSA,2024,2,25.0,9.56465808490901,media_localidad,Baseline - media por localidad,prueba_2024,9.572150931888137,media_localidad,0,False,-0.007492846979127776,0.007492846979127776
180,CHAPINERO,2024,2,25.0,10.68563335987662,media_localidad,Baseline - media por localidad,prueba_2024,10.49179001194243,media_localidad,0,False,0.193843347934191,0.193843347934191
197,CIUDAD BOLIVAR,2024,2,25.0,11.00048376971085,media_localidad,Baseline - media por localidad,prueba_2024,10.903476337627948,media_localidad,0,False,0.09700743208290241,0.09700743208290241
188,ENGATIVA,2024,2,25.0,10.37749758613791,media_localidad,Baseline - media por localidad,prueba_2024,10.184736305017362,media_localidad,0,False,0.19276128112054813,0.19276128112054813
187,FONTIBON,2024,2,25.0,12.38930801956865,media_localidad,Baseline - media por localidad,prueba_2024,12.898683618267071,media_localidad,0,False,-0.509375598698421,0.509375598698421
186,KENNEDY,2024,2,25.0,10.28940351933042,media_localidad,Baseline - media por localidad,prueba_2024,10.273999153470953,media_localidad,0,False,0.015404365859467362,0.015404365859467362
195,LA CANDELARIA,2024,2,25.0,16.84900206469374,media_localidad,Baseline - media por localidad,prueba_2024,16.66256082507014,media_localidad,0,False,0.1864412396235977,0.1864412396235977
192,LOS MARTIRES,2024,2,25.0,11.31006498554149,media_localidad,Baseline - media por localidad,prueba_2024,11.501052774205652,media_localidad,0,False,-0.19098778866416133,0.19098778866416133
194,PUENTE ARANDA,2024,2,25.0,15.12542038655303,media_localidad,Baseline - media por localidad,prueba_2024,16.312351586429553,media_localidad,0,False,-1.1869311998765237,1.1869311998765237
196,RAFAEL URIBE URIBE,2024,2,25.0,11.28338404719874,media_localidad,Baseline - media por localidad,prueba_2024,11.326167470956387,media_localidad,0,False,-0.04278342375764588,0.04278342375764588
182,SAN CRISTOBAL,2024,2,25.0,10.96461743103348,media_localidad,Baseline - media por localidad,prueba_2024,11.038622474402649,media_localidad,0,False,-0.07400504336916924,0.07400504336916924
181,SANTA FE,2024,2,25.0,10.92882072977261,media_localidad,Baseline - media por localidad,prueba_2024,10.845217074699667,media_localidad,0,False,0.08360365507294354,0.08360365507294354
189,SUBA,2024,2,25.0,9.902885856283808,media_localidad,Baseline - media por localidad,prueba_2024,10.058596861080728,media_localidad,0,False,-0.15571100479692035,0.15571100479692035
198,SUMAPAZ,2024,2,25.0,22.0,media_localidad,Baseline - media por localidad,prueba_2024,17.69378111670895,media_localidad,0,False,4.306218883291049,4.306218883291049
191,TEUSAQUILLO,2024,2,25.0,10.09315592024842,media_localidad,Baseline - media por localidad,prueba_2024,10.368772656729645,media_localidad,0,False,-0.27561673648122564,0.27561673648122564
184,TUNJUELITO,2024,2,25.0,14.00760153677278,media_localidad,Baseline - media por localidad,prueba_2024,14.200242214970613,media_localidad,0,False,-0.19264067819783293,0.19264067819783293
179,USAQUEN,2024,2,25.0,10.4762190892342,media_localidad,Baseline - media por localidad,prueba_2024,10.452337139207446,media_localidad,0,False,0.023881950026755305,0.023881950026755305
183,USME,2024,2,25.0,10.2714043330723,media_localidad,Baseline - media por localidad,prueba_2024,10.157367230768537,media_localidad,0,False,0.1140371023037634,0.1140371023037634
293,ANTONIO NARINO,2024,3,26.0,10.69389825506327,media_localidad,Baseline - media por localidad,prueba_2024,10.889994906573369,media_localidad,0,False,-0.19609665151009814,0.19609665151009814
290,BARRIOS UNIDOS,2024,3,26.0,11.02788996142492,media_localidad,Baseline - media por localidad,prueba_2024,11.200883080804864,media_localidad,0,False,-0.1729931193799441,0.1729931193799441
285,BOSA,2024,3,26.0,9.598112473466491,media_localidad,Baseline - media por localidad,prueba_2024,9.572150931888137,media_localidad,0,False,0.025961541578354286,0.025961541578354286
280,CHAPINERO,2024,3,26.0,11.40855222784479,media_localidad,Baseline - media por localidad,prueba_2024,10.49179001194243,media_localidad,0,False,0.9167622159023612,0.9167622159023612
297,CIUDAD BOLIVAR,2024,3,26.0,10.95554630332417,media_localidad,Baseline - media por localidad,prueba_2024,10.903476337627948,media_localidad,0,False,0.05206996569622113,0.05206996569622113
288,ENGATIVA,2024,3,26.0,10.21859162616628,media_localidad,Baseline - media por localidad,prueba_2024,10.184736305017362,media_localidad,0,False,0.033855321148918094,0.033855321148918094
287,FONTIBON,2024,3,26.0,12.81182344484594,media_localidad,Baseline - media por localidad,prueba_2024,12.898683618267071,media_localidad,0,False,-0.08686017342113139,0.08686017342113139
286,KENNEDY,2024,3,26.0,10.389192950878,media_localidad,Baseline - media por localidad,prueba_2024,10.273999153470953,media_localidad,0,False,0.11519379740704672,0.11519379740704672
295,LA CANDELARIA,2024,3,26.0,16.73342047330765,media_localidad,Baseline - media por localidad,prueba_2024,16.66256082507014,media_localidad,0,False,0.07085964823750857,0.07085964823750857
292,LOS MARTIRES,2024,3,26.0,11.13734085065518,media_localidad,Baseline - media por localidad,prueba_2024,11.501052774205652,media_localidad,0,False,-0.363711923550472,0.363711923550472
294,PUENTE ARANDA,2024,3,26.0,15.21598083314425,media_localidad,Baseline - media por localidad,prueba_2024,16.312351586429553,media_localidad,0,False,-1.0963707532853029,1.0963707532853029
296,RAFAEL URIBE URIBE,2024,3,26.0,11.13446700214009,media_localidad,Baseline - media por localidad,prueba_2024,11.326167470956387,media_localidad,0,False,-0.19170046881629688,0.19170046881629688
282,SAN CRISTOBAL,2024,3,26.0,10.68659660618086,media_localidad,Baseline - media por localidad,prueba_2024,11.038622474402649,media_localidad,0,False,-0.35202586822178894,0.35202586822178894
281,SANTA FE,2024,3,26.0,11.19215328949106,media_localidad,Baseline - media por localidad,prueba_2024,10.845217074699667,media_localidad,0,False,0.346936214791393,0.346936214791393
289,SUBA,2024,3,26.0,9.985130365416557,media_localidad,Baseline - media por localidad,prueba_2024,10.058596861080728,media_localidad,0,False,-0.07346649566417085,0.07346649566417085
298,SUMAPAZ,2024,3,26.0,19.0,media_localidad,Baseline - media por localidad,prueba_2024,17.69378111670895,media_localidad,0,False,1.3062188832910486,1.3062188832910486
291,TEUSAQUILLO,2024,3,26.0,10.53746793568915,media_localidad,Baseline - media por localidad,prueba_2024,10.368772656729645,media_localidad,0,False,0.16869527895950576,0.16869527895950576
284,TUNJUELITO,2024,3,26.0,13.98157029323102,media_localidad,Baseline - media por localidad,prueba_2024,14.200242214970613,media_localidad,0,False,-0.2186719217395936,0.2186719217395936
279,USAQUEN,2024,3,26.0,10.24685452017917,media_localidad,Baseline - media por localidad,prueba_2024,10.452337139207446,media_localidad,0,False,-0.2054826190282757,0.2054826190282757
283,USME,2024,3,26.0,10.124127025184,media_localidad,Baseline - media por localidad,prueba_2024,10.157367230768537,media_localidad,0,False,-0.03324020558453711,0.03324020558453711
393,ANTONIO NARINO,2024,4,27.0,9.244175038934864,media_localidad,Baseline - media por localidad,prueba_2024,10.889994906573369,media_localidad,0,False,-1.6458198676385045,1.6458198676385045
390,BARRIOS UNIDOS,2024,4,27.0,10.13724497178411,media_localidad,Baseline - media por localidad,prueba_2024,11.200883080804864,media_localidad,0,False,-1.0636381090207543,1.0636381090207543
385,BOSA,2024,4,27.0,8.986675792835957,media_localidad,Baseline - media por localidad,prueba_2024,9.572150931888137,media_localidad,0,False,-0.5854751390521802,0.5854751390521802
380,CHAPINERO,2024,4,27.0,10.26520185493747,media_localidad,Baseline - media por localidad,prueba_2024,10.49179001194243,media_localidad,0,False,-0.2265881570049597,0.2265881570049597
397,CIUDAD BOLIVAR,2024,4,27.0,9.948590859516647,media_localidad,Baseline - media por localidad,prueba_2024,10.903476337627948,media_localidad,0,False,-0.9548854781113008,0.9548854781113008
388,ENGATIVA,2024,4,27.0,9.573945290382811,media_localidad,Baseline - media por localidad,prueba_2024,10.184736305017362,media_localidad,0,False,-0.6107910146345503,0.6107910146345503
387,FONTIBON,2024,4,27.0,11.77153360535838,media_localidad,Baseline - media por localidad,prueba_2024,12.898683618267071,media_localidad,0,False,-1.1271500129086913,1.1271500129086913
386,KENNEDY,2024,4,27.0,9.609876530317429,media_localidad,Baseline - media por localidad,prueba_2024,10.273999153470953,media_localidad,0,False,-0.6641226231535242,0.6641226231535242
395,LA CANDELARIA,2024,4,27.0,15.61123332875017,media_localidad,Baseline - media por localidad,prueba_2024,16.66256082507014,media_localidad,0,False,-1.0513274963199706,1.0513274963199706
392,LOS MARTIRES,2024,4,27.0,10.34196058402932,media_localidad,Baseline - media por localidad,prueba_2024,11.501052774205652,media_localidad,0,False,-1.1590921901763327,1.1590921901763327
394,PUENTE ARANDA,2024,4,27.0,14.37681244153414,media_localidad,Baseline - media por localidad,prueba_2024,16.312351586429553,media_localidad,0,False,-1.9355391448954133,1.9355391448954133
396,RAFAEL URIBE URIBE,2024,4,27.0,10.20627413127413,media_localidad,Baseline - media por localidad,prueba_2024,11.326167470956387,media_localidad,0,False,-1.1198933396822568,1.1198933396822568
382,SAN CRISTOBAL,2024,4,27.0,10.02104904936178,media_localidad,Baseline - media por localidad,prueba_2024,11.038622474402649,media_localidad,0,False,-1.0175734250408688,1.0175734250408688
381,SANTA FE,2024,4,27.0,10.32593501081395,media_localidad,Baseline - media por localidad,prueba_2024,10.845217074699667,media_localidad,0,False,-0.5192820638857167,0.5192820638857167
389,SUBA,2024,4,27.0,9.056744624659656,media_localidad,Baseline - media por localidad,prueba_2024,10.058596861080728,media_localidad,0,False,-1.0018522364210725,1.0018522364210725
391,TEUSAQUILLO,2024,4,27.0,9.62754204145483,media_localidad,Baseline - media por localidad,prueba_2024,10.368772656729645,media_localidad,0,False,-0.741230615274814,0.741230615274814
384,TUNJUELITO,2024,4,27.0,12.61263666412408,media_localidad,Baseline - media por localidad,prueba_2024,14.200242214970613,media_localidad,0,False,-1.5876055508465328,1.5876055508465328
379,USAQUEN,2024,4,27.0,9.978706683631465,media_localidad,Baseline - media por localidad,prueba_2024,10.452337139207446,media_localidad,0,False,-0.4736304555759805,0.4736304555759805
383,USME,2024,4,27.0,9.576611452188041,media_localidad,Baseline - media por localidad,prueba_2024,10.157367230768537,media_localidad,0,False,-0.580755778580496,0.580755778580496
492,ANTONIO NARINO,2024,5,28.0,8.814745075318656,media_localidad,Baseline - media por localidad,prueba_2024,10.889994906573369,media_localidad,0,False,-2.0752498312547125,2.0752498312547125
489,BARRIOS UNIDOS,2024,5,28.0,9.724489795918368,media_localidad,Baseline - media por localidad,prueba_2024,11.200883080804864,media_localidad,0,False,-1.4763932848864965,1.4763932848864965
484,BOSA,2024,5,28.0,8.627833355159396,media_localidad,Baseline - media por localidad,prueba_2024,9.572150931888137,media_localidad,0,False,-0.9443175767287411,0.9443175767287411
479,CHAPINERO,2024,5,28.0,10.01584302325581,media_localidad,Baseline - media por localidad,prueba_2024,10.49179001194243,media_localidad,0,False,-0.4759469886866192,0.4759469886866192
496,CIUDAD BOLIVAR,2024,5,28.0,9.012294659957576,media_localidad,Baseline - media por localidad,prueba_2024,10.903476337627948,media_localidad,0,False,-1.8911816776703727,1.8911816776703727
487,ENGATIVA,2024,5,28.0,8.938284004793475,media_localidad,Baseline - media por localidad,prueba_2024,10.184736305017362,media_localidad,0,False,-1.2464523002238863,1.2464523002238863
486,FONTIBON,2024,5,28.0,11.56480952272086,media_localidad,Baseline - media por localidad,prueba_2024,12.898683618267071,media_localidad,0,False,-1.3338740955462107,1.3338740955462107
485,KENNEDY,2024,5,28.0,9.386469851469174,media_localidad,Baseline - media por localidad,prueba_2024,10.273999153470953,media_localidad,0,False,-0.8875293020017789,0.8875293020017789
494,LA CANDELARIA,2024,5,28.0,11.60934782608696,media_localidad,Baseline - media por localidad,prueba_2024,16.66256082507014,media_localidad,0,False,-5.053212998983181,5.053212998983181
491,LOS MARTIRES,2024,5,28.0,8.99699170686758,media_localidad,Baseline - media por localidad,prueba_2024,11.501052774205652,media_localidad,0,False,-2.504061067338071,2.504061067338071
493,PUENTE ARANDA,2024,5,28.0,13.67249361430396,media_localidad,Baseline - media por localidad,prueba_2024,16.312351586429553,media_localidad,0,False,-2.6398579721255935,2.6398579721255935
495,RAFAEL URIBE URIBE,2024,5,28.0,9.643767754451604,media_localidad,Baseline - media por localidad,prueba_2024,11.326167470956387,media_localidad,0,False,-1.6823997165047828,1.6823997165047828
481,SAN CRISTOBAL,2024,5,28.0,8.892466507714184,media_localidad,Baseline - media por localidad,prueba_2024,11.038622474402649,media_localidad,0,False,-2.1461559666884646,2.1461559666884646
480,SANTA FE,2024,5,28.0,10.02996874425446,media_localidad,Baseline - media por localidad,prueba_2024,10.845217074699667,media_localidad,0,False,-0.8152483304452076,0.8152483304452076
488,SUBA,2024,5,28.0,8.851618714825337,media_localidad,Baseline - media por localidad,prueba_2024,10.058596861080728,media_localidad,0,False,-1.2069781462553912,1.2069781462553912
490,TEUSAQUILLO,2024,5,28.0,9.343738672169088,media_localidad,Baseline - media por localidad,prueba_2024,10.368772656729645,media_localidad,0,False,-1.0250339845605563,1.0250339845605563
483,TUNJUELITO,2024,5,28.0,11.54791746483498,media_localidad,Baseline - media por localidad,prueba_2024,14.200242214970613,media_localidad,0,False,-2.6523247501356337,2.6523247501356337
478,USAQUEN,2024,5,28.0,9.230260446354189,media_localidad,Baseline - media por localidad,prueba_2024,10.452337139207446,media_localidad,0,False,-1.222076692853257,1.222076692853257
482,USME,2024,5,28.0,9.110767020970986,media_localidad,Baseline - media por localidad,prueba_2024,10.157367230768537,media_localidad,0,False,-1.0466002097975515,1.0466002097975515
591,ANTONIO NARINO,2024,6,29.0,9.81149379544879,media_localidad,Baseline - media por localidad,prueba_2024,10.889994906573369,media_localidad,0,False,-1.078501111124579,1.078501111124579
588,BARRIOS UNIDOS,2024,6,29.0,10.20066992022187,media_localidad,Baseline - media por localidad,prueba_2024,11.200883080804864,media_localidad,0,False,-1.0002131605829945,1.0002131605829945
583,BOSA,2024,6,29.0,8.99725166974563,media_localidad,Baseline - media por localidad,prueba_2024,9.572150931888137,media_localidad,0,False,-0.5748992621425071,0.5748992621425071
578,CHAPINERO,2024,6,29.0,10.61109833409995,media_localidad,Baseline - media por localidad,prueba_2024,10.49179001194243,media_localidad,0,False,0.11930832215752041,0.11930832215752041
595,CIUDAD BOLIVAR,2024,6,29.0,10.14348267640046,media_localidad,Baseline - media por localidad,prueba_2024,10.903476337627948,media_localidad,0,False,-0.7599936612274885,0.7599936612274885
586,ENGATIVA,2024,6,29.0,9.235609584001997,media_localidad,Baseline - media por localidad,prueba_2024,10.184736305017362,media_localidad,0,False,-0.9491267210153644,0.9491267210153644
585,FONTIBON,2024,6,29.0,12.0820048419514,media_localidad,Baseline - media por localidad,prueba_2024,12.898683618267071,media_localidad,0,False,-0.8166787763156709,0.8166787763156709
584,KENNEDY,2024,6,29.0,9.600109695033964,media_localidad,Baseline - media por localidad,prueba_2024,10.273999153470953,media_localidad,0,False,-0.6738894584369888,0.6738894584369888
593,LA CANDELARIA,2024,6,29.0,15.82900522121462,media_localidad,Baseline - media por localidad,prueba_2024,16.66256082507014,media_localidad,0,False,-0.8335556038555207,0.8335556038555207
590,LOS MARTIRES,2024,6,29.0,10.10764465259663,media_localidad,Baseline - media por localidad,prueba_2024,11.501052774205652,media_localidad,0,False,-1.3934081216090224,1.3934081216090224
592,PUENTE ARANDA,2024,6,29.0,14.13906198100046,media_localidad,Baseline - media por localidad,prueba_2024,16.312351586429553,media_localidad,0,False,-2.173289605429094,2.173289605429094
594,RAFAEL URIBE URIBE,2024,6,29.0,10.04483560278977,media_localidad,Baseline - media por localidad,prueba_2024,11.326167470956387,media_localidad,0,False,-1.2813318681666175,1.2813318681666175
580,SAN CRISTOBAL,2024,6,29.0,9.908718036725588,media_localidad,Baseline - media por localidad,prueba_2024,11.038622474402649,media_localidad,0,False,-1.1299044376770606,1.1299044376770606
579,SANTA FE,2024,6,29.0,10.44112962189263,media_localidad,Baseline - media por localidad,prueba_2024,10.845217074699667,media_localidad,0,False,-0.40408745280703684,0.40408745280703684
587,SUBA,2024,6,29.0,9.272173625384362,media_localidad,Baseline - media por localidad,prueba_2024,10.058596861080728,media_localidad,0,False,-0.7864232356963665,0.7864232356963665
589,TEUSAQUILLO,2024,6,29.0,9.808223551785888,media_localidad,Baseline - media por localidad,prueba_2024,10.368772656729645,media_localidad,0,False,-0.5605491049437568,0.5605491049437568
582,TUNJUELITO,2024,6,29.0,12.70214453744734,media_localidad,Baseline - media por localidad,prueba_2024,14.200242214970613,media_localidad,0,False,-1.4980976775232726,1.4980976775232726
577,USAQUEN,2024,6,29.0,9.56027872124374,media_localidad,Baseline - media por localidad,prueba_2024,10.452337139207446,media_localidad,0,False,-0.892058417963705,0.892058417963705
581,USME,2024,6,29.0,9.373461318051575,media_localidad,Baseline - media por localidad,prueba_2024,10.157367230768537,media_localidad,0,False,-0.7839059127169623,0.7839059127169623
93,ANTONIO NARINO,2024,1,24.0,11.03687123857642,media_localidad_bimestre,Baseline - media localidad-bimestre,prueba_2024,11.242683165420102,media_localidad_bimestre,0,False,-0.20581192684368155,0.20581192684368155
90,BARRIOS UNIDOS,2024,1,24.0,11.25153172266218,media_localidad_bimestre,Baseline - media localidad-bimestre,prueba_2024,11.394458504248142,media_localidad_bimestre,0,False,-0.1429267815859614,0.1429267815859614
85,BOSA,2024,1,24.0,9.622822534790625,media_localidad_bimestre,Baseline - media localidad-bimestre,prueba_2024,9.647797313585565,media_localidad_bimestre,0,False,-0.024974778794939922,0.024974778794939922
80,CHAPINERO,2024,1,24.0,11.41232984372324,media_localidad_bimestre,Baseline - media localidad-bimestre,prueba_2024,10.90705550639889,media_localidad_bimestre,0,False,0.5052743373243498,0.5052743373243498
97,CIUDAD BOLIVAR,2024,1,24.0,10.86909424091507,media_localidad_bimestre,Baseline - media localidad-bimestre,prueba_2024,10.95372286316042,media_localidad_bimestre,0,False,-0.08462862224535073,0.08462862224535073
88,ENGATIVA,2024,1,24.0,10.20474810424475,media_localidad_bimestre,Baseline - media localidad-bimestre,prueba_2024,10.368673448785907,media_localidad_bimestre,0,False,-0.16392534454115726,0.16392534454115726
87,FONTIBON,2024,1,24.0,12.92809890890914,media_localidad_bimestre,Baseline - media localidad-bimestre,prueba_2024,13.337796857518713,media_localidad_bimestre,0,False,-0.40969794860957265,0.40969794860957265
86,KENNEDY,2024,1,24.0,10.40674106126167,media_localidad_bimestre,Baseline - media localidad-bimestre,prueba_2024,10.381692214994132,media_localidad_bimestre,0,False,0.025048846267537783,0.025048846267537783
95,LA CANDELARIA,2024,1,24.0,18.42308750687947,media_localidad_bimestre,Baseline - media localidad-bimestre,prueba_2024,17.015107106283242,media_localidad_bimestre,0,False,1.4079804005962266,1.4079804005962266
92,LOS MARTIRES,2024,1,24.0,11.44132693092301,media_localidad_bimestre,Baseline - media localidad-bimestre,prueba_2024,12.091219566041737,media_localidad_bimestre,0,False,-0.6498926351187269,0.6498926351187269
94,PUENTE ARANDA,2024,1,24.0,14.17890474177814,media_localidad_bimestre,Baseline - media localidad-bimestre,prueba_2024,16.906348071465647,media_localidad_bimestre,0,False,-2.7274433296875067,2.7274433296875067
96,RAFAEL URIBE URIBE,2024,1,24.0,11.25309454219407,media_localidad_bimestre,Baseline - media localidad-bimestre,prueba_2024,11.44583255482223,media_localidad_bimestre,0,False,-0.19273801262816015,0.19273801262816015
82,SAN CRISTOBAL,2024,1,24.0,10.7858811420906,media_localidad_bimestre,Baseline - media localidad-bimestre,prueba_2024,11.008168208253247,media_localidad_bimestre,0,False,-0.2222870661626466,0.2222870661626466
81,SANTA FE,2024,1,24.0,11.30923158312392,media_localidad_bimestre,Baseline - media localidad-bimestre,prueba_2024,11.2846972991086,media_localidad_bimestre,0,False,0.024534284015318875,0.024534284015318875
89,SUBA,2024,1,24.0,9.987513167557339,media_localidad_bimestre,Baseline - media localidad-bimestre,prueba_2024,10.177145377760066,media_localidad_bimestre,0,False,-0.1896322102027277,0.1896322102027277
98,SUMAPAZ,2024,1,24.0,20.0,media_localidad_bimestre,Baseline - media localidad-bimestre,prueba_2024,22.31887883358472,media_localidad_bimestre,0,False,-2.3188788335847192,2.3188788335847192
91,TEUSAQUILLO,2024,1,24.0,10.69041653176424,media_localidad_bimestre,Baseline - media localidad-bimestre,prueba_2024,10.802054180646437,media_localidad_bimestre,0,False,-0.11163764888219596,0.11163764888219596
84,TUNJUELITO,2024,1,24.0,14.10489740983877,media_localidad_bimestre,Baseline - media localidad-bimestre,prueba_2024,14.377631203193703,media_localidad_bimestre,0,False,-0.27273379335493253,0.27273379335493253
79,USAQUEN,2024,1,24.0,10.73710961691586,media_localidad_bimestre,Baseline - media localidad-bimestre,prueba_2024,10.605031381706327,media_localidad_bimestre,0,False,0.13207823520953355,0.13207823520953355
83,USME,2024,1,24.0,10.26438647825673,media_localidad_bimestre,Baseline - media localidad-bimestre,prueba_2024,10.164472714618121,media_localidad_bimestre,0,False,0.09991376363860915,0.09991376363860915
193,ANTONIO NARINO,2024,2,25.0,10.88908052371945,media_localidad_bimestre,Baseline - media localidad-bimestre,prueba_2024,11.11008047349153,media_localidad_bimestre,0,False,-0.22099994977208048,0.22099994977208048
190,BARRIOS UNIDOS,2024,2,25.0,10.73237917406911,media_localidad_bimestre,Baseline - media localidad-bimestre,prueba_2024,11.091149061888618,media_localidad_bimestre,0,False,-0.35876988781950914,0.35876988781950914
185,BOSA,2024,2,25.0,9.56465808490901,media_localidad_bimestre,Baseline - media localidad-bimestre,prueba_2024,9.488569720310263,media_localidad_bimestre,0,False,0.07608836459874624,0.07608836459874624
180,CHAPINERO,2024,2,25.0,10.68563335987662,media_localidad_bimestre,Baseline - media localidad-bimestre,prueba_2024,10.265177104402214,media_localidad_bimestre,0,False,0.4204562554744058,0.4204562554744058
197,CIUDAD BOLIVAR,2024,2,25.0,11.00048376971085,media_localidad_bimestre,Baseline - media localidad-bimestre,prueba_2024,10.834384809426936,media_localidad_bimestre,0,False,0.16609896028391447,0.16609896028391447
188,ENGATIVA,2024,2,25.0,10.37749758613791,media_localidad_bimestre,Baseline - media localidad-bimestre,prueba_2024,10.166271780026529,media_localidad_bimestre,0,False,0.21122580611138098,0.21122580611138098
187,FONTIBON,2024,2,25.0,12.38930801956865,media_localidad_bimestre,Baseline - media localidad-bimestre,prueba_2024,12.917704443133642,media_localidad_bimestre,0,False,-0.5283964235649918,0.5283964235649918
186,KENNEDY,2024,2,25.0,10.28940351933042,media_localidad_bimestre,Baseline - media localidad-bimestre,prueba_2024,10.237038029868216,media_localidad_bimestre,0,False,0.052365489462204096,0.052365489462204096
195,LA CANDELARIA,2024,2,25.0,16.84900206469374,media_localidad_bimestre,Baseline - media localidad-bimestre,prueba_2024,16.66293680642909,media_localidad_bimestre,0,False,0.18606525826464804,0.18606525826464804
192,LOS MARTIRES,2024,2,25.0,11.31006498554149,media_localidad_bimestre,Baseline - media localidad-bimestre,prueba_2024,11.621560792559332,media_localidad_bimestre,0,False,-0.31149580701784174,0.31149580701784174
194,PUENTE ARANDA,2024,2,25.0,15.12542038655303,media_localidad_bimestre,Baseline - media localidad-bimestre,prueba_2024,16.626239528926327,media_localidad_bimestre,0,False,-1.500819142373297,1.500819142373297
196,RAFAEL URIBE URIBE,2024,2,25.0,11.28338404719874,media_localidad_bimestre,Baseline - media localidad-bimestre,prueba_2024,11.405969375038914,media_localidad_bimestre,0,False,-0.12258532784017362,0.12258532784017362
182,SAN CRISTOBAL,2024,2,25.0,10.96461743103348,media_localidad_bimestre,Baseline - media localidad-bimestre,prueba_2024,11.168761909237567,media_localidad_bimestre,0,False,-0.20414447820408732,0.20414447820408732
181,SANTA FE,2024,2,25.0,10.92882072977261,media_localidad_bimestre,Baseline - media localidad-bimestre,prueba_2024,11.081311117240936,media_localidad_bimestre,0,False,-0.1524903874683261,0.1524903874683261
189,SUBA,2024,2,25.0,9.902885856283808,media_localidad_bimestre,Baseline - media localidad-bimestre,prueba_2024,9.837233817032457,media_localidad_bimestre,0,False,0.06565203925135066,0.06565203925135066
198,SUMAPAZ,2024,2,25.0,22.0,media_localidad_bimestre,Baseline - media localidad-bimestre,prueba_2024,21.062193454065273,media_localidad_bimestre,0,False,0.9378065459347269,0.9378065459347269
191,TEUSAQUILLO,2024,2,25.0,10.09315592024842,media_localidad_bimestre,Baseline - media localidad-bimestre,prueba_2024,10.177628027577871,media_localidad_bimestre,0,False,-0.08447210732945187,0.08447210732945187
184,TUNJUELITO,2024,2,25.0,14.00760153677278,media_localidad_bimestre,Baseline - media localidad-bimestre,prueba_2024,14.378563174127759,media_localidad_bimestre,0,False,-0.3709616373549789,0.3709616373549789
179,USAQUEN,2024,2,25.0,10.4762190892342,media_localidad_bimestre,Baseline - media localidad-bimestre,prueba_2024,10.328441943555795,media_localidad_bimestre,0,False,0.14777714567840583,0.14777714567840583
183,USME,2024,2,25.0,10.2714043330723,media_localidad_bimestre,Baseline - media localidad-bimestre,prueba_2024,10.17986786099571,media_localidad_bimestre,0,False,0.09153647207659077,0.09153647207659077
293,ANTONIO NARINO,2024,3,26.0,10.69389825506327,media_localidad_bimestre,Baseline - media localidad-bimestre,prueba_2024,10.96869536818573,media_localidad_bimestre,0,False,-0.27479711312245847,0.27479711312245847
290,BARRIOS UNIDOS,2024,3,26.0,11.02788996142492,media_localidad_bimestre,Baseline - media localidad-bimestre,prueba_2024,11.387641913724213,media_localidad_bimestre,0,False,-0.3597519522992929,0.3597519522992929
285,BOSA,2024,3,26.0,9.598112473466491,media_localidad_bimestre,Baseline - media localidad-bimestre,prueba_2024,9.564188626801153,media_localidad_bimestre,0,False,0.03392384666533843,0.03392384666533843
280,CHAPINERO,2024,3,26.0,11.40855222784479,media_localidad_bimestre,Baseline - media localidad-bimestre,prueba_2024,10.870161966238275,media_localidad_bimestre,0,False,0.5383902616065157,0.5383902616065157
297,CIUDAD BOLIVAR,2024,3,26.0,10.95554630332417,media_localidad_bimestre,Baseline - media localidad-bimestre,prueba_2024,10.98165161380236,media_localidad_bimestre,0,False,-0.02610531047819009,0.02610531047819009
288,ENGATIVA,2024,3,26.0,10.21859162616628,media_localidad_bimestre,Baseline - media localidad-bimestre,prueba_2024,10.24863005648109,media_localidad_bimestre,0,False,-0.030038430314810682,0.030038430314810682
287,FONTIBON,2024,3,26.0,12.81182344484594,media_localidad_bimestre,Baseline - media localidad-bimestre,prueba_2024,13.382390365054334,media_localidad_bimestre,0,False,-0.5705669202083943,0.5705669202083943
286,KENNEDY,2024,3,26.0,10.389192950878,media_localidad_bimestre,Baseline - media localidad-bimestre,prueba_2024,10.39604838696793,media_localidad_bimestre,0,False,-0.0068554360899302225,0.0068554360899302225
295,LA CANDELARIA,2024,3,26.0,16.73342047330765,media_localidad_bimestre,Baseline - media localidad-bimestre,prueba_2024,18.10469756695285,media_localidad_bimestre,0,False,-1.371277093645201,1.371277093645201
292,LOS MARTIRES,2024,3,26.0,11.13734085065518,media_localidad_bimestre,Baseline - media localidad-bimestre,prueba_2024,11.634535436494355,media_localidad_bimestre,0,False,-0.49719458583917486,0.49719458583917486
294,PUENTE ARANDA,2024,3,26.0,15.21598083314425,media_localidad_bimestre,Baseline - media localidad-bimestre,prueba_2024,16.848877579413884,media_localidad_bimestre,0,False,-1.6328967462696333,1.6328967462696333
296,RAFAEL URIBE URIBE,2024,3,26.0,11.13446700214009,media_localidad_bimestre,Baseline - media localidad-bimestre,prueba_2024,11.496781296242524,media_localidad_bimestre,0,False,-0.36231429410243443,0.36231429410243443
282,SAN CRISTOBAL,2024,3,26.0,10.68659660618086,media_localidad_bimestre,Baseline - media localidad-bimestre,prueba_2024,11.148952996920736,media_localidad_bimestre,0,False,-0.4623563907398758,0.4623563907398758
281,SANTA FE,2024,3,26.0,11.19215328949106,media_localidad_bimestre,Baseline - media localidad-bimestre,prueba_2024,11.259795846555104,media_localidad_bimestre,0,False,-0.06764255706404398,0.06764255706404398
289,SUBA,2024,3,26.0,9.985130365416557,media_localidad_bimestre,Baseline - media localidad-bimestre,prueba_2024,10.09329773880968,media_localidad_bimestre,0,False,-0.10816737339312255,0.10816737339312255
298,SUMAPAZ,2024,3,26.0,19.0,media_localidad_bimestre,Baseline - media localidad-bimestre,prueba_2024,17.2119680258467,media_localidad_bimestre,0,False,1.7880319741532986,1.7880319741532986
291,TEUSAQUILLO,2024,3,26.0,10.53746793568915,media_localidad_bimestre,Baseline - media localidad-bimestre,prueba_2024,10.699515826261017,media_localidad_bimestre,0,False,-0.1620478905718663,0.1620478905718663
284,TUNJUELITO,2024,3,26.0,13.98157029323102,media_localidad_bimestre,Baseline - media localidad-bimestre,prueba_2024,14.55705606292704,media_localidad_bimestre,0,False,-0.5754857696960212,0.5754857696960212
279,USAQUEN,2024,3,26.0,10.24685452017917,media_localidad_bimestre,Baseline - media localidad-bimestre,prueba_2024,10.57785639986426,media_localidad_bimestre,0,False,-0.33100187968508976,0.33100187968508976
283,USME,2024,3,26.0,10.124127025184,media_localidad_bimestre,Baseline - media localidad-bimestre,prueba_2024,10.178727453517396,media_localidad_bimestre,0,False,-0.05460042833339607,0.05460042833339607
393,ANTONIO NARINO,2024,4,27.0,9.244175038934864,media_localidad_bimestre,Baseline - media localidad-bimestre,prueba_2024,10.565529834529423,media_localidad_bimestre,0,False,-1.3213547955945586,1.3213547955945586
390,BARRIOS UNIDOS,2024,4,27.0,10.13724497178411,media_localidad_bimestre,Baseline - media localidad-bimestre,prueba_2024,10.985098964150435,media_localidad_bimestre,0,False,-0.8478539923663249,0.8478539923663249
385,BOSA,2024,4,27.0,8.986675792835957,media_localidad_bimestre,Baseline - media localidad-bimestre,prueba_2024,9.546115539485923,media_localidad_bimestre,0,False,-0.5594397466499661,0.5594397466499661
380,CHAPINERO,2024,4,27.0,10.26520185493747,media_localidad_bimestre,Baseline - media localidad-bimestre,prueba_2024,10.128950415090845,media_localidad_bimestre,0,False,0.13625143984662458,0.13625143984662458
397,CIUDAD BOLIVAR,2024,4,27.0,9.948590859516647,media_localidad_bimestre,Baseline - media localidad-bimestre,prueba_2024,10.907779577009414,media_localidad_bimestre,0,False,-0.9591887174927667,0.9591887174927667
388,ENGATIVA,2024,4,27.0,9.573945290382811,media_localidad_bimestre,Baseline - media localidad-bimestre,prueba_2024,10.0167700732451,media_localidad_bimestre,0,False,-0.44282478286228866,0.44282478286228866
387,FONTIBON,2024,4,27.0,11.77153360535838,media_localidad_bimestre,Baseline - media localidad-bimestre,prueba_2024,12.380388550405371,media_localidad_bimestre,0,False,-0.6088549450469909,0.6088549450469909
386,KENNEDY,2024,4,27.0,9.609876530317429,media_localidad_bimestre,Baseline - media localidad-bimestre,prueba_2024,10.109465412824722,media_localidad_bimestre,0,False,-0.49958888250729316,0.49958888250729316
395,LA CANDELARIA,2024,4,27.0,15.61123332875017,media_localidad_bimestre,Baseline - media localidad-bimestre,prueba_2024,15.868500525876094,media_localidad_bimestre,0,False,-0.2572671971259233,0.2572671971259233
392,LOS MARTIRES,2024,4,27.0,10.34196058402932,media_localidad_bimestre,Baseline - media localidad-bimestre,prueba_2024,10.98190056551779,media_localidad_bimestre,0,False,-0.639939981488471,0.639939981488471
394,PUENTE ARANDA,2024,4,27.0,14.37681244153414,media_localidad_bimestre,Baseline - media localidad-bimestre,prueba_2024,15.647804772997132,media_localidad_bimestre,0,False,-1.2709923314629918,1.2709923314629918
396,RAFAEL URIBE URIBE,2024,4,27.0,10.20627413127413,media_localidad_bimestre,Baseline - media localidad-bimestre,prueba_2024,11.208220535408259,media_localidad_bimestre,0,False,-1.001946404134129,1.001946404134129
382,SAN CRISTOBAL,2024,4,27.0,10.02104904936178,media_localidad_bimestre,Baseline - media localidad-bimestre,prueba_2024,10.976672624527515,media_localidad_bimestre,0,False,-0.9556235751657347,0.9556235751657347
381,SANTA FE,2024,4,27.0,10.32593501081395,media_localidad_bimestre,Baseline - media localidad-bimestre,prueba_2024,10.427792434287944,media_localidad_bimestre,0,False,-0.1018574234739944,0.1018574234739944
389,SUBA,2024,4,27.0,9.056744624659656,media_localidad_bimestre,Baseline - media localidad-bimestre,prueba_2024,10.117422183680658,media_localidad_bimestre,0,False,-1.060677559021002,1.060677559021002
391,TEUSAQUILLO,2024,4,27.0,9.62754204145483,media_localidad_bimestre,Baseline - media localidad-bimestre,prueba_2024,10.052229792425052,media_localidad_bimestre,0,False,-0.4246877509702216,0.4246877509702216
384,TUNJUELITO,2024,4,27.0,12.61263666412408,media_localidad_bimestre,Baseline - media localidad-bimestre,prueba_2024,13.979814775157273,media_localidad_bimestre,0,False,-1.3671781110331924,1.3671781110331924
379,USAQUEN,2024,4,27.0,9.978706683631465,media_localidad_bimestre,Baseline - media localidad-bimestre,prueba_2024,10.336333064680556,media_localidad_bimestre,0,False,-0.3576263810490907,0.3576263810490907
383,USME,2024,4,27.0,9.576611452188041,media_localidad_bimestre,Baseline - media localidad-bimestre,prueba_2024,10.150711894501132,media_localidad_bimestre,0,False,-0.5741004423130907,0.5741004423130907
492,ANTONIO NARINO,2024,5,28.0,8.814745075318656,media_localidad_bimestre,Baseline - media localidad-bimestre,prueba_2024,10.67046274758394,media_localidad_bimestre,0,False,-1.8557176722652837,1.8557176722652837
489,BARRIOS UNIDOS,2024,5,28.0,9.724489795918368,media_localidad_bimestre,Baseline - media localidad-bimestre,prueba_2024,11.029135401669867,media_localidad_bimestre,0,False,-1.3046456057514995,1.3046456057514995
484,BOSA,2024,5,28.0,8.627833355159396,media_localidad_bimestre,Baseline - media localidad-bimestre,prueba_2024,9.479047218108605,media_localidad_bimestre,0,False,-0.8512138629492085,0.8512138629492085
479,CHAPINERO,2024,5,28.0,10.01584302325581,media_localidad_bimestre,Baseline - media localidad-bimestre,prueba_2024,10.079434960667536,media_localidad_bimestre,0,False,-0.06359193741172575,0.06359193741172575
496,CIUDAD BOLIVAR,2024,5,28.0,9.012294659957576,media_localidad_bimestre,Baseline - media localidad-bimestre,prueba_2024,10.821502419156888,media_localidad_bimestre,0,False,-1.809207759199312,1.809207759199312
487,ENGATIVA,2024,5,28.0,8.938284004793475,media_localidad_bimestre,Baseline - media localidad-bimestre,prueba_2024,10.081851901918586,media_localidad_bimestre,0,False,-1.143567897125111,1.143567897125111
486,FONTIBON,2024,5,28.0,11.56480952272086,media_localidad_bimestre,Baseline - media localidad-bimestre,prueba_2024,12.575034411464724,media_localidad_bimestre,0,False,-1.0102248887438634,1.0102248887438634
485,KENNEDY,2024,5,28.0,9.386469851469174,media_localidad_bimestre,Baseline - media localidad-bimestre,prueba_2024,10.119213617632717,media_localidad_bimestre,0,False,-0.7327437661635425,0.7327437661635425
494,LA CANDELARIA,2024,5,28.0,11.60934782608696,media_localidad_bimestre,Baseline - media localidad-bimestre,prueba_2024,15.71588743834527,media_localidad_bimestre,0,False,-4.1065396122583095,4.1065396122583095
491,LOS MARTIRES,2024,5,28.0,8.99699170686758,media_localidad_bimestre,Baseline - media localidad-bimestre,prueba_2024,11.210607954284441,media_localidad_bimestre,0,False,-2.2136162474168604,2.2136162474168604
493,PUENTE ARANDA,2024,5,28.0,13.67249361430396,media_localidad_bimestre,Baseline - media localidad-bimestre,prueba_2024,15.781950794158007,media_localidad_bimestre,0,False,-2.109457179854047,2.109457179854047
495,RAFAEL URIBE URIBE,2024,5,28.0,9.643767754451604,media_localidad_bimestre,Baseline - media localidad-bimestre,prueba_2024,11.13407714732292,media_localidad_bimestre,0,False,-1.4903093928713158,1.4903093928713158
481,SAN CRISTOBAL,2024,5,28.0,8.892466507714184,media_localidad_bimestre,Baseline - media localidad-bimestre,prueba_2024,10.89019277328326,media_localidad_bimestre,0,False,-1.9977262655690762,1.9977262655690762
480,SANTA FE,2024,5,28.0,10.02996874425446,media_localidad_bimestre,Baseline - media localidad-bimestre,prueba_2024,10.356291664028333,media_localidad_bimestre,0,False,-0.3263229197738742,0.3263229197738742
488,SUBA,2024,5,28.0,8.851618714825337,media_localidad_bimestre,Baseline - media localidad-bimestre,prueba_2024,9.941170524280206,media_localidad_bimestre,0,False,-1.0895518094548695,1.0895518094548695
490,TEUSAQUILLO,2024,5,28.0,9.343738672169088,media_localidad_bimestre,Baseline - media localidad-bimestre,prueba_2024,10.118249310561442,media_localidad_bimestre,0,False,-0.7745106383923535,0.7745106383923535
483,TUNJUELITO,2024,5,28.0,11.54791746483498,media_localidad_bimestre,Baseline - media localidad-bimestre,prueba_2024,13.85530025207798,media_localidad_bimestre,0,False,-2.307382787243,2.307382787243
478,USAQUEN,2024,5,28.0,9.230260446354189,media_localidad_bimestre,Baseline - media localidad-bimestre,prueba_2024,10.43821746845006,media_localidad_bimestre,0,False,-1.2079570220958722,1.2079570220958722
482,USME,2024,5,28.0,9.110767020970986,media_localidad_bimestre,Baseline - media localidad-bimestre,prueba_2024,10.122213476019615,media_localidad_bimestre,0,False,-1.0114464550486293,1.0114464550486293
591,ANTONIO NARINO,2024,6,29.0,9.81149379544879,media_localidad_bimestre,Baseline - media localidad-bimestre,prueba_2024,10.782517850229482,media_localidad_bimestre,0,False,-0.9710240547806919,0.9710240547806919
588,BARRIOS UNIDOS,2024,6,29.0,10.20066992022187,media_localidad_bimestre,Baseline - media localidad-bimestre,prueba_2024,11.317814639147912,media_localidad_bimestre,0,False,-1.117144718926042,1.117144718926042
583,BOSA,2024,6,29.0,8.99725166974563,media_localidad_bimestre,Baseline - media localidad-bimestre,prueba_2024,9.707187173037312,media_localidad_bimestre,0,False,-0.7099355032916819,0.7099355032916819
578,CHAPINERO,2024,6,29.0,10.61109833409995,media_localidad_bimestre,Baseline - media localidad-bimestre,prueba_2024,10.69996011885682,media_localidad_bimestre,0,False,-0.08886178475687068,0.08886178475687068
595,CIUDAD BOLIVAR,2024,6,29.0,10.14348267640046,media_localidad_bimestre,Baseline - media localidad-bimestre,prueba_2024,10.921816743211675,media_localidad_bimestre,0,False,-0.7783340668112153,0.7783340668112153
586,ENGATIVA,2024,6,29.0,9.235609584001997,media_localidad_bimestre,Baseline - media localidad-bimestre,prueba_2024,10.22622056964695,media_localidad_bimestre,0,False,-0.9906109856449525,0.9906109856449525
585,FONTIBON,2024,6,29.0,12.0820048419514,media_localidad_bimestre,Baseline - media localidad-bimestre,prueba_2024,12.798787082025644,media_localidad_bimestre,0,False,-0.7167822400742434,0.7167822400742434
584,KENNEDY,2024,6,29.0,9.600109695033964,media_localidad_bimestre,Baseline - media localidad-bimestre,prueba_2024,10.400537258537998,media_localidad_bimestre,0,False,-0.8004275635040337,0.8004275635040337
593,LA CANDELARIA,2024,6,29.0,15.82900522121462,media_localidad_bimestre,Baseline - media localidad-bimestre,prueba_2024,16.608235506534285,media_localidad_bimestre,0,False,-0.7792302853196649,0.7792302853196649
590,LOS MARTIRES,2024,6,29.0,10.10764465259663,media_localidad_bimestre,Baseline - media localidad-bimestre,prueba_2024,11.466492330336248,media_localidad_bimestre,0,False,-1.3588476777396181,1.3588476777396181
592,PUENTE ARANDA,2024,6,29.0,14.13906198100046,media_localidad_bimestre,Baseline - media localidad-bimestre,prueba_2024,16.062888771616322,media_localidad_bimestre,0,False,-1.9238267906158626,1.9238267906158626
594,RAFAEL URIBE URIBE,2024,6,29.0,10.04483560278977,media_localidad_bimestre,Baseline - media localidad-bimestre,prueba_2024,11.266123916903478,media_localidad_bimestre,0,False,-1.2212883141137088,1.2212883141137088
580,SAN CRISTOBAL,2024,6,29.0,9.908718036725588,media_localidad_bimestre,Baseline - media localidad-bimestre,prueba_2024,11.038986334193563,media_localidad_bimestre,0,False,-1.1302682974679747,1.1302682974679747
579,SANTA FE,2024,6,29.0,10.44112962189263,media_localidad_bimestre,Baseline - media localidad-bimestre,prueba_2024,10.66141408697708,media_localidad_bimestre,0,False,-0.22028446508445043,0.22028446508445043
587,SUBA,2024,6,29.0,9.272173625384362,media_localidad_bimestre,Baseline - media localidad-bimestre,prueba_2024,10.185311524921303,media_localidad_bimestre,0,False,-0.9131378995369417,0.9131378995369417
589,TEUSAQUILLO,2024,6,29.0,9.808223551785888,media_localidad_bimestre,Baseline - media localidad-bimestre,prueba_2024,10.362958802906055,media_localidad_bimestre,0,False,-0.5547352511201673,0.5547352511201673
582,TUNJUELITO,2024,6,29.0,12.70214453744734,media_localidad_bimestre,Baseline - media localidad-bimestre,prueba_2024,14.053087822339915,media_localidad_bimestre,0,False,-1.3509432848925744,1.3509432848925744
577,USAQUEN,2024,6,29.0,9.56027872124374,media_localidad_bimestre,Baseline - media localidad-bimestre,prueba_2024,10.428142576987673,media_localidad_bimestre,0,False,-0.8678638557439324,0.8678638557439324
581,USME,2024,6,29.0,9.373461318051575,media_localidad_bimestre,Baseline - media localidad-bimestre,prueba_2024,10.148209984959243,media_localidad_bimestre,0,False,-0.7747486669076675,0.7747486669076675
93,ANTONIO NARINO,2024,1,,11.03687123857642,seasonal_naive,Baseline - seasonal naive,prueba_2024,11.06014204118443,seasonal_naive_anio_anterior,0,False,-0.023270802608008623,0.023270802608008623
90,BARRIOS UNIDOS,2024,1,,11.25153172266218,seasonal_naive,Baseline - seasonal naive,prueba_2024,11.57269909842224,seasonal_naive_anio_anterior,0,False,-0.3211673757600586,0.3211673757600586
85,BOSA,2024,1,,9.622822534790625,seasonal_naive,Baseline - seasonal naive,prueba_2024,9.448672003017908,seasonal_naive_anio_anterior,0,False,0.17415053177271744,0.17415053177271744
80,CHAPINERO,2024,1,,11.41232984372324,seasonal_naive,Baseline - seasonal naive,prueba_2024,11.23216002978068,seasonal_naive_anio_anterior,0,False,0.1801698139425607,0.1801698139425607
97,CIUDAD BOLIVAR,2024,1,,10.86909424091507,seasonal_naive,Baseline - seasonal naive,prueba_2024,10.71280926675663,seasonal_naive_anio_anterior,0,False,0.15628497415844045,0.15628497415844045
88,ENGATIVA,2024,1,,10.20474810424475,seasonal_naive,Baseline - seasonal naive,prueba_2024,9.89227490961613,seasonal_naive_anio_anterior,0,False,0.31247319462861967,0.31247319462861967
87,FONTIBON,2024,1,,12.92809890890914,seasonal_naive,Baseline - seasonal naive,prueba_2024,12.70012685566555,seasonal_naive_anio_anterior,0,False,0.22797205324359027,0.22797205324359027
86,KENNEDY,2024,1,,10.40674106126167,seasonal_naive,Baseline - seasonal naive,prueba_2024,10.29594677119282,seasonal_naive_anio_anterior,0,False,0.11079429006884922,0.11079429006884922
95,LA CANDELARIA,2024,1,,18.42308750687947,seasonal_naive,Baseline - seasonal naive,prueba_2024,17.4260941370768,seasonal_naive_anio_anterior,0,False,0.9969933698026701,0.9969933698026701
92,LOS MARTIRES,2024,1,,11.44132693092301,seasonal_naive,Baseline - seasonal naive,prueba_2024,11.80253733740164,seasonal_naive_anio_anterior,0,False,-0.3612104064786301,0.3612104064786301
94,PUENTE ARANDA,2024,1,,14.17890474177814,seasonal_naive,Baseline - seasonal naive,prueba_2024,15.88136492467503,seasonal_naive_anio_anterior,0,False,-1.702460182896889,1.702460182896889
96,RAFAEL URIBE URIBE,2024,1,,11.25309454219407,seasonal_naive,Baseline - seasonal naive,prueba_2024,10.99574917773899,seasonal_naive_anio_anterior,0,False,0.25734536445508027,0.25734536445508027
82,SAN CRISTOBAL,2024,1,,10.7858811420906,seasonal_naive,Baseline - seasonal naive,prueba_2024,10.62739700352595,seasonal_naive_anio_anterior,0,False,0.15848413856465093,0.15848413856465093
81,SANTA FE,2024,1,,11.30923158312392,seasonal_naive,Baseline - seasonal naive,prueba_2024,11.60306414423424,seasonal_naive_anio_anterior,0,False,-0.29383256111032097,0.29383256111032097
89,SUBA,2024,1,,9.987513167557339,seasonal_naive,Baseline - seasonal naive,prueba_2024,10.0467476219276,seasonal_naive_anio_anterior,0,False,-0.05923445437026231,0.05923445437026231
98,SUMAPAZ,2024,1,,20.0,seasonal_naive,Baseline - seasonal naive,prueba_2024,15.58333333333333,seasonal_naive_anio_anterior,0,False,4.41666666666667,4.41666666666667
91,TEUSAQUILLO,2024,1,,10.69041653176424,seasonal_naive,Baseline - seasonal naive,prueba_2024,10.81353989446063,seasonal_naive_anio_anterior,0,False,-0.1231233626963899,0.1231233626963899
84,TUNJUELITO,2024,1,,14.10489740983877,seasonal_naive,Baseline - seasonal naive,prueba_2024,13.78760193503801,seasonal_naive_anio_anterior,0,False,0.31729547480076015,0.31729547480076015
79,USAQUEN,2024,1,,10.73710961691586,seasonal_naive,Baseline - seasonal naive,prueba_2024,10.46717660597035,seasonal_naive_anio_anterior,0,False,0.26993301094551114,0.26993301094551114
83,USME,2024,1,,10.26438647825673,seasonal_naive,Baseline - seasonal naive,prueba_2024,10.0652579503599,seasonal_naive_anio_anterior,0,False,0.19912852789683022,0.19912852789683022
193,ANTONIO NARINO,2024,2,,10.88908052371945,seasonal_naive,Baseline - seasonal naive,prueba_2024,10.92744892613934,seasonal_naive_anio_anterior,0,False,-0.03836840241988959,0.03836840241988959
190,BARRIOS UNIDOS,2024,2,,10.73237917406911,seasonal_naive,Baseline - seasonal naive,prueba_2024,11.23380911403771,seasonal_naive_anio_anterior,0,False,-0.5014299399686006,0.5014299399686006
185,BOSA,2024,2,,9.56465808490901,seasonal_naive,Baseline - seasonal naive,prueba_2024,9.372122059193329,seasonal_naive_anio_anterior,0,False,0.19253602571568074,0.19253602571568074
180,CHAPINERO,2024,2,,10.68563335987662,seasonal_naive,Baseline - seasonal naive,prueba_2024,10.638779486968,seasonal_naive_anio_anterior,0,False,0.04685387290862053,0.04685387290862053
197,CIUDAD BOLIVAR,2024,2,,11.00048376971085,seasonal_naive,Baseline - seasonal naive,prueba_2024,10.60093201223824,seasonal_naive_anio_anterior,0,False,0.39955175747260974,0.39955175747260974
188,ENGATIVA,2024,2,,10.37749758613791,seasonal_naive,Baseline - seasonal naive,prueba_2024,9.881097290684068,seasonal_naive_anio_anterior,0,False,0.49640029545384223,0.49640029545384223
187,FONTIBON,2024,2,,12.38930801956865,seasonal_naive,Baseline - seasonal naive,prueba_2024,12.38334651045784,seasonal_naive_anio_anterior,0,False,0.005961509110809615,0.005961509110809615
186,KENNEDY,2024,2,,10.28940351933042,seasonal_naive,Baseline - seasonal naive,prueba_2024,10.16132533875435,seasonal_naive_anio_anterior,0,False,0.12807818057607,0.12807818057607
195,LA CANDELARIA,2024,2,,16.84900206469374,seasonal_naive,Baseline - seasonal naive,prueba_2024,16.40878048780488,seasonal_naive_anio_anterior,0,False,0.44022157688885954,0.44022157688885954
192,LOS MARTIRES,2024,2,,11.31006498554149,seasonal_naive,Baseline - seasonal naive,prueba_2024,11.44842595566977,seasonal_naive_anio_anterior,0,False,-0.13836097012827864,0.13836097012827864
194,PUENTE ARANDA,2024,2,,15.12542038655303,seasonal_naive,Baseline - seasonal naive,prueba_2024,15.85411904098132,seasonal_naive_anio_anterior,0,False,-0.7286986544282907,0.7286986544282907
196,RAFAEL URIBE URIBE,2024,2,,11.28338404719874,seasonal_naive,Baseline - seasonal naive,prueba_2024,11.04308618421832,seasonal_naive_anio_anterior,0,False,0.24029786298042133,0.24029786298042133
182,SAN CRISTOBAL,2024,2,,10.96461743103348,seasonal_naive,Baseline - seasonal naive,prueba_2024,10.73217982153508,seasonal_naive_anio_anterior,0,False,0.2324376094983993,0.2324376094983993
181,SANTA FE,2024,2,,10.92882072977261,seasonal_naive,Baseline - seasonal naive,prueba_2024,11.16844290657439,seasonal_naive_anio_anterior,0,False,-0.23962217680177922,0.23962217680177922
189,SUBA,2024,2,,9.902885856283808,seasonal_naive,Baseline - seasonal naive,prueba_2024,9.749494794856092,seasonal_naive_anio_anterior,0,False,0.1533910614277154,0.1533910614277154
198,SUMAPAZ,2024,2,,22.0,seasonal_naive,Baseline - seasonal naive,prueba_2024,5.080645161290323,seasonal_naive_anio_anterior,0,False,16.919354838709676,16.919354838709676
191,TEUSAQUILLO,2024,2,,10.09315592024842,seasonal_naive,Baseline - seasonal naive,prueba_2024,10.09007104438117,seasonal_naive_anio_anterior,0,False,0.003084875867248371,0.003084875867248371
184,TUNJUELITO,2024,2,,14.00760153677278,seasonal_naive,Baseline - seasonal naive,prueba_2024,14.33483707198631,seasonal_naive_anio_anterior,0,False,-0.3272355352135303,0.3272355352135303
179,USAQUEN,2024,2,,10.4762190892342,seasonal_naive,Baseline - seasonal naive,prueba_2024,10.42768113403312,seasonal_naive_anio_anterior,0,False,0.04853795520108051,0.04853795520108051
183,USME,2024,2,,10.2714043330723,seasonal_naive,Baseline - seasonal naive,prueba_2024,10.01808766945953,seasonal_naive_anio_anterior,0,False,0.25331666361276994,0.25331666361276994
293,ANTONIO NARINO,2024,3,,10.69389825506327,seasonal_naive,Baseline - seasonal naive,prueba_2024,10.77695931797786,seasonal_naive_anio_anterior,0,False,-0.08306106291458981,0.08306106291458981
290,BARRIOS UNIDOS,2024,3,,11.02788996142492,seasonal_naive,Baseline - seasonal naive,prueba_2024,11.60825010693894,seasonal_naive_anio_anterior,0,False,-0.5803601455140193,0.5803601455140193
285,BOSA,2024,3,,9.598112473466491,seasonal_naive,Baseline - seasonal naive,prueba_2024,9.447246813185536,seasonal_naive_anio_anterior,0,False,0.15086566028095483,0.15086566028095483
280,CHAPINERO,2024,3,,11.40855222784479,seasonal_naive,Baseline - seasonal naive,prueba_2024,11.76137169278192,seasonal_naive_anio_anterior,0,False,-0.352819464937129,0.352819464937129
297,CIUDAD BOLIVAR,2024,3,,10.95554630332417,seasonal_naive,Baseline - seasonal naive,prueba_2024,10.867197717275,seasonal_naive_anio_anterior,0,False,0.08834858604916995,0.08834858604916995
288,ENGATIVA,2024,3,,10.21859162616628,seasonal_naive,Baseline - seasonal naive,prueba_2024,9.97404824486094,seasonal_naive_anio_anterior,0,False,0.24454338130533948,0.24454338130533948
287,FONTIBON,2024,3,,12.81182344484594,seasonal_naive,Baseline - seasonal naive,prueba_2024,13.06737653535289,seasonal_naive_anio_anterior,0,False,-0.2555530905069503,0.2555530905069503
286,KENNEDY,2024,3,,10.389192950878,seasonal_naive,Baseline - seasonal naive,prueba_2024,10.30499665899473,seasonal_naive_anio_anterior,0,False,0.08419629188326994,0.08419629188326994
295,LA CANDELARIA,2024,3,,16.73342047330765,seasonal_naive,Baseline - seasonal naive,prueba_2024,17.6023265250913,seasonal_naive_anio_anterior,0,False,-0.8689060517836502,0.8689060517836502
292,LOS MARTIRES,2024,3,,11.13734085065518,seasonal_naive,Baseline - seasonal naive,prueba_2024,11.58310333761232,seasonal_naive_anio_anterior,0,False,-0.4457624869571397,0.4457624869571397
294,PUENTE ARANDA,2024,3,,15.21598083314425,seasonal_naive,Baseline - seasonal naive,prueba_2024,16.01099451665878,seasonal_naive_anio_anterior,0,False,-0.7950136835145294,0.7950136835145294
296,RAFAEL URIBE URIBE,2024,3,,11.13446700214009,seasonal_naive,Baseline - seasonal naive,prueba_2024,10.979721382264,seasonal_naive_anio_anterior,0,False,0.15474561987609015,0.15474561987609015
282,SAN CRISTOBAL,2024,3,,10.68659660618086,seasonal_naive,Baseline - seasonal naive,prueba_2024,10.6591107897223,seasonal_naive_anio_anterior,0,False,0.027485816458559853,0.027485816458559853
281,SANTA FE,2024,3,,11.19215328949106,seasonal_naive,Baseline - seasonal naive,prueba_2024,11.59601947623239,seasonal_naive_anio_anterior,0,False,-0.4038661867413307,0.4038661867413307
289,SUBA,2024,3,,9.985130365416557,seasonal_naive,Baseline - seasonal naive,prueba_2024,9.98837060756112,seasonal_naive_anio_anterior,0,False,-0.003240242144562089,0.003240242144562089
298,SUMAPAZ,2024,3,,19.0,seasonal_naive,Baseline - seasonal naive,prueba_2024,5.181818181818182,seasonal_naive_anio_anterior,0,False,13.818181818181818,13.818181818181818
291,TEUSAQUILLO,2024,3,,10.53746793568915,seasonal_naive,Baseline - seasonal naive,prueba_2024,10.65687853691218,seasonal_naive_anio_anterior,0,False,-0.11941060122302893,0.11941060122302893
284,TUNJUELITO,2024,3,,13.98157029323102,seasonal_naive,Baseline - seasonal naive,prueba_2024,13.67030712023137,seasonal_naive_anio_anterior,0,False,0.3112631729996487,0.3112631729996487
279,USAQUEN,2024,3,,10.24685452017917,seasonal_naive,Baseline - seasonal naive,prueba_2024,10.47754541339297,seasonal_naive_anio_anterior,0,False,-0.23069089321380076,0.23069089321380076
283,USME,2024,3,,10.124127025184,seasonal_naive,Baseline - seasonal naive,prueba_2024,10.11082705150107,seasonal_naive_anio_anterior,0,False,0.013299973682929789,0.013299973682929789
393,ANTONIO NARINO,2024,4,,9.244175038934864,seasonal_naive,Baseline - seasonal naive,prueba_2024,10.81173484622275,seasonal_naive_anio_anterior,0,False,-1.5675598072878856,1.5675598072878856
390,BARRIOS UNIDOS,2024,4,,10.13724497178411,seasonal_naive,Baseline - seasonal naive,prueba_2024,11.40897530409141,seasonal_naive_anio_anterior,0,False,-1.2717303323072997,1.2717303323072997
385,BOSA,2024,4,,8.986675792835957,seasonal_naive,Baseline - seasonal naive,prueba_2024,9.437880300989363,seasonal_naive_anio_anterior,0,False,-0.4512045081534062,0.4512045081534062
380,CHAPINERO,2024,4,,10.26520185493747,seasonal_naive,Baseline - seasonal naive,prueba_2024,11.47616978643794,seasonal_naive_anio_anterior,0,False,-1.2109679315004698,1.2109679315004698
397,CIUDAD BOLIVAR,2024,4,,9.948590859516647,seasonal_naive,Baseline - seasonal naive,prueba_2024,10.87027855504672,seasonal_naive_anio_anterior,0,False,-0.921687695530073,0.921687695530073
388,ENGATIVA,2024,4,,9.573945290382811,seasonal_naive,Baseline - seasonal naive,prueba_2024,9.79637399058316,seasonal_naive_anio_anterior,0,False,-0.22242870020034822,0.22242870020034822
387,FONTIBON,2024,4,,11.77153360535838,seasonal_naive,Baseline - seasonal naive,prueba_2024,12.6959937779753,seasonal_naive_anio_anterior,0,False,-0.9244601726169197,0.9244601726169197
386,KENNEDY,2024,4,,9.609876530317429,seasonal_naive,Baseline - seasonal naive,prueba_2024,10.33728399593404,seasonal_naive_anio_anterior,0,False,-0.7274074656166114,0.7274074656166114
395,LA CANDELARIA,2024,4,,15.61123332875017,seasonal_naive,Baseline - seasonal naive,prueba_2024,18.60550716493397,seasonal_naive_anio_anterior,0,False,-2.994273836183801,2.994273836183801
392,LOS MARTIRES,2024,4,,10.34196058402932,seasonal_naive,Baseline - seasonal naive,prueba_2024,11.43276906800038,seasonal_naive_anio_anterior,0,False,-1.0908084839710614,1.0908084839710614
394,PUENTE ARANDA,2024,4,,14.37681244153414,seasonal_naive,Baseline - seasonal naive,prueba_2024,15.96159084907365,seasonal_naive_anio_anterior,0,False,-1.5847784075395097,1.5847784075395097
396,RAFAEL URIBE URIBE,2024,4,,10.20627413127413,seasonal_naive,Baseline - seasonal naive,prueba_2024,11.00388019459586,seasonal_naive_anio_anterior,0,False,-0.7976060633217301,0.7976060633217301
382,SAN CRISTOBAL,2024,4,,10.02104904936178,seasonal_naive,Baseline - seasonal naive,prueba_2024,10.75269926775803,seasonal_naive_anio_anterior,0,False,-0.7316502183962506,0.7316502183962506
381,SANTA FE,2024,4,,10.32593501081395,seasonal_naive,Baseline - seasonal naive,prueba_2024,11.39934140987072,seasonal_naive_anio_anterior,0,False,-1.0734063990567702,1.0734063990567702
389,SUBA,2024,4,,9.056744624659656,seasonal_naive,Baseline - seasonal naive,prueba_2024,10.07288645903221,seasonal_naive_anio_anterior,0,False,-1.0161418343725543,1.0161418343725543
391,TEUSAQUILLO,2024,4,,9.62754204145483,seasonal_naive,Baseline - seasonal naive,prueba_2024,10.41867503960172,seasonal_naive_anio_anterior,0,False,-0.7911329981468889,0.7911329981468889
384,TUNJUELITO,2024,4,,12.61263666412408,seasonal_naive,Baseline - seasonal naive,prueba_2024,14.12656731192257,seasonal_naive_anio_anterior,0,False,-1.5139306477984888,1.5139306477984888
379,USAQUEN,2024,4,,9.978706683631465,seasonal_naive,Baseline - seasonal naive,prueba_2024,10.52354937967924,seasonal_naive_anio_anterior,0,False,-0.544842696047775,0.544842696047775
383,USME,2024,4,,9.576611452188041,seasonal_naive,Baseline - seasonal naive,prueba_2024,10.14646404354885,seasonal_naive_anio_anterior,0,False,-0.5698525913608083,0.5698525913608083
492,ANTONIO NARINO,2024,5,,8.814745075318656,seasonal_naive,Baseline - seasonal naive,prueba_2024,11.13608101567445,seasonal_naive_anio_anterior,0,False,-2.3213359403557927,2.3213359403557927
489,BARRIOS UNIDOS,2024,5,,9.724489795918368,seasonal_naive,Baseline - seasonal naive,prueba_2024,11.49360545471298,seasonal_naive_anio_anterior,0,False,-1.7691156587946129,1.7691156587946129
484,BOSA,2024,5,,8.627833355159396,seasonal_naive,Baseline - seasonal naive,prueba_2024,9.491519440763396,seasonal_naive_anio_anterior,0,False,-0.8636860856039998,0.8636860856039998
479,CHAPINERO,2024,5,,10.01584302325581,seasonal_naive,Baseline - seasonal naive,prueba_2024,11.46628325532544,seasonal_naive_anio_anterior,0,False,-1.4504402320696297,1.4504402320696297
496,CIUDAD BOLIVAR,2024,5,,9.012294659957576,seasonal_naive,Baseline - seasonal naive,prueba_2024,10.95362032902642,seasonal_naive_anio_anterior,0,False,-1.9413256690688439,1.9413256690688439
487,ENGATIVA,2024,5,,8.938284004793475,seasonal_naive,Baseline - seasonal naive,prueba_2024,9.980215599239061,seasonal_naive_anio_anterior,0,False,-1.041931594445586,1.041931594445586
486,FONTIBON,2024,5,,11.56480952272086,seasonal_naive,Baseline - seasonal naive,prueba_2024,12.88904797967845,seasonal_naive_anio_anterior,0,False,-1.3242384569575893,1.3242384569575893
485,KENNEDY,2024,5,,9.386469851469174,seasonal_naive,Baseline - seasonal naive,prueba_2024,10.34816171683365,seasonal_naive_anio_anterior,0,False,-0.9616918653644753,0.9616918653644753
494,LA CANDELARIA,2024,5,,11.60934782608696,seasonal_naive,Baseline - seasonal naive,prueba_2024,18.1728978656353,seasonal_naive_anio_anterior,0,False,-6.563550039548339,6.563550039548339
491,LOS MARTIRES,2024,5,,8.99699170686758,seasonal_naive,Baseline - seasonal naive,prueba_2024,11.74312275914586,seasonal_naive_anio_anterior,0,False,-2.7461310522782796,2.7461310522782796
493,PUENTE ARANDA,2024,5,,13.67249361430396,seasonal_naive,Baseline - seasonal naive,prueba_2024,16.07896084837745,seasonal_naive_anio_anterior,0,False,-2.4064672340734887,2.4064672340734887
495,RAFAEL URIBE URIBE,2024,5,,9.643767754451604,seasonal_naive,Baseline - seasonal naive,prueba_2024,11.18745317913662,seasonal_naive_anio_anterior,0,False,-1.543685424685016,1.543685424685016
481,SAN CRISTOBAL,2024,5,,8.892466507714184,seasonal_naive,Baseline - seasonal naive,prueba_2024,10.93105134474328,seasonal_naive_anio_anterior,0,False,-2.038584837029095,2.038584837029095
480,SANTA FE,2024,5,,10.02996874425446,seasonal_naive,Baseline - seasonal naive,prueba_2024,11.28117653344732,seasonal_naive_anio_anterior,0,False,-1.2512077891928612,1.2512077891928612
488,SUBA,2024,5,,8.851618714825337,seasonal_naive,Baseline - seasonal naive,prueba_2024,10.03291814946619,seasonal_naive_anio_anterior,0,False,-1.1812994346408523,1.1812994346408523
490,TEUSAQUILLO,2024,5,,9.343738672169088,seasonal_naive,Baseline - seasonal naive,prueba_2024,10.58629477459161,seasonal_naive_anio_anterior,0,False,-1.2425561024225207,1.2425561024225207
483,TUNJUELITO,2024,5,,11.54791746483498,seasonal_naive,Baseline - seasonal naive,prueba_2024,14.15792946092311,seasonal_naive_anio_anterior,0,False,-2.610011996088131,2.610011996088131
478,USAQUEN,2024,5,,9.230260446354189,seasonal_naive,Baseline - seasonal naive,prueba_2024,10.76735891144323,seasonal_naive_anio_anterior,0,False,-1.5370984650890414,1.5370984650890414
482,USME,2024,5,,9.110767020970986,seasonal_naive,Baseline - seasonal naive,prueba_2024,10.16387636831938,seasonal_naive_anio_anterior,0,False,-1.0531093473483946,1.0531093473483946
591,ANTONIO NARINO,2024,6,,9.81149379544879,seasonal_naive,Baseline - seasonal naive,prueba_2024,10.93901078467832,seasonal_naive_anio_anterior,0,False,-1.1275169892295303,1.1275169892295303
588,BARRIOS UNIDOS,2024,6,,10.20066992022187,seasonal_naive,Baseline - seasonal naive,prueba_2024,11.43055504603984,seasonal_naive_anio_anterior,0,False,-1.2298851258179706,1.2298851258179706
583,BOSA,2024,6,,8.99725166974563,seasonal_naive,Baseline - seasonal naive,prueba_2024,9.826832018686964,seasonal_naive_anio_anterior,0,False,-0.8295803489413345,0.8295803489413345
578,CHAPINERO,2024,6,,10.61109833409995,seasonal_naive,Baseline - seasonal naive,prueba_2024,11.62868388260204,seasonal_naive_anio_anterior,0,False,-1.0175855485020904,1.0175855485020904
595,CIUDAD BOLIVAR,2024,6,,10.14348267640046,seasonal_naive,Baseline - seasonal naive,prueba_2024,10.80900925562847,seasonal_naive_anio_anterior,0,False,-0.6655265792280094,0.6655265792280094
586,ENGATIVA,2024,6,,9.235609584001997,seasonal_naive,Baseline - seasonal naive,prueba_2024,10.22233863750464,seasonal_naive_anio_anterior,0,False,-0.9867290535026427,0.9867290535026427
585,FONTIBON,2024,6,,12.0820048419514,seasonal_naive,Baseline - seasonal naive,prueba_2024,12.76184921318406,seasonal_naive_anio_anterior,0,False,-0.6798443712326598,0.6798443712326598
584,KENNEDY,2024,6,,9.600109695033964,seasonal_naive,Baseline - seasonal naive,prueba_2024,10.32953066286809,seasonal_naive_anio_anterior,0,False,-0.729420967834125,0.729420967834125
593,LA CANDELARIA,2024,6,,15.82900522121462,seasonal_naive,Baseline - seasonal naive,prueba_2024,19.80398052691867,seasonal_naive_anio_anterior,0,False,-3.974975305704051,3.974975305704051
590,LOS MARTIRES,2024,6,,10.10764465259663,seasonal_naive,Baseline - seasonal naive,prueba_2024,11.47327591666139,seasonal_naive_anio_anterior,0,False,-1.3656312640647599,1.3656312640647599
592,PUENTE ARANDA,2024,6,,14.13906198100046,seasonal_naive,Baseline - seasonal naive,prueba_2024,15.92770357368147,seasonal_naive_anio_anterior,0,False,-1.7886415926810102,1.7886415926810102
594,RAFAEL URIBE URIBE,2024,6,,10.04483560278977,seasonal_naive,Baseline - seasonal naive,prueba_2024,11.19946681289449,seasonal_naive_anio_anterior,0,False,-1.1546312101047214,1.1546312101047214
580,SAN CRISTOBAL,2024,6,,9.908718036725588,seasonal_naive,Baseline - seasonal naive,prueba_2024,10.78657764876633,seasonal_naive_anio_anterior,0,False,-0.8778596120407425,0.8778596120407425
579,SANTA FE,2024,6,,10.44112962189263,seasonal_naive,Baseline - seasonal naive,prueba_2024,11.48887149830221,seasonal_naive_anio_anterior,0,False,-1.0477418764095798,1.0477418764095798
587,SUBA,2024,6,,9.272173625384362,seasonal_naive,Baseline - seasonal naive,prueba_2024,10.10813259418236,seasonal_naive_anio_anterior,0,False,-0.835958968797998,0.835958968797998
589,TEUSAQUILLO,2024,6,,9.808223551785888,seasonal_naive,Baseline - seasonal naive,prueba_2024,10.66302219091229,seasonal_naive_anio_anterior,0,False,-0.8547986391264022,0.8547986391264022
582,TUNJUELITO,2024,6,,12.70214453744734,seasonal_naive,Baseline - seasonal naive,prueba_2024,13.75391763347446,seasonal_naive_anio_anterior,0,False,-1.0517730960271194,1.0517730960271194
577,USAQUEN,2024,6,,9.56027872124374,seasonal_naive,Baseline - seasonal naive,prueba_2024,10.48171086855034,seasonal_naive_anio_anterior,0,False,-0.9214321473066001,0.9214321473066001
581,USME,2024,6,,9.373461318051575,seasonal_naive,Baseline - seasonal naive,prueba_2024,10.16788260257969,seasonal_naive_anio_anterior,0,False,-0.7944212845281147,0.7944212845281147
