localidad,YEAR,latitud,longitud,ALLSKY_SFC_LW_DWN,ALLSKY_SFC_PAR_TOT,ALLSKY_SFC_SW_DIFF,ALLSKY_SFC_SW_DNI,ALLSKY_SFC_SW_DWN,ALLSKY_SFC_UVA,ALLSKY_SFC_UVB,ALLSKY_SFC_UV_INDEX,ALLSKY_SRF_ALB,CLOUD_AMT,CLRSKY_SFC_PAR_TOT,CLRSKY_SFC_SW_DWN,GWETPROF,GWETROOT,GWETTOP,ONI,PRECTOTCORR,PRECTOTCORR_SUM,PS,QV2M,RH2M,T2M,T2MDEW,T2MWET,T2M_MAX,T2M_MIN,T2M_RANGE,TOA_SW_DWN,TS,WD10M,WD2M,WS10M,WS10M_MAX,WS10M_MIN,WS10M_RANGE,WS2M,WS2M_MAX,WS2M_MIN,WS2M_RANGE,BIMESTRE
ANTONIO NARINO,2020.0,4.60971,-74.08207,31.615000000000002,8.98,7.795,14.524999999999999,19.135,1.29,0.04,2.515,0.15,62.185,11.510000000000002,25.34,0.7050000000000001,0.64,0.655,0.49,2.665,77.94999999999999,82.33500000000001,12.86,78.225,19.060000000000002,14.615,16.835,27.045,9.945,10.46,35.32,19.240000000000002,78.2,78.8,2.2750000000000004,6.65,0.20500000000000002,2.31,1.4300000000000002,4.734999999999999,0.15000000000000002,1.945,1.0
ANTONIO NARINO,2020.0,4.60971,-74.08207,32.68,7.835,8.495000000000001,7.705,16.66,1.095,0.035,2.145,0.13,80.045,11.285,25.11,0.68,0.63,0.655,0.29500000000000004,4.3100000000000005,131.06,82.37,13.595,80.1,19.53,15.530000000000001,17.535,26.7,12.655,9.2,37.355000000000004,19.835,78.15,78.25,1.5499999999999998,4.875,0.12000000000000001,2.2,0.97,3.565,0.060000000000000005,1.72,2.0
ANTONIO NARINO,2020.0,4.60971,-74.08207,32.215,7.845000000000001,8.809999999999999,7.015000000000001,16.035,1.23,0.04,2.3449999999999998,0.165,87.065,11.535,25.165,0.715,0.6799999999999999,0.69,-0.19,7.48,226.71,82.4,13.07,78.96000000000001,19.09,14.925,17.005000000000003,25.645,12.385,9.645,35.495000000000005,19.189999999999998,115.55000000000001,117.05,1.915,5.41,0.07,2.24,1.19,3.83,0.045,1.775,3.0
ANTONIO NARINO,2020.0,4.60971,-74.08207,31.980000000000004,7.904999999999999,8.34,8.41,16.46,1.18,0.04,2.245,0.15500000000000003,85.515,11.54,25.355,0.735,0.69,0.6950000000000001,-0.49,5.265000000000001,163.275,82.36,12.469999999999999,78.045,18.54,14.195,16.365,25.310000000000002,11.465,9.995000000000001,35.88,18.61,124.44999999999999,126.5,1.795,4.765000000000001,0.125,2.13,1.125,3.45,0.060000000000000005,1.6949999999999998,4.0
ANTONIO NARINO,2020.0,4.60971,-74.08207,32.195,8.535,8.64,10.565000000000001,18.02,1.2149999999999999,0.04,2.34,0.155,83.27,12.065000000000001,26.560000000000002,0.6799999999999999,0.625,0.635,-1.03,2.9699999999999998,90.0,82.315,12.155000000000001,74.2,19.060000000000002,13.79,16.424999999999997,26.665,11.83,10.725,36.635000000000005,19.314999999999998,120.2,124.65,1.92,4.65,0.05,2.105,1.2,3.375,0.03,1.7349999999999999,5.0
ANTONIO NARINO,2020.0,4.60971,-74.08207,32.144999999999996,7.955,8.265,10.41,16.82,1.165,0.035,2.205,0.16,82.25,11.170000000000002,24.630000000000003,0.61,0.565,0.59,-1.23,3.0250000000000004,92.55,82.27000000000001,12.805,78.16,18.965,14.635,16.8,25.845,12.91,8.495,34.120000000000005,19.16,35.449999999999996,205.4,1.35,4.5600000000000005,0.05,2.01,0.8400000000000001,3.325,0.035,1.57,6.0
BARRIOS UNIDOS,2020.0,4.6989,-74.07075,31.615000000000002,8.98,7.795,14.524999999999999,19.135,1.29,0.04,2.515,0.15,62.185,11.510000000000002,25.34,0.7050000000000001,0.64,0.655,0.49,2.665,77.94999999999999,82.33500000000001,12.86,78.225,19.060000000000002,14.615,16.835,27.045,9.945,10.46,35.32,19.240000000000002,78.2,78.8,2.2750000000000004,6.65,0.20500000000000002,2.31,1.4300000000000002,4.734999999999999,0.15000000000000002,1.945,1.0
BARRIOS UNIDOS,2020.0,4.6989,-74.07075,32.68,7.835,8.495000000000001,7.705,16.66,1.095,0.035,2.145,0.13,80.045,11.285,25.11,0.68,0.63,0.655,0.29500000000000004,4.3100000000000005,131.06,82.37,13.595,80.1,19.53,15.530000000000001,17.535,26.7,12.655,9.2,37.355000000000004,19.835,78.15,78.25,1.5499999999999998,4.875,0.12000000000000001,2.2,0.97,3.565,0.060000000000000005,1.72,2.0
BARRIOS UNIDOS,2020.0,4.6989,-74.07075,32.215,7.845000000000001,8.809999999999999,7.015000000000001,16.035,1.23,0.04,2.3449999999999998,0.165,87.065,11.535,25.165,0.715,0.6799999999999999,0.69,-0.19,7.48,226.71,82.4,13.07,78.96000000000001,19.09,14.925,17.005000000000003,25.645,12.385,9.645,35.495000000000005,19.189999999999998,115.55000000000001,117.05,1.915,5.41,0.07,2.24,1.19,3.83,0.045,1.775,3.0
BARRIOS UNIDOS,2020.0,4.6989,-74.07075,31.980000000000004,7.904999999999999,8.34,8.41,16.46,1.18,0.04,2.245,0.15500000000000003,85.515,11.54,25.355,0.735,0.69,0.6950000000000001,-0.49,5.265000000000001,163.275,82.36,12.469999999999999,78.045,18.54,14.195,16.365,25.310000000000002,11.465,9.995000000000001,35.88,18.61,124.44999999999999,126.5,1.795,4.765000000000001,0.125,2.13,1.125,3.45,0.060000000000000005,1.6949999999999998,4.0
BARRIOS UNIDOS,2020.0,4.6989,-74.07075,32.195,8.535,8.64,10.565000000000001,18.02,1.2149999999999999,0.04,2.34,0.155,83.27,12.065000000000001,26.560000000000002,0.6799999999999999,0.625,0.635,-1.03,2.9699999999999998,90.0,82.315,12.155000000000001,74.2,19.060000000000002,13.79,16.424999999999997,26.665,11.83,10.725,36.635000000000005,19.314999999999998,120.2,124.65,1.92,4.65,0.05,2.105,1.2,3.375,0.03,1.7349999999999999,5.0
BARRIOS UNIDOS,2020.0,4.6989,-74.07075,32.144999999999996,7.955,8.265,10.41,16.82,1.165,0.035,2.205,0.16,82.25,11.170000000000002,24.630000000000003,0.61,0.565,0.59,-1.23,3.0250000000000004,92.55,82.27000000000001,12.805,78.16,18.965,14.635,16.8,25.845,12.91,8.495,34.120000000000005,19.16,35.449999999999996,205.4,1.35,4.5600000000000005,0.05,2.01,0.8400000000000001,3.325,0.035,1.57,6.0
BOSA,2020.0,4.58734,-74.21668,31.615000000000002,8.98,7.795,14.524999999999999,19.135,1.29,0.04,2.515,0.15,62.185,11.510000000000002,25.34,0.7050000000000001,0.64,0.655,0.49,2.665,77.94999999999999,82.33500000000001,12.86,78.225,19.060000000000002,14.615,16.835,27.045,9.945,10.46,35.32,19.240000000000002,78.2,78.8,2.2750000000000004,6.65,0.20500000000000002,2.31,1.4300000000000002,4.734999999999999,0.15000000000000002,1.945,1.0
BOSA,2020.0,4.58734,-74.21668,32.68,7.835,8.495000000000001,7.705,16.66,1.095,0.035,2.145,0.13,80.045,11.285,25.11,0.68,0.63,0.655,0.29500000000000004,4.3100000000000005,131.06,82.37,13.595,80.1,19.53,15.530000000000001,17.535,26.7,12.655,9.2,37.355000000000004,19.835,78.15,78.25,1.5499999999999998,4.875,0.12000000000000001,2.2,0.97,3.565,0.060000000000000005,1.72,2.0
BOSA,2020.0,4.58734,-74.21668,32.215,7.845000000000001,8.809999999999999,7.015000000000001,16.035,1.23,0.04,2.3449999999999998,0.165,87.065,11.535,25.165,0.715,0.6799999999999999,0.69,-0.19,7.48,226.71,82.4,13.07,78.96000000000001,19.09,14.925,17.005000000000003,25.645,12.385,9.645,35.495000000000005,19.189999999999998,115.55000000000001,117.05,1.915,5.41,0.07,2.24,1.19,3.83,0.045,1.775,3.0
BOSA,2020.0,4.58734,-74.21668,31.980000000000004,7.904999999999999,8.34,8.41,16.46,1.18,0.04,2.245,0.15500000000000003,85.515,11.54,25.355,0.735,0.69,0.6950000000000001,-0.49,5.265000000000001,163.275,82.36,12.469999999999999,78.045,18.54,14.195,16.365,25.310000000000002,11.465,9.995000000000001,35.88,18.61,124.44999999999999,126.5,1.795,4.765000000000001,0.125,2.13,1.125,3.45,0.060000000000000005,1.6949999999999998,4.0
BOSA,2020.0,4.58734,-74.21668,32.195,8.535,8.64,10.565000000000001,18.02,1.2149999999999999,0.04,2.34,0.155,83.27,12.065000000000001,26.560000000000002,0.6799999999999999,0.625,0.635,-1.03,2.9699999999999998,90.0,82.315,12.155000000000001,74.2,19.060000000000002,13.79,16.424999999999997,26.665,11.83,10.725,36.635000000000005,19.314999999999998,120.2,124.65,1.92,4.65,0.05,2.105,1.2,3.375,0.03,1.7349999999999999,5.0
BOSA,2020.0,4.58734,-74.21668,32.144999999999996,7.955,8.265,10.41,16.82,1.165,0.035,2.205,0.16,82.25,11.170000000000002,24.630000000000003,0.61,0.565,0.59,-1.23,3.0250000000000004,92.55,82.27000000000001,12.805,78.16,18.965,14.635,16.8,25.845,12.91,8.495,34.120000000000005,19.16,35.449999999999996,205.4,1.35,4.5600000000000005,0.05,2.01,0.8400000000000001,3.325,0.035,1.57,6.0
CHAPINERO,2020.0,4.6704,-74.04338,31.615000000000002,8.98,7.795,14.524999999999999,19.135,1.29,0.04,2.515,0.15,62.185,11.510000000000002,25.34,0.775,0.765,0.76,0.49,2.0149999999999997,59.16,79.58500000000001,11.865,83.595,16.04,12.865,14.455,22.47,8.82,8.605,35.32,16.32,89.65,94.8,2.31,6.404999999999999,0.14,3.0700000000000003,1.395,4.175000000000001,0.065,2.085,1.0
CHAPINERO,2020.0,4.6704,-74.04338,32.68,7.835,8.495000000000001,7.705,16.66,1.095,0.035,2.145,0.13,80.045,11.285,25.11,0.7949999999999999,0.7849999999999999,0.79,0.29500000000000004,6.105,185.405,79.6,12.42,85.5,16.37,13.594999999999999,14.985,22.740000000000002,10.41,7.87,37.355000000000004,16.72,98.6,102.0,1.9649999999999999,5.645,0.11,3.2249999999999996,1.18,3.705,0.07,2.185,2.0
CHAPINERO,2020.0,4.6704,-74.04338,32.215,7.845000000000001,8.809999999999999,7.015000000000001,16.035,1.23,0.04,2.3449999999999998,0.165,87.065,11.535,25.165,0.925,0.94,0.91,-0.19,12.08,366.95000000000005,79.69,12.25,89.99,15.26,13.365,14.309999999999999,20.604999999999997,10.120000000000001,7.165,35.495000000000005,15.515,104.5,106.5,2.255,5.635,0.055,3.495,1.45,3.685,0.075,2.385,3.0
CHAPINERO,2020.0,4.6704,-74.04338,31.980000000000004,7.904999999999999,8.34,8.41,16.46,1.18,0.04,2.245,0.15500000000000003,85.515,11.54,25.355,0.94,0.95,0.91,-0.49,8.375,259.54,79.63,11.725000000000001,88.985,14.765,12.68,13.72,20.215,9.515,7.265000000000001,35.88,14.895,106.15,108.05,2.0549999999999997,5.135,0.135,3.535,1.33,3.41,0.085,2.415,4.0
CHAPINERO,2020.0,4.6704,-74.04338,32.195,8.535,8.64,10.565000000000001,18.02,1.2149999999999999,0.04,2.34,0.155,83.27,12.065000000000001,26.560000000000002,0.87,0.87,0.8500000000000001,-1.03,4.1899999999999995,126.405,79.57,11.594999999999999,84.68,15.415,12.469999999999999,13.945,22.555,9.66,8.32,36.635000000000005,15.485,109.44999999999999,112.05,1.75,5.08,0.055,3.255,1.125,3.4050000000000002,0.005,2.21,5.0
CHAPINERO,2020.0,4.6704,-74.04338,32.144999999999996,7.955,8.265,10.41,16.82,1.165,0.035,2.205,0.16,82.25,11.170000000000002,24.630000000000003,0.745,0.725,0.73,-1.23,2.485,76.18,79.47,12.46,85.61500000000001,16.439999999999998,13.620000000000001,15.025,22.715,10.989999999999998,7.73,34.120000000000005,16.66,112.2,114.8,1.505,4.355,0.06,2.4450000000000003,0.87,2.7249999999999996,0.02,1.56,6.0
CIUDAD BOLIVAR,2020.0,4.53904,-74.14732,31.615000000000002,8.98,7.795,14.524999999999999,19.135,1.29,0.04,2.515,0.15,62.185,11.510000000000002,25.34,0.7050000000000001,0.64,0.655,0.49,2.665,77.94999999999999,82.33500000000001,12.86,78.225,19.060000000000002,14.615,16.835,27.045,9.945,10.46,35.32,19.240000000000002,78.2,78.8,2.2750000000000004,6.65,0.20500000000000002,2.31,1.4300000000000002,4.734999999999999,0.15000000000000002,1.945,1.0
CIUDAD BOLIVAR,2020.0,4.53904,-74.14732,32.68,7.835,8.495000000000001,7.705,16.66,1.095,0.035,2.145,0.13,80.045,11.285,25.11,0.68,0.63,0.655,0.29500000000000004,4.3100000000000005,131.06,82.37,13.595,80.1,19.53,15.530000000000001,17.535,26.7,12.655,9.2,37.355000000000004,19.835,78.15,78.25,1.5499999999999998,4.875,0.12000000000000001,2.2,0.97,3.565,0.060000000000000005,1.72,2.0
CIUDAD BOLIVAR,2020.0,4.53904,-74.14732,32.215,7.845000000000001,8.809999999999999,7.015000000000001,16.035,1.23,0.04,2.3449999999999998,0.165,87.065,11.535,25.165,0.715,0.6799999999999999,0.69,-0.19,7.48,226.71,82.4,13.07,78.96000000000001,19.09,14.925,17.005000000000003,25.645,12.385,9.645,35.495000000000005,19.189999999999998,115.55000000000001,117.05,1.915,5.41,0.07,2.24,1.19,3.83,0.045,1.775,3.0
CIUDAD BOLIVAR,2020.0,4.53904,-74.14732,31.980000000000004,7.904999999999999,8.34,8.41,16.46,1.18,0.04,2.245,0.15500000000000003,85.515,11.54,25.355,0.735,0.69,0.6950000000000001,-0.49,5.265000000000001,163.275,82.36,12.469999999999999,78.045,18.54,14.195,16.365,25.310000000000002,11.465,9.995000000000001,35.88,18.61,124.44999999999999,126.5,1.795,4.765000000000001,0.125,2.13,1.125,3.45,0.060000000000000005,1.6949999999999998,4.0
CIUDAD BOLIVAR,2020.0,4.53904,-74.14732,32.195,8.535,8.64,10.565000000000001,18.02,1.2149999999999999,0.04,2.34,0.155,83.27,12.065000000000001,26.560000000000002,0.6799999999999999,0.625,0.635,-1.03,2.9699999999999998,90.0,82.315,12.155000000000001,74.2,19.060000000000002,13.79,16.424999999999997,26.665,11.83,10.725,36.635000000000005,19.314999999999998,120.2,124.65,1.92,4.65,0.05,2.105,1.2,3.375,0.03,1.7349999999999999,5.0
CIUDAD BOLIVAR,2020.0,4.53904,-74.14732,32.144999999999996,7.955,8.265,10.41,16.82,1.165,0.035,2.205,0.16,82.25,11.170000000000002,24.630000000000003,0.61,0.565,0.59,-1.23,3.0250000000000004,92.55,82.27000000000001,12.805,78.16,18.965,14.635,16.8,25.845,12.91,8.495,34.120000000000005,19.16,35.449999999999996,205.4,1.35,4.5600000000000005,0.05,2.01,0.8400000000000001,3.325,0.035,1.57,6.0
ENGATIVA,2020.0,4.70179,-74.10088,31.615000000000002,8.98,7.795,14.524999999999999,19.135,1.29,0.04,2.515,0.15,62.185,11.510000000000002,25.34,0.7050000000000001,0.64,0.655,0.49,2.665,77.94999999999999,82.33500000000001,12.86,78.225,19.060000000000002,14.615,16.835,27.045,9.945,10.46,35.32,19.240000000000002,78.2,78.8,2.2750000000000004,6.65,0.20500000000000002,2.31,1.4300000000000002,4.734999999999999,0.15000000000000002,1.945,1.0
ENGATIVA,2020.0,4.70179,-74.10088,32.68,7.835,8.495000000000001,7.705,16.66,1.095,0.035,2.145,0.13,80.045,11.285,25.11,0.68,0.63,0.655,0.29500000000000004,4.3100000000000005,131.06,82.37,13.595,80.1,19.53,15.530000000000001,17.535,26.7,12.655,9.2,37.355000000000004,19.835,78.15,78.25,1.5499999999999998,4.875,0.12000000000000001,2.2,0.97,3.565,0.060000000000000005,1.72,2.0
ENGATIVA,2020.0,4.70179,-74.10088,32.215,7.845000000000001,8.809999999999999,7.015000000000001,16.035,1.23,0.04,2.3449999999999998,0.165,87.065,11.535,25.165,0.715,0.6799999999999999,0.69,-0.19,7.48,226.71,82.4,13.07,78.96000000000001,19.09,14.925,17.005000000000003,25.645,12.385,9.645,35.495000000000005,19.189999999999998,115.55000000000001,117.05,1.915,5.41,0.07,2.24,1.19,3.83,0.045,1.775,3.0
ENGATIVA,2020.0,4.70179,-74.10088,31.980000000000004,7.904999999999999,8.34,8.41,16.46,1.18,0.04,2.245,0.15500000000000003,85.515,11.54,25.355,0.735,0.69,0.6950000000000001,-0.49,5.265000000000001,163.275,82.36,12.469999999999999,78.045,18.54,14.195,16.365,25.310000000000002,11.465,9.995000000000001,35.88,18.61,124.44999999999999,126.5,1.795,4.765000000000001,0.125,2.13,1.125,3.45,0.060000000000000005,1.6949999999999998,4.0
ENGATIVA,2020.0,4.70179,-74.10088,32.195,8.535,8.64,10.565000000000001,18.02,1.2149999999999999,0.04,2.34,0.155,83.27,12.065000000000001,26.560000000000002,0.6799999999999999,0.625,0.635,-1.03,2.9699999999999998,90.0,82.315,12.155000000000001,74.2,19.060000000000002,13.79,16.424999999999997,26.665,11.83,10.725,36.635000000000005,19.314999999999998,120.2,124.65,1.92,4.65,0.05,2.105,1.2,3.375,0.03,1.7349999999999999,5.0
ENGATIVA,2020.0,4.70179,-74.10088,32.144999999999996,7.955,8.265,10.41,16.82,1.165,0.035,2.205,0.16,82.25,11.170000000000002,24.630000000000003,0.61,0.565,0.59,-1.23,3.0250000000000004,92.55,82.27000000000001,12.805,78.16,18.965,14.635,16.8,25.845,12.91,8.495,34.120000000000005,19.16,35.449999999999996,205.4,1.35,4.5600000000000005,0.05,2.01,0.8400000000000001,3.325,0.035,1.57,6.0
FONTIBON,2020.0,4.71049,-74.145,31.615000000000002,8.98,7.795,14.524999999999999,19.135,1.29,0.04,2.515,0.15,62.185,11.510000000000002,25.34,0.7050000000000001,0.64,0.655,0.49,2.665,77.94999999999999,82.33500000000001,12.86,78.225,19.060000000000002,14.615,16.835,27.045,9.945,10.46,35.32,19.240000000000002,78.2,78.8,2.2750000000000004,6.65,0.20500000000000002,2.31,1.4300000000000002,4.734999999999999,0.15000000000000002,1.945,1.0
FONTIBON,2020.0,4.71049,-74.145,32.68,7.835,8.495000000000001,7.705,16.66,1.095,0.035,2.145,0.13,80.045,11.285,25.11,0.68,0.63,0.655,0.29500000000000004,4.3100000000000005,131.06,82.37,13.595,80.1,19.53,15.530000000000001,17.535,26.7,12.655,9.2,37.355000000000004,19.835,78.15,78.25,1.5499999999999998,4.875,0.12000000000000001,2.2,0.97,3.565,0.060000000000000005,1.72,2.0
FONTIBON,2020.0,4.71049,-74.145,32.215,7.845000000000001,8.809999999999999,7.015000000000001,16.035,1.23,0.04,2.3449999999999998,0.165,87.065,11.535,25.165,0.715,0.6799999999999999,0.69,-0.19,7.48,226.71,82.4,13.07,78.96000000000001,19.09,14.925,17.005000000000003,25.645,12.385,9.645,35.495000000000005,19.189999999999998,115.55000000000001,117.05,1.915,5.41,0.07,2.24,1.19,3.83,0.045,1.775,3.0
FONTIBON,2020.0,4.71049,-74.145,31.980000000000004,7.904999999999999,8.34,8.41,16.46,1.18,0.04,2.245,0.15500000000000003,85.515,11.54,25.355,0.735,0.69,0.6950000000000001,-0.49,5.265000000000001,163.275,82.36,12.469999999999999,78.045,18.54,14.195,16.365,25.310000000000002,11.465,9.995000000000001,35.88,18.61,124.44999999999999,126.5,1.795,4.765000000000001,0.125,2.13,1.125,3.45,0.060000000000000005,1.6949999999999998,4.0
FONTIBON,2020.0,4.71049,-74.145,32.195,8.535,8.64,10.565000000000001,18.02,1.2149999999999999,0.04,2.34,0.155,83.27,12.065000000000001,26.560000000000002,0.6799999999999999,0.625,0.635,-1.03,2.9699999999999998,90.0,82.315,12.155000000000001,74.2,19.060000000000002,13.79,16.424999999999997,26.665,11.83,10.725,36.635000000000005,19.314999999999998,120.2,124.65,1.92,4.65,0.05,2.105,1.2,3.375,0.03,1.7349999999999999,5.0
FONTIBON,2020.0,4.71049,-74.145,32.144999999999996,7.955,8.265,10.41,16.82,1.165,0.035,2.205,0.16,82.25,11.170000000000002,24.630000000000003,0.61,0.565,0.59,-1.23,3.0250000000000004,92.55,82.27000000000001,12.805,78.16,18.965,14.635,16.8,25.845,12.91,8.495,34.120000000000005,19.16,35.449999999999996,205.4,1.35,4.5600000000000005,0.05,2.01,0.8400000000000001,3.325,0.035,1.57,6.0
KENNEDY,2020.0,4.62598,-74.1004,31.615000000000002,8.98,7.795,14.524999999999999,19.135,1.29,0.04,2.515,0.15,62.185,11.510000000000002,25.34,0.7050000000000001,0.64,0.655,0.49,2.665,77.94999999999999,82.33500000000001,12.86,78.225,19.060000000000002,14.615,16.835,27.045,9.945,10.46,35.32,19.240000000000002,78.2,78.8,2.2750000000000004,6.65,0.20500000000000002,2.31,1.4300000000000002,4.734999999999999,0.15000000000000002,1.945,1.0
KENNEDY,2020.0,4.62598,-74.1004,32.68,7.835,8.495000000000001,7.705,16.66,1.095,0.035,2.145,0.13,80.045,11.285,25.11,0.68,0.63,0.655,0.29500000000000004,4.3100000000000005,131.06,82.37,13.595,80.1,19.53,15.530000000000001,17.535,26.7,12.655,9.2,37.355000000000004,19.835,78.15,78.25,1.5499999999999998,4.875,0.12000000000000001,2.2,0.97,3.565,0.060000000000000005,1.72,2.0
KENNEDY,2020.0,4.62598,-74.1004,32.215,7.845000000000001,8.809999999999999,7.015000000000001,16.035,1.23,0.04,2.3449999999999998,0.165,87.065,11.535,25.165,0.715,0.6799999999999999,0.69,-0.19,7.48,226.71,82.4,13.07,78.96000000000001,19.09,14.925,17.005000000000003,25.645,12.385,9.645,35.495000000000005,19.189999999999998,115.55000000000001,117.05,1.915,5.41,0.07,2.24,1.19,3.83,0.045,1.775,3.0
KENNEDY,2020.0,4.62598,-74.1004,31.980000000000004,7.904999999999999,8.34,8.41,16.46,1.18,0.04,2.245,0.15500000000000003,85.515,11.54,25.355,0.735,0.69,0.6950000000000001,-0.49,5.265000000000001,163.275,82.36,12.469999999999999,78.045,18.54,14.195,16.365,25.310000000000002,11.465,9.995000000000001,35.88,18.61,124.44999999999999,126.5,1.795,4.765000000000001,0.125,2.13,1.125,3.45,0.060000000000000005,1.6949999999999998,4.0
KENNEDY,2020.0,4.62598,-74.1004,32.195,8.535,8.64,10.565000000000001,18.02,1.2149999999999999,0.04,2.34,0.155,83.27,12.065000000000001,26.560000000000002,0.6799999999999999,0.625,0.635,-1.03,2.9699999999999998,90.0,82.315,12.155000000000001,74.2,19.060000000000002,13.79,16.424999999999997,26.665,11.83,10.725,36.635000000000005,19.314999999999998,120.2,124.65,1.92,4.65,0.05,2.105,1.2,3.375,0.03,1.7349999999999999,5.0
KENNEDY,2020.0,4.62598,-74.1004,32.144999999999996,7.955,8.265,10.41,16.82,1.165,0.035,2.205,0.16,82.25,11.170000000000002,24.630000000000003,0.61,0.565,0.59,-1.23,3.0250000000000004,92.55,82.27000000000001,12.805,78.16,18.965,14.635,16.8,25.845,12.91,8.495,34.120000000000005,19.16,35.449999999999996,205.4,1.35,4.5600000000000005,0.05,2.01,0.8400000000000001,3.325,0.035,1.57,6.0
LA CANDELARIA,2020.0,4.59806,-74.07606,31.615000000000002,8.98,7.795,14.524999999999999,19.135,1.29,0.04,2.515,0.15,62.185,11.510000000000002,25.34,0.7050000000000001,0.64,0.655,0.49,2.665,77.94999999999999,82.33500000000001,12.86,78.225,19.060000000000002,14.615,16.835,27.045,9.945,10.46,35.32,19.240000000000002,78.2,78.8,2.2750000000000004,6.65,0.20500000000000002,2.31,1.4300000000000002,4.734999999999999,0.15000000000000002,1.945,1.0
LA CANDELARIA,2020.0,4.59806,-74.07606,32.68,7.835,8.495000000000001,7.705,16.66,1.095,0.035,2.145,0.13,80.045,11.285,25.11,0.68,0.63,0.655,0.29500000000000004,4.3100000000000005,131.06,82.37,13.595,80.1,19.53,15.530000000000001,17.535,26.7,12.655,9.2,37.355000000000004,19.835,78.15,78.25,1.5499999999999998,4.875,0.12000000000000001,2.2,0.97,3.565,0.060000000000000005,1.72,2.0
LA CANDELARIA,2020.0,4.59806,-74.07606,32.215,7.845000000000001,8.809999999999999,7.015000000000001,16.035,1.23,0.04,2.3449999999999998,0.165,87.065,11.535,25.165,0.715,0.6799999999999999,0.69,-0.19,7.48,226.71,82.4,13.07,78.96000000000001,19.09,14.925,17.005000000000003,25.645,12.385,9.645,35.495000000000005,19.189999999999998,115.55000000000001,117.05,1.915,5.41,0.07,2.24,1.19,3.83,0.045,1.775,3.0
LA CANDELARIA,2020.0,4.59806,-74.07606,31.980000000000004,7.904999999999999,8.34,8.41,16.46,1.18,0.04,2.245,0.15500000000000003,85.515,11.54,25.355,0.735,0.69,0.6950000000000001,-0.49,5.265000000000001,163.275,82.36,12.469999999999999,78.045,18.54,14.195,16.365,25.310000000000002,11.465,9.995000000000001,35.88,18.61,124.44999999999999,126.5,1.795,4.765000000000001,0.125,2.13,1.125,3.45,0.060000000000000005,1.6949999999999998,4.0
LA CANDELARIA,2020.0,4.59806,-74.07606,32.195,8.535,8.64,10.565000000000001,18.02,1.2149999999999999,0.04,2.34,0.155,83.27,12.065000000000001,26.560000000000002,0.6799999999999999,0.625,0.635,-1.03,2.9699999999999998,90.0,82.315,12.155000000000001,74.2,19.060000000000002,13.79,16.424999999999997,26.665,11.83,10.725,36.635000000000005,19.314999999999998,120.2,124.65,1.92,4.65,0.05,2.105,1.2,3.375,0.03,1.7349999999999999,5.0
LA CANDELARIA,2020.0,4.59806,-74.07606,32.144999999999996,7.955,8.265,10.41,16.82,1.165,0.035,2.205,0.16,82.25,11.170000000000002,24.630000000000003,0.61,0.565,0.59,-1.23,3.0250000000000004,92.55,82.27000000000001,12.805,78.16,18.965,14.635,16.8,25.845,12.91,8.495,34.120000000000005,19.16,35.449999999999996,205.4,1.35,4.5600000000000005,0.05,2.01,0.8400000000000001,3.325,0.035,1.57,6.0
LOS MARTIRES,2020.0,4.60055,-74.07481,31.615000000000002,8.98,7.795,14.524999999999999,19.135,1.29,0.04,2.515,0.15,62.185,11.510000000000002,25.34,0.7050000000000001,0.64,0.655,0.49,2.665,77.94999999999999,82.33500000000001,12.86,78.225,19.060000000000002,14.615,16.835,27.045,9.945,10.46,35.32,19.240000000000002,78.2,78.8,2.2750000000000004,6.65,0.20500000000000002,2.31,1.4300000000000002,4.734999999999999,0.15000000000000002,1.945,1.0
LOS MARTIRES,2020.0,4.60055,-74.07481,32.68,7.835,8.495000000000001,7.705,16.66,1.095,0.035,2.145,0.13,80.045,11.285,25.11,0.68,0.63,0.655,0.29500000000000004,4.3100000000000005,131.06,82.37,13.595,80.1,19.53,15.530000000000001,17.535,26.7,12.655,9.2,37.355000000000004,19.835,78.15,78.25,1.5499999999999998,4.875,0.12000000000000001,2.2,0.97,3.565,0.060000000000000005,1.72,2.0
LOS MARTIRES,2020.0,4.60055,-74.07481,32.215,7.845000000000001,8.809999999999999,7.015000000000001,16.035,1.23,0.04,2.3449999999999998,0.165,87.065,11.535,25.165,0.715,0.6799999999999999,0.69,-0.19,7.48,226.71,82.4,13.07,78.96000000000001,19.09,14.925,17.005000000000003,25.645,12.385,9.645,35.495000000000005,19.189999999999998,115.55000000000001,117.05,1.915,5.41,0.07,2.24,1.19,3.83,0.045,1.775,3.0
LOS MARTIRES,2020.0,4.60055,-74.07481,31.980000000000004,7.904999999999999,8.34,8.41,16.46,1.18,0.04,2.245,0.15500000000000003,85.515,11.54,25.355,0.735,0.69,0.6950000000000001,-0.49,5.265000000000001,163.275,82.36,12.469999999999999,78.045,18.54,14.195,16.365,25.310000000000002,11.465,9.995000000000001,35.88,18.61,124.44999999999999,126.5,1.795,4.765000000000001,0.125,2.13,1.125,3.45,0.060000000000000005,1.6949999999999998,4.0
LOS MARTIRES,2020.0,4.60055,-74.07481,32.195,8.535,8.64,10.565000000000001,18.02,1.2149999999999999,0.04,2.34,0.155,83.27,12.065000000000001,26.560000000000002,0.6799999999999999,0.625,0.635,-1.03,2.9699999999999998,90.0,82.315,12.155000000000001,74.2,19.060000000000002,13.79,16.424999999999997,26.665,11.83,10.725,36.635000000000005,19.314999999999998,120.2,124.65,1.92,4.65,0.05,2.105,1.2,3.375,0.03,1.7349999999999999,5.0
LOS MARTIRES,2020.0,4.60055,-74.07481,32.144999999999996,7.955,8.265,10.41,16.82,1.165,0.035,2.205,0.16,82.25,11.170000000000002,24.630000000000003,0.61,0.565,0.59,-1.23,3.0250000000000004,92.55,82.27000000000001,12.805,78.16,18.965,14.635,16.8,25.845,12.91,8.495,34.120000000000005,19.16,35.449999999999996,205.4,1.35,4.5600000000000005,0.05,2.01,0.8400000000000001,3.325,0.035,1.57,6.0
PUENTE ARANDA,2020.0,4.63111,-74.11198,31.615000000000002,8.98,7.795,14.524999999999999,19.135,1.29,0.04,2.515,0.15,62.185,11.510000000000002,25.34,0.7050000000000001,0.64,0.655,0.49,2.665,77.94999999999999,82.33500000000001,12.86,78.225,19.060000000000002,14.615,16.835,27.045,9.945,10.46,35.32,19.240000000000002,78.2,78.8,2.2750000000000004,6.65,0.20500000000000002,2.31,1.4300000000000002,4.734999999999999,0.15000000000000002,1.945,1.0
PUENTE ARANDA,2020.0,4.63111,-74.11198,32.68,7.835,8.495000000000001,7.705,16.66,1.095,0.035,2.145,0.13,80.045,11.285,25.11,0.68,0.63,0.655,0.29500000000000004,4.3100000000000005,131.06,82.37,13.595,80.1,19.53,15.530000000000001,17.535,26.7,12.655,9.2,37.355000000000004,19.835,78.15,78.25,1.5499999999999998,4.875,0.12000000000000001,2.2,0.97,3.565,0.060000000000000005,1.72,2.0
PUENTE ARANDA,2020.0,4.63111,-74.11198,32.215,7.845000000000001,8.809999999999999,7.015000000000001,16.035,1.23,0.04,2.3449999999999998,0.165,87.065,11.535,25.165,0.715,0.6799999999999999,0.69,-0.19,7.48,226.71,82.4,13.07,78.96000000000001,19.09,14.925,17.005000000000003,25.645,12.385,9.645,35.495000000000005,19.189999999999998,115.55000000000001,117.05,1.915,5.41,0.07,2.24,1.19,3.83,0.045,1.775,3.0
PUENTE ARANDA,2020.0,4.63111,-74.11198,31.980000000000004,7.904999999999999,8.34,8.41,16.46,1.18,0.04,2.245,0.15500000000000003,85.515,11.54,25.355,0.735,0.69,0.6950000000000001,-0.49,5.265000000000001,163.275,82.36,12.469999999999999,78.045,18.54,14.195,16.365,25.310000000000002,11.465,9.995000000000001,35.88,18.61,124.44999999999999,126.5,1.795,4.765000000000001,0.125,2.13,1.125,3.45,0.060000000000000005,1.6949999999999998,4.0
PUENTE ARANDA,2020.0,4.63111,-74.11198,32.195,8.535,8.64,10.565000000000001,18.02,1.2149999999999999,0.04,2.34,0.155,83.27,12.065000000000001,26.560000000000002,0.6799999999999999,0.625,0.635,-1.03,2.9699999999999998,90.0,82.315,12.155000000000001,74.2,19.060000000000002,13.79,16.424999999999997,26.665,11.83,10.725,36.635000000000005,19.314999999999998,120.2,124.65,1.92,4.65,0.05,2.105,1.2,3.375,0.03,1.7349999999999999,5.0
PUENTE ARANDA,2020.0,4.63111,-74.11198,32.144999999999996,7.955,8.265,10.41,16.82,1.165,0.035,2.205,0.16,82.25,11.170000000000002,24.630000000000003,0.61,0.565,0.59,-1.23,3.0250000000000004,92.55,82.27000000000001,12.805,78.16,18.965,14.635,16.8,25.845,12.91,8.495,34.120000000000005,19.16,35.449999999999996,205.4,1.35,4.5600000000000005,0.05,2.01,0.8400000000000001,3.325,0.035,1.57,6.0
RAFAEL URIBE URIBE,2020.0,4.59028,-74.08473,31.615000000000002,8.98,7.795,14.524999999999999,19.135,1.29,0.04,2.515,0.15,62.185,11.510000000000002,25.34,0.7050000000000001,0.64,0.655,0.49,2.665,77.94999999999999,82.33500000000001,12.86,78.225,19.060000000000002,14.615,16.835,27.045,9.945,10.46,35.32,19.240000000000002,78.2,78.8,2.2750000000000004,6.65,0.20500000000000002,2.31,1.4300000000000002,4.734999999999999,0.15000000000000002,1.945,1.0
RAFAEL URIBE URIBE,2020.0,4.59028,-74.08473,32.68,7.835,8.495000000000001,7.705,16.66,1.095,0.035,2.145,0.13,80.045,11.285,25.11,0.68,0.63,0.655,0.29500000000000004,4.3100000000000005,131.06,82.37,13.595,80.1,19.53,15.530000000000001,17.535,26.7,12.655,9.2,37.355000000000004,19.835,78.15,78.25,1.5499999999999998,4.875,0.12000000000000001,2.2,0.97,3.565,0.060000000000000005,1.72,2.0
RAFAEL URIBE URIBE,2020.0,4.59028,-74.08473,32.215,7.845000000000001,8.809999999999999,7.015000000000001,16.035,1.23,0.04,2.3449999999999998,0.165,87.065,11.535,25.165,0.715,0.6799999999999999,0.69,-0.19,7.48,226.71,82.4,13.07,78.96000000000001,19.09,14.925,17.005000000000003,25.645,12.385,9.645,35.495000000000005,19.189999999999998,115.55000000000001,117.05,1.915,5.41,0.07,2.24,1.19,3.83,0.045,1.775,3.0
RAFAEL URIBE URIBE,2020.0,4.59028,-74.08473,31.980000000000004,7.904999999999999,8.34,8.41,16.46,1.18,0.04,2.245,0.15500000000000003,85.515,11.54,25.355,0.735,0.69,0.6950000000000001,-0.49,5.265000000000001,163.275,82.36,12.469999999999999,78.045,18.54,14.195,16.365,25.310000000000002,11.465,9.995000000000001,35.88,18.61,124.44999999999999,126.5,1.795,4.765000000000001,0.125,2.13,1.125,3.45,0.060000000000000005,1.6949999999999998,4.0
RAFAEL URIBE URIBE,2020.0,4.59028,-74.08473,32.195,8.535,8.64,10.565000000000001,18.02,1.2149999999999999,0.04,2.34,0.155,83.27,12.065000000000001,26.560000000000002,0.6799999999999999,0.625,0.635,-1.03,2.9699999999999998,90.0,82.315,12.155000000000001,74.2,19.060000000000002,13.79,16.424999999999997,26.665,11.83,10.725,36.635000000000005,19.314999999999998,120.2,124.65,1.92,4.65,0.05,2.105,1.2,3.375,0.03,1.7349999999999999,5.0
RAFAEL URIBE URIBE,2020.0,4.59028,-74.08473,32.144999999999996,7.955,8.265,10.41,16.82,1.165,0.035,2.205,0.16,82.25,11.170000000000002,24.630000000000003,0.61,0.565,0.59,-1.23,3.0250000000000004,92.55,82.27000000000001,12.805,78.16,18.965,14.635,16.8,25.845,12.91,8.495,34.120000000000005,19.16,35.449999999999996,205.4,1.35,4.5600000000000005,0.05,2.01,0.8400000000000001,3.325,0.035,1.57,6.0
SAN CRISTOBAL,2020.0,4.58843,-74.0708,31.615000000000002,8.98,7.795,14.524999999999999,19.135,1.29,0.04,2.515,0.15,62.185,11.510000000000002,25.34,0.7050000000000001,0.64,0.655,0.49,2.665,77.94999999999999,82.33500000000001,12.86,78.225,19.060000000000002,14.615,16.835,27.045,9.945,10.46,35.32,19.240000000000002,78.2,78.8,2.2750000000000004,6.65,0.20500000000000002,2.31,1.4300000000000002,4.734999999999999,0.15000000000000002,1.945,1.0
SAN CRISTOBAL,2020.0,4.58843,-74.0708,32.68,7.835,8.495000000000001,7.705,16.66,1.095,0.035,2.145,0.13,80.045,11.285,25.11,0.68,0.63,0.655,0.29500000000000004,4.3100000000000005,131.06,82.37,13.595,80.1,19.53,15.530000000000001,17.535,26.7,12.655,9.2,37.355000000000004,19.835,78.15,78.25,1.5499999999999998,4.875,0.12000000000000001,2.2,0.97,3.565,0.060000000000000005,1.72,2.0
SAN CRISTOBAL,2020.0,4.58843,-74.0708,32.215,7.845000000000001,8.809999999999999,7.015000000000001,16.035,1.23,0.04,2.3449999999999998,0.165,87.065,11.535,25.165,0.715,0.6799999999999999,0.69,-0.19,7.48,226.71,82.4,13.07,78.96000000000001,19.09,14.925,17.005000000000003,25.645,12.385,9.645,35.495000000000005,19.189999999999998,115.55000000000001,117.05,1.915,5.41,0.07,2.24,1.19,3.83,0.045,1.775,3.0
SAN CRISTOBAL,2020.0,4.58843,-74.0708,31.980000000000004,7.904999999999999,8.34,8.41,16.46,1.18,0.04,2.245,0.15500000000000003,85.515,11.54,25.355,0.735,0.69,0.6950000000000001,-0.49,5.265000000000001,163.275,82.36,12.469999999999999,78.045,18.54,14.195,16.365,25.310000000000002,11.465,9.995000000000001,35.88,18.61,124.44999999999999,126.5,1.795,4.765000000000001,0.125,2.13,1.125,3.45,0.060000000000000005,1.6949999999999998,4.0
SAN CRISTOBAL,2020.0,4.58843,-74.0708,32.195,8.535,8.64,10.565000000000001,18.02,1.2149999999999999,0.04,2.34,0.155,83.27,12.065000000000001,26.560000000000002,0.6799999999999999,0.625,0.635,-1.03,2.9699999999999998,90.0,82.315,12.155000000000001,74.2,19.060000000000002,13.79,16.424999999999997,26.665,11.83,10.725,36.635000000000005,19.314999999999998,120.2,124.65,1.92,4.65,0.05,2.105,1.2,3.375,0.03,1.7349999999999999,5.0
SAN CRISTOBAL,2020.0,4.58843,-74.0708,32.144999999999996,7.955,8.265,10.41,16.82,1.165,0.035,2.205,0.16,82.25,11.170000000000002,24.630000000000003,0.61,0.565,0.59,-1.23,3.0250000000000004,92.55,82.27000000000001,12.805,78.16,18.965,14.635,16.8,25.845,12.91,8.495,34.120000000000005,19.16,35.449999999999996,205.4,1.35,4.5600000000000005,0.05,2.01,0.8400000000000001,3.325,0.035,1.57,6.0
SANTA FE,2020.0,4.60947,-74.08135,31.615000000000002,8.98,7.795,14.524999999999999,19.135,1.29,0.04,2.515,0.15,62.185,11.510000000000002,25.34,0.7050000000000001,0.64,0.655,0.49,2.665,77.94999999999999,82.33500000000001,12.86,78.225,19.060000000000002,14.615,16.835,27.045,9.945,10.46,35.32,19.240000000000002,78.2,78.8,2.2750000000000004,6.65,0.20500000000000002,2.31,1.4300000000000002,4.734999999999999,0.15000000000000002,1.945,1.0
SANTA FE,2020.0,4.60947,-74.08135,32.68,7.835,8.495000000000001,7.705,16.66,1.095,0.035,2.145,0.13,80.045,11.285,25.11,0.68,0.63,0.655,0.29500000000000004,4.3100000000000005,131.06,82.37,13.595,80.1,19.53,15.530000000000001,17.535,26.7,12.655,9.2,37.355000000000004,19.835,78.15,78.25,1.5499999999999998,4.875,0.12000000000000001,2.2,0.97,3.565,0.060000000000000005,1.72,2.0
SANTA FE,2020.0,4.60947,-74.08135,32.215,7.845000000000001,8.809999999999999,7.015000000000001,16.035,1.23,0.04,2.3449999999999998,0.165,87.065,11.535,25.165,0.715,0.6799999999999999,0.69,-0.19,7.48,226.71,82.4,13.07,78.96000000000001,19.09,14.925,17.005000000000003,25.645,12.385,9.645,35.495000000000005,19.189999999999998,115.55000000000001,117.05,1.915,5.41,0.07,2.24,1.19,3.83,0.045,1.775,3.0
SANTA FE,2020.0,4.60947,-74.08135,31.980000000000004,7.904999999999999,8.34,8.41,16.46,1.18,0.04,2.245,0.15500000000000003,85.515,11.54,25.355,0.735,0.69,0.6950000000000001,-0.49,5.265000000000001,163.275,82.36,12.469999999999999,78.045,18.54,14.195,16.365,25.310000000000002,11.465,9.995000000000001,35.88,18.61,124.44999999999999,126.5,1.795,4.765000000000001,0.125,2.13,1.125,3.45,0.060000000000000005,1.6949999999999998,4.0
SANTA FE,2020.0,4.60947,-74.08135,32.195,8.535,8.64,10.565000000000001,18.02,1.2149999999999999,0.04,2.34,0.155,83.27,12.065000000000001,26.560000000000002,0.6799999999999999,0.625,0.635,-1.03,2.9699999999999998,90.0,82.315,12.155000000000001,74.2,19.060000000000002,13.79,16.424999999999997,26.665,11.83,10.725,36.635000000000005,19.314999999999998,120.2,124.65,1.92,4.65,0.05,2.105,1.2,3.375,0.03,1.7349999999999999,5.0
SANTA FE,2020.0,4.60947,-74.08135,32.144999999999996,7.955,8.265,10.41,16.82,1.165,0.035,2.205,0.16,82.25,11.170000000000002,24.630000000000003,0.61,0.565,0.59,-1.23,3.0250000000000004,92.55,82.27000000000001,12.805,78.16,18.965,14.635,16.8,25.845,12.91,8.495,34.120000000000005,19.16,35.449999999999996,205.4,1.35,4.5600000000000005,0.05,2.01,0.8400000000000001,3.325,0.035,1.57,6.0
SUBA,2020.0,4.7594,-74.09035,31.615000000000002,8.98,7.795,14.524999999999999,19.135,1.29,0.04,2.515,0.15,62.185,11.510000000000002,25.34,0.685,0.64,0.65,0.49,2.925,85.65,84.565,13.295,75.78999999999999,20.72,15.495000000000001,18.105,30.240000000000002,12.315,10.805,35.32,21.11,55.7,54.050000000000004,1.915,4.755,0.20500000000000002,2.2750000000000004,1.19,3.395,0.14,1.79,1.0
SUBA,2020.0,4.7594,-74.09035,32.68,7.835,8.495000000000001,7.705,16.66,1.095,0.035,2.145,0.13,80.045,11.285,25.11,0.67,0.63,0.655,0.29500000000000004,3.7600000000000002,114.275,84.605,14.219999999999999,79.75999999999999,20.810000000000002,16.61,18.71,28.75,14.075,9.295,37.355000000000004,21.235,25.05,16.9,1.505,4.525,0.05500000000000001,2.1799999999999997,0.94,3.215,0.03,1.69,2.0
SUBA,2020.0,4.7594,-74.09035,32.215,7.845000000000001,8.809999999999999,7.015000000000001,16.035,1.23,0.04,2.3449999999999998,0.165,87.065,11.535,25.165,0.685,0.6599999999999999,0.675,-0.19,6.8999999999999995,208.69,84.625,13.675,75.94,21.0,16.0,18.5,28.119999999999997,14.45,10.05,35.495000000000005,21.2,115.5,117.15,1.385,3.9299999999999997,0.049999999999999996,2.165,0.8500000000000001,2.79,0.025,1.575,3.0
SUBA,2020.0,4.7594,-74.09035,31.980000000000004,7.904999999999999,8.34,8.41,16.46,1.18,0.04,2.245,0.15500000000000003,85.515,11.54,25.355,0.715,0.6799999999999999,0.6950000000000001,-0.49,5.05,156.545,84.59,13.2,76.17500000000001,20.355,15.42,17.89,27.744999999999997,13.185,10.265,35.88,20.509999999999998,130.7,134.8,1.42,3.95,0.02,1.995,0.865,2.7800000000000002,0.03,1.5,4.0
SUBA,2020.0,4.7594,-74.09035,32.195,8.535,8.64,10.565000000000001,18.02,1.2149999999999999,0.04,2.34,0.155,83.27,12.065000000000001,26.560000000000002,0.685,0.64,0.64,-1.03,2.85,86.455,84.53999999999999,12.875,72.31,20.965,15.024999999999999,18.0,29.295,14.155,10.81,36.635000000000005,21.345,122.25,132.95,1.51,3.865,0.07500000000000001,2.065,0.94,2.795,0.05,1.5899999999999999,5.0
SUBA,2020.0,4.7594,-74.09035,32.144999999999996,7.955,8.265,10.41,16.82,1.165,0.035,2.205,0.16,82.25,11.170000000000002,24.630000000000003,0.615,0.5800000000000001,0.575,-1.23,2.165,66.44500000000001,84.5,13.149999999999999,75.49,20.505,15.43,17.965,28.935000000000002,14.725,9.085,34.120000000000005,20.945,186.89999999999998,179.04999999999998,1.395,4.295,0.08,2.045,0.87,3.07,0.035,1.6,6.0
SUMAPAZ,2020.0,4.2,-74.2,31.615000000000002,8.98,7.795,14.524999999999999,19.135,1.29,0.04,2.515,0.15,62.185,11.510000000000002,25.34,0.72,0.7,0.715,0.49,2.275,66.66499999999999,80.1,12.355,81.31,17.255,13.625,15.44,24.14,8.635,9.565000000000001,35.32,17.6,86.69999999999999,87.85,2.625,8.24,0.10500000000000001,2.605,1.69,5.81,0.07,2.215,1.0
SUMAPAZ,2020.0,4.2,-74.2,32.68,7.835,8.495000000000001,7.705,16.66,1.095,0.035,2.145,0.13,80.045,11.285,25.11,0.69,0.6799999999999999,0.71,0.29500000000000004,4.705,143.065,80.13,12.899999999999999,82.61,17.685,14.355,16.020000000000003,24.494999999999997,11.225000000000001,8.465,37.355000000000004,18.090000000000003,96.6,97.85,1.9900000000000002,5.74,0.16499999999999998,2.3049999999999997,1.29,4.165,0.09,1.92,2.0
SUMAPAZ,2020.0,4.2,-74.2,32.215,7.845000000000001,8.809999999999999,7.015000000000001,16.035,1.23,0.04,2.3449999999999998,0.165,87.065,11.535,25.165,0.76,0.755,0.765,-0.19,7.5,227.79000000000002,80.17,12.485,83.93,16.855,13.85,15.355,22.97,11.125,8.34,35.495000000000005,17.175,114.55000000000001,115.25,2.975,7.07,0.265,2.835,1.955,5.01,0.16,2.335,3.0
SUMAPAZ,2020.0,4.2,-74.2,31.980000000000004,7.904999999999999,8.34,8.41,16.46,1.18,0.04,2.245,0.15500000000000003,85.515,11.54,25.355,0.785,0.775,0.775,-0.49,5.51,170.675,80.12,11.815000000000001,82.81,16.225,13.01,14.620000000000001,22.5,10.215,8.715,35.88,16.46,119.75,120.69999999999999,2.83,7.055,0.365,2.9,1.8599999999999999,4.994999999999999,0.2,2.39,4.0
SUMAPAZ,2020.0,4.2,-74.2,32.195,8.535,8.64,10.565000000000001,18.02,1.2149999999999999,0.04,2.34,0.155,83.27,12.065000000000001,26.560000000000002,0.72,0.7050000000000001,0.715,-1.03,3.2350000000000003,98.16499999999999,80.09,11.620000000000001,78.83500000000001,16.815,12.73,14.774999999999999,24.479999999999997,10.325,9.605,36.635000000000005,17.195,117.55,119.5,2.61,6.725,0.1,2.765,1.705,4.785,0.045,2.26,5.0
SUMAPAZ,2020.0,4.2,-74.2,32.144999999999996,7.955,8.265,10.41,16.82,1.165,0.035,2.205,0.16,82.25,11.170000000000002,24.630000000000003,0.675,0.665,0.685,-1.23,4.195,128.10999999999999,80.02000000000001,12.555,81.74,17.415,13.95,15.68,23.72,11.585,7.680000000000001,34.120000000000005,17.695,81.15,83.1,1.345,3.76,0.015,1.82,0.845,2.675,0.025,1.4449999999999998,6.0
TEUSAQUILLO,2020.0,4.65942,-74.09919,31.615000000000002,8.98,7.795,14.524999999999999,19.135,1.29,0.04,2.515,0.15,62.185,11.510000000000002,25.34,0.7050000000000001,0.64,0.655,0.49,2.665,77.94999999999999,82.33500000000001,12.86,78.225,19.060000000000002,14.615,16.835,27.045,9.945,10.46,35.32,19.240000000000002,78.2,78.8,2.2750000000000004,6.65,0.20500000000000002,2.31,1.4300000000000002,4.734999999999999,0.15000000000000002,1.945,1.0
TEUSAQUILLO,2020.0,4.65942,-74.09919,32.68,7.835,8.495000000000001,7.705,16.66,1.095,0.035,2.145,0.13,80.045,11.285,25.11,0.68,0.63,0.655,0.29500000000000004,4.3100000000000005,131.06,82.37,13.595,80.1,19.53,15.530000000000001,17.535,26.7,12.655,9.2,37.355000000000004,19.835,78.15,78.25,1.5499999999999998,4.875,0.12000000000000001,2.2,0.97,3.565,0.060000000000000005,1.72,2.0
TEUSAQUILLO,2020.0,4.65942,-74.09919,32.215,7.845000000000001,8.809999999999999,7.015000000000001,16.035,1.23,0.04,2.3449999999999998,0.165,87.065,11.535,25.165,0.715,0.6799999999999999,0.69,-0.19,7.48,226.71,82.4,13.07,78.96000000000001,19.09,14.925,17.005000000000003,25.645,12.385,9.645,35.495000000000005,19.189999999999998,115.55000000000001,117.05,1.915,5.41,0.07,2.24,1.19,3.83,0.045,1.775,3.0
TEUSAQUILLO,2020.0,4.65942,-74.09919,31.980000000000004,7.904999999999999,8.34,8.41,16.46,1.18,0.04,2.245,0.15500000000000003,85.515,11.54,25.355,0.735,0.69,0.6950000000000001,-0.49,5.265000000000001,163.275,82.36,12.469999999999999,78.045,18.54,14.195,16.365,25.310000000000002,11.465,9.995000000000001,35.88,18.61,124.44999999999999,126.5,1.795,4.765000000000001,0.125,2.13,1.125,3.45,0.060000000000000005,1.6949999999999998,4.0
TEUSAQUILLO,2020.0,4.65942,-74.09919,32.195,8.535,8.64,10.565000000000001,18.02,1.2149999999999999,0.04,2.34,0.155,83.27,12.065000000000001,26.560000000000002,0.6799999999999999,0.625,0.635,-1.03,2.9699999999999998,90.0,82.315,12.155000000000001,74.2,19.060000000000002,13.79,16.424999999999997,26.665,11.83,10.725,36.635000000000005,19.314999999999998,120.2,124.65,1.92,4.65,0.05,2.105,1.2,3.375,0.03,1.7349999999999999,5.0
TEUSAQUILLO,2020.0,4.65942,-74.09919,32.144999999999996,7.955,8.265,10.41,16.82,1.165,0.035,2.205,0.16,82.25,11.170000000000002,24.630000000000003,0.61,0.565,0.59,-1.23,3.0250000000000004,92.55,82.27000000000001,12.805,78.16,18.965,14.635,16.8,25.845,12.91,8.495,34.120000000000005,19.16,35.449999999999996,205.4,1.35,4.5600000000000005,0.05,2.01,0.8400000000000001,3.325,0.035,1.57,6.0
TUNJUELITO,2020.0,4.59069,-74.09628,31.615000000000002,8.98,7.795,14.524999999999999,19.135,1.29,0.04,2.515,0.15,62.185,11.510000000000002,25.34,0.7050000000000001,0.64,0.655,0.49,2.665,77.94999999999999,82.33500000000001,12.86,78.225,19.060000000000002,14.615,16.835,27.045,9.945,10.46,35.32,19.240000000000002,78.2,78.8,2.2750000000000004,6.65,0.20500000000000002,2.31,1.4300000000000002,4.734999999999999,0.15000000000000002,1.945,1.0
TUNJUELITO,2020.0,4.59069,-74.09628,32.68,7.835,8.495000000000001,7.705,16.66,1.095,0.035,2.145,0.13,80.045,11.285,25.11,0.68,0.63,0.655,0.29500000000000004,4.3100000000000005,131.06,82.37,13.595,80.1,19.53,15.530000000000001,17.535,26.7,12.655,9.2,37.355000000000004,19.835,78.15,78.25,1.5499999999999998,4.875,0.12000000000000001,2.2,0.97,3.565,0.060000000000000005,1.72,2.0
TUNJUELITO,2020.0,4.59069,-74.09628,32.215,7.845000000000001,8.809999999999999,7.015000000000001,16.035,1.23,0.04,2.3449999999999998,0.165,87.065,11.535,25.165,0.715,0.6799999999999999,0.69,-0.19,7.48,226.71,82.4,13.07,78.96000000000001,19.09,14.925,17.005000000000003,25.645,12.385,9.645,35.495000000000005,19.189999999999998,115.55000000000001,117.05,1.915,5.41,0.07,2.24,1.19,3.83,0.045,1.775,3.0
TUNJUELITO,2020.0,4.59069,-74.09628,31.980000000000004,7.904999999999999,8.34,8.41,16.46,1.18,0.04,2.245,0.15500000000000003,85.515,11.54,25.355,0.735,0.69,0.6950000000000001,-0.49,5.265000000000001,163.275,82.36,12.469999999999999,78.045,18.54,14.195,16.365,25.310000000000002,11.465,9.995000000000001,35.88,18.61,124.44999999999999,126.5,1.795,4.765000000000001,0.125,2.13,1.125,3.45,0.060000000000000005,1.6949999999999998,4.0
TUNJUELITO,2020.0,4.59069,-74.09628,32.195,8.535,8.64,10.565000000000001,18.02,1.2149999999999999,0.04,2.34,0.155,83.27,12.065000000000001,26.560000000000002,0.6799999999999999,0.625,0.635,-1.03,2.9699999999999998,90.0,82.315,12.155000000000001,74.2,19.060000000000002,13.79,16.424999999999997,26.665,11.83,10.725,36.635000000000005,19.314999999999998,120.2,124.65,1.92,4.65,0.05,2.105,1.2,3.375,0.03,1.7349999999999999,5.0
TUNJUELITO,2020.0,4.59069,-74.09628,32.144999999999996,7.955,8.265,10.41,16.82,1.165,0.035,2.205,0.16,82.25,11.170000000000002,24.630000000000003,0.61,0.565,0.59,-1.23,3.0250000000000004,92.55,82.27000000000001,12.805,78.16,18.965,14.635,16.8,25.845,12.91,8.495,34.120000000000005,19.16,35.449999999999996,205.4,1.35,4.5600000000000005,0.05,2.01,0.8400000000000001,3.325,0.035,1.57,6.0
USAQUEN,2020.0,4.73197,-74.05163,31.615000000000002,8.98,7.795,14.524999999999999,19.135,1.29,0.04,2.515,0.15,62.185,11.510000000000002,25.34,0.775,0.765,0.76,0.49,2.0149999999999997,59.16,79.58500000000001,11.865,83.595,16.04,12.865,14.455,22.47,8.82,8.605,35.32,16.32,89.65,94.8,2.31,6.404999999999999,0.14,3.0700000000000003,1.395,4.175000000000001,0.065,2.085,1.0
USAQUEN,2020.0,4.73197,-74.05163,32.68,7.835,8.495000000000001,7.705,16.66,1.095,0.035,2.145,0.13,80.045,11.285,25.11,0.7949999999999999,0.7849999999999999,0.79,0.29500000000000004,6.105,185.405,79.6,12.42,85.5,16.37,13.594999999999999,14.985,22.740000000000002,10.41,7.87,37.355000000000004,16.72,98.6,102.0,1.9649999999999999,5.645,0.11,3.2249999999999996,1.18,3.705,0.07,2.185,2.0
USAQUEN,2020.0,4.73197,-74.05163,32.215,7.845000000000001,8.809999999999999,7.015000000000001,16.035,1.23,0.04,2.3449999999999998,0.165,87.065,11.535,25.165,0.925,0.94,0.91,-0.19,12.08,366.95000000000005,79.69,12.25,89.99,15.26,13.365,14.309999999999999,20.604999999999997,10.120000000000001,7.165,35.495000000000005,15.515,104.5,106.5,2.255,5.635,0.055,3.495,1.45,3.685,0.075,2.385,3.0
USAQUEN,2020.0,4.73197,-74.05163,31.980000000000004,7.904999999999999,8.34,8.41,16.46,1.18,0.04,2.245,0.15500000000000003,85.515,11.54,25.355,0.94,0.95,0.91,-0.49,8.375,259.54,79.63,11.725000000000001,88.985,14.765,12.68,13.72,20.215,9.515,7.265000000000001,35.88,14.895,106.15,108.05,2.0549999999999997,5.135,0.135,3.535,1.33,3.41,0.085,2.415,4.0
USAQUEN,2020.0,4.73197,-74.05163,32.195,8.535,8.64,10.565000000000001,18.02,1.2149999999999999,0.04,2.34,0.155,83.27,12.065000000000001,26.560000000000002,0.87,0.87,0.8500000000000001,-1.03,4.1899999999999995,126.405,79.57,11.594999999999999,84.68,15.415,12.469999999999999,13.945,22.555,9.66,8.32,36.635000000000005,15.485,109.44999999999999,112.05,1.75,5.08,0.055,3.255,1.125,3.4050000000000002,0.005,2.21,5.0
USAQUEN,2020.0,4.73197,-74.05163,32.144999999999996,7.955,8.265,10.41,16.82,1.165,0.035,2.205,0.16,82.25,11.170000000000002,24.630000000000003,0.745,0.725,0.73,-1.23,2.485,76.18,79.47,12.46,85.61500000000001,16.439999999999998,13.620000000000001,15.025,22.715,10.989999999999998,7.73,34.120000000000005,16.66,112.2,114.8,1.505,4.355,0.06,2.4450000000000003,0.87,2.7249999999999996,0.02,1.56,6.0
USME,2020.0,4.53286,-74.11451,31.615000000000002,8.98,7.795,14.524999999999999,19.135,1.29,0.04,2.515,0.15,62.185,11.510000000000002,25.34,0.7050000000000001,0.64,0.655,0.49,2.665,77.94999999999999,82.33500000000001,12.86,78.225,19.060000000000002,14.615,16.835,27.045,9.945,10.46,35.32,19.240000000000002,78.2,78.8,2.2750000000000004,6.65,0.20500000000000002,2.31,1.4300000000000002,4.734999999999999,0.15000000000000002,1.945,1.0
USME,2020.0,4.53286,-74.11451,32.68,7.835,8.495000000000001,7.705,16.66,1.095,0.035,2.145,0.13,80.045,11.285,25.11,0.68,0.63,0.655,0.29500000000000004,4.3100000000000005,131.06,82.37,13.595,80.1,19.53,15.530000000000001,17.535,26.7,12.655,9.2,37.355000000000004,19.835,78.15,78.25,1.5499999999999998,4.875,0.12000000000000001,2.2,0.97,3.565,0.060000000000000005,1.72,2.0
USME,2020.0,4.53286,-74.11451,32.215,7.845000000000001,8.809999999999999,7.015000000000001,16.035,1.23,0.04,2.3449999999999998,0.165,87.065,11.535,25.165,0.715,0.6799999999999999,0.69,-0.19,7.48,226.71,82.4,13.07,78.96000000000001,19.09,14.925,17.005000000000003,25.645,12.385,9.645,35.495000000000005,19.189999999999998,115.55000000000001,117.05,1.915,5.41,0.07,2.24,1.19,3.83,0.045,1.775,3.0
USME,2020.0,4.53286,-74.11451,31.980000000000004,7.904999999999999,8.34,8.41,16.46,1.18,0.04,2.245,0.15500000000000003,85.515,11.54,25.355,0.735,0.69,0.6950000000000001,-0.49,5.265000000000001,163.275,82.36,12.469999999999999,78.045,18.54,14.195,16.365,25.310000000000002,11.465,9.995000000000001,35.88,18.61,124.44999999999999,126.5,1.795,4.765000000000001,0.125,2.13,1.125,3.45,0.060000000000000005,1.6949999999999998,4.0
USME,2020.0,4.53286,-74.11451,32.195,8.535,8.64,10.565000000000001,18.02,1.2149999999999999,0.04,2.34,0.155,83.27,12.065000000000001,26.560000000000002,0.6799999999999999,0.625,0.635,-1.03,2.9699999999999998,90.0,82.315,12.155000000000001,74.2,19.060000000000002,13.79,16.424999999999997,26.665,11.83,10.725,36.635000000000005,19.314999999999998,120.2,124.65,1.92,4.65,0.05,2.105,1.2,3.375,0.03,1.7349999999999999,5.0
USME,2020.0,4.53286,-74.11451,32.144999999999996,7.955,8.265,10.41,16.82,1.165,0.035,2.205,0.16,82.25,11.170000000000002,24.630000000000003,0.61,0.565,0.59,-1.23,3.0250000000000004,92.55,82.27000000000001,12.805,78.16,18.965,14.635,16.8,25.845,12.91,8.495,34.120000000000005,19.16,35.449999999999996,205.4,1.35,4.5600000000000005,0.05,2.01,0.8400000000000001,3.325,0.035,1.57,6.0
ANTONIO NARINO,2021.0,4.60971,-74.08207,32.59,8.2,8.195,11.370000000000001,17.42,1.1949999999999998,0.04,2.5,0.16,78.42,11.57,25.595,0.61,0.5700000000000001,0.595,-0.99,3.45,101.75999999999999,82.225,12.265,73.92,19.23,13.93,16.58,27.174999999999997,12.535,10.19,35.35,19.485,82.7,82.7,1.705,4.720000000000001,0.095,2.2,1.0550000000000002,3.46,0.060000000000000005,1.73,1.0
ANTONIO NARINO,2021.0,4.60971,-74.08207,32.675,7.5649999999999995,8.615,6.525,15.735,1.1,0.035,2.195,0.155,90.185,11.995000000000001,26.479999999999997,0.625,0.59,0.62,-0.75,5.074999999999999,154.42000000000002,82.27000000000001,13.02,79.405,18.945,14.879999999999999,16.915,26.195,13.629999999999999,8.469999999999999,37.36,19.29,97.05000000000001,96.7,1.46,4.275,0.04,2.26,0.935,3.145,0.034999999999999996,1.7149999999999999,2.0
ANTONIO NARINO,2021.0,4.60971,-74.08207,32.09,8.274999999999999,8.715,8.425,17.009999999999998,1.3050000000000002,0.04,2.51,0.17,85.705,11.645,25.405,0.63,0.585,0.615,-0.43,4.1499999999999995,125.36999999999999,82.4,12.76,78.81,18.759999999999998,14.59,16.674999999999997,25.675,12.045,9.094999999999999,35.51,18.97,121.30000000000001,123.1,1.77,6.055,0.075,2.305,1.1400000000000001,4.34,0.04,1.795,3.0
ANTONIO NARINO,2021.0,4.60971,-74.08207,32.015,8.045,8.684999999999999,8.379999999999999,16.755000000000003,1.22,0.04,2.365,0.16,85.61,11.614999999999998,25.495,0.61,0.5549999999999999,0.575,-0.445,2.075,64.36,82.415,12.010000000000002,74.17500000000001,18.905,13.68,16.29,26.075,11.86,10.54,35.88,19.259999999999998,129.15,129.75,2.225,7.3500000000000005,0.09000000000000001,2.725,1.45,5.195,0.045000000000000005,2.175,4.0
ANTONIO NARINO,2021.0,4.60971,-74.08207,32.135,8.56,8.629999999999999,10.105,17.81,1.28,0.04,2.46,0.16,81.20500000000001,12.094999999999999,26.48,0.565,0.53,0.555,-0.74,3.9699999999999998,120.72,82.35499999999999,12.425,74.59,19.380000000000003,14.165,16.775,27.21,12.735,10.315000000000001,36.65,19.895,111.9,113.35000000000001,1.65,5.08,0.11,2.145,1.07,3.71,0.049999999999999996,1.73,5.0
ANTONIO NARINO,2021.0,4.60971,-74.08207,32.129999999999995,8.265,7.98,11.605,17.205,1.255,0.04,2.42,0.17,75.985,11.325,24.65,0.55,0.515,0.54,-0.98,2.495,75.98,82.255,13.065000000000001,77.32,19.5,14.954999999999998,17.225,26.655,14.24,8.95,34.125,19.93,45.4,42.9,1.515,4.0,0.095,2.09,0.97,2.9349999999999996,0.04,1.645,6.0
BARRIOS UNIDOS,2021.0,4.6989,-74.07075,32.59,8.2,8.195,11.370000000000001,17.42,1.1949999999999998,0.04,2.5,0.16,78.42,11.57,25.595,0.61,0.5700000000000001,0.595,-0.99,3.45,101.75999999999999,82.225,12.265,73.92,19.23,13.93,16.58,27.174999999999997,12.535,10.19,35.35,19.485,82.7,82.7,1.705,4.720000000000001,0.095,2.2,1.0550000000000002,3.46,0.060000000000000005,1.73,1.0
BARRIOS UNIDOS,2021.0,4.6989,-74.07075,32.675,7.5649999999999995,8.615,6.525,15.735,1.1,0.035,2.195,0.155,90.185,11.995000000000001,26.479999999999997,0.625,0.59,0.62,-0.75,5.074999999999999,154.42000000000002,82.27000000000001,13.02,79.405,18.945,14.879999999999999,16.915,26.195,13.629999999999999,8.469999999999999,37.36,19.29,97.05000000000001,96.7,1.46,4.275,0.04,2.26,0.935,3.145,0.034999999999999996,1.7149999999999999,2.0
BARRIOS UNIDOS,2021.0,4.6989,-74.07075,32.09,8.274999999999999,8.715,8.425,17.009999999999998,1.3050000000000002,0.04,2.51,0.17,85.705,11.645,25.405,0.63,0.585,0.615,-0.43,4.1499999999999995,125.36999999999999,82.4,12.76,78.81,18.759999999999998,14.59,16.674999999999997,25.675,12.045,9.094999999999999,35.51,18.97,121.30000000000001,123.1,1.77,6.055,0.075,2.305,1.1400000000000001,4.34,0.04,1.795,3.0
BARRIOS UNIDOS,2021.0,4.6989,-74.07075,32.015,8.045,8.684999999999999,8.379999999999999,16.755000000000003,1.22,0.04,2.365,0.16,85.61,11.614999999999998,25.495,0.61,0.5549999999999999,0.575,-0.445,2.075,64.36,82.415,12.010000000000002,74.17500000000001,18.905,13.68,16.29,26.075,11.86,10.54,35.88,19.259999999999998,129.15,129.75,2.225,7.3500000000000005,0.09000000000000001,2.725,1.45,5.195,0.045000000000000005,2.175,4.0
BARRIOS UNIDOS,2021.0,4.6989,-74.07075,32.135,8.56,8.629999999999999,10.105,17.81,1.28,0.04,2.46,0.16,81.20500000000001,12.094999999999999,26.48,0.565,0.53,0.555,-0.74,3.9699999999999998,120.72,82.35499999999999,12.425,74.59,19.380000000000003,14.165,16.775,27.21,12.735,10.315000000000001,36.65,19.895,111.9,113.35000000000001,1.65,5.08,0.11,2.145,1.07,3.71,0.049999999999999996,1.73,5.0
BARRIOS UNIDOS,2021.0,4.6989,-74.07075,32.129999999999995,8.265,7.98,11.605,17.205,1.255,0.04,2.42,0.17,75.985,11.325,24.65,0.55,0.515,0.54,-0.98,2.495,75.98,82.255,13.065000000000001,77.32,19.5,14.954999999999998,17.225,26.655,14.24,8.95,34.125,19.93,45.4,42.9,1.515,4.0,0.095,2.09,0.97,2.9349999999999996,0.04,1.645,6.0
BOSA,2021.0,4.58734,-74.21668,32.59,8.2,8.195,11.370000000000001,17.42,1.1949999999999998,0.04,2.5,0.16,78.42,11.57,25.595,0.61,0.5700000000000001,0.595,-0.99,3.45,101.75999999999999,82.225,12.265,73.92,19.23,13.93,16.58,27.174999999999997,12.535,10.19,35.35,19.485,82.7,82.7,1.705,4.720000000000001,0.095,2.2,1.0550000000000002,3.46,0.060000000000000005,1.73,1.0
BOSA,2021.0,4.58734,-74.21668,32.675,7.5649999999999995,8.615,6.525,15.735,1.1,0.035,2.195,0.155,90.185,11.995000000000001,26.479999999999997,0.625,0.59,0.62,-0.75,5.074999999999999,154.42000000000002,82.27000000000001,13.02,79.405,18.945,14.879999999999999,16.915,26.195,13.629999999999999,8.469999999999999,37.36,19.29,97.05000000000001,96.7,1.46,4.275,0.04,2.26,0.935,3.145,0.034999999999999996,1.7149999999999999,2.0
BOSA,2021.0,4.58734,-74.21668,32.09,8.274999999999999,8.715,8.425,17.009999999999998,1.3050000000000002,0.04,2.51,0.17,85.705,11.645,25.405,0.63,0.585,0.615,-0.43,4.1499999999999995,125.36999999999999,82.4,12.76,78.81,18.759999999999998,14.59,16.674999999999997,25.675,12.045,9.094999999999999,35.51,18.97,121.30000000000001,123.1,1.77,6.055,0.075,2.305,1.1400000000000001,4.34,0.04,1.795,3.0
BOSA,2021.0,4.58734,-74.21668,32.015,8.045,8.684999999999999,8.379999999999999,16.755000000000003,1.22,0.04,2.365,0.16,85.61,11.614999999999998,25.495,0.61,0.5549999999999999,0.575,-0.445,2.075,64.36,82.415,12.010000000000002,74.17500000000001,18.905,13.68,16.29,26.075,11.86,10.54,35.88,19.259999999999998,129.15,129.75,2.225,7.3500000000000005,0.09000000000000001,2.725,1.45,5.195,0.045000000000000005,2.175,4.0
BOSA,2021.0,4.58734,-74.21668,32.135,8.56,8.629999999999999,10.105,17.81,1.28,0.04,2.46,0.16,81.20500000000001,12.094999999999999,26.48,0.565,0.53,0.555,-0.74,3.9699999999999998,120.72,82.35499999999999,12.425,74.59,19.380000000000003,14.165,16.775,27.21,12.735,10.315000000000001,36.65,19.895,111.9,113.35000000000001,1.65,5.08,0.11,2.145,1.07,3.71,0.049999999999999996,1.73,5.0
BOSA,2021.0,4.58734,-74.21668,32.129999999999995,8.265,7.98,11.605,17.205,1.255,0.04,2.42,0.17,75.985,11.325,24.65,0.55,0.515,0.54,-0.98,2.495,75.98,82.255,13.065000000000001,77.32,19.5,14.954999999999998,17.225,26.655,14.24,8.95,34.125,19.93,45.4,42.9,1.515,4.0,0.095,2.09,0.97,2.9349999999999996,0.04,1.645,6.0
CHAPINERO,2021.0,4.6704,-74.04338,32.59,8.2,8.195,11.370000000000001,17.42,1.1949999999999998,0.04,2.5,0.16,78.42,11.57,25.595,0.75,0.74,0.745,-0.99,3.62,106.27,79.47999999999999,11.635,84.445,15.625,12.575,14.1,22.439999999999998,10.024999999999999,8.895,35.35,15.93,91.45,96.45,1.98,5.43,0.20500000000000002,2.9299999999999997,1.185,3.5650000000000004,0.095,2.0100000000000002,1.0
CHAPINERO,2021.0,4.6704,-74.04338,32.675,7.5649999999999995,8.615,6.525,15.735,1.1,0.035,2.195,0.155,90.185,11.995000000000001,26.479999999999997,0.775,0.77,0.775,-0.75,5.085,154.67000000000002,79.505,12.23,87.33500000000001,15.775,13.355,14.565000000000001,21.585,10.56,7.395,37.36,16.22,103.9,106.4,2.0,5.36,0.14,2.895,1.21,3.505,0.06,1.96,2.0
CHAPINERO,2021.0,4.6704,-74.04338,32.09,8.274999999999999,8.715,8.425,17.009999999999998,1.3050000000000002,0.04,2.51,0.17,85.705,11.645,25.405,0.745,0.74,0.74,-0.43,2.795,84.17,79.655,12.075,87.53999999999999,15.54,13.18,14.365,21.695,9.745000000000001,7.5,35.51,15.93,106.6,106.8,2.36,6.425000000000001,0.12000000000000001,3.38,1.46,4.175000000000001,0.125,2.25,3.0
CHAPINERO,2021.0,4.6704,-74.04338,32.015,8.045,8.684999999999999,8.379999999999999,16.755000000000003,1.22,0.04,2.365,0.16,85.61,11.614999999999998,25.495,0.69,0.6799999999999999,0.665,-0.445,1.47,45.584999999999994,79.7,11.485,85.12,15.3,12.434999999999999,13.870000000000001,21.549999999999997,9.495000000000001,8.325,35.88,15.785,111.8,111.65,2.66,6.885,0.09,4.135,1.715,4.5,0.1,2.74,4.0
CHAPINERO,2021.0,4.6704,-74.04338,32.135,8.56,8.629999999999999,10.105,17.81,1.28,0.04,2.46,0.16,81.20500000000001,12.094999999999999,26.48,0.655,0.645,0.645,-0.74,3.94,120.21000000000001,79.60499999999999,11.86,84.03999999999999,16.04,12.870000000000001,14.455,23.005000000000003,10.305,8.809999999999999,36.65,16.55,112.55,112.6,2.1550000000000002,5.88,0.030000000000000002,3.705,1.37,3.915,0.055,2.4450000000000003,5.0
CHAPINERO,2021.0,4.6704,-74.04338,32.129999999999995,8.265,7.98,11.605,17.205,1.255,0.04,2.42,0.17,75.985,11.325,24.65,0.655,0.645,0.64,-0.98,1.9300000000000002,58.584999999999994,79.47999999999999,12.28,84.435,16.46,13.445,14.954999999999998,22.545,11.55,7.99,34.125,16.955,93.85,97.3,1.97,4.83,0.08499999999999999,2.88,1.165,3.125,0.04,1.9499999999999997,6.0
CIUDAD BOLIVAR,2021.0,4.53904,-74.14732,32.59,8.2,8.195,11.370000000000001,17.42,1.1949999999999998,0.04,2.5,0.16,78.42,11.57,25.595,0.61,0.5700000000000001,0.595,-0.99,3.45,101.75999999999999,82.225,12.265,73.92,19.23,13.93,16.58,27.174999999999997,12.535,10.19,35.35,19.485,82.7,82.7,1.705,4.720000000000001,0.095,2.2,1.0550000000000002,3.46,0.060000000000000005,1.73,1.0
CIUDAD BOLIVAR,2021.0,4.53904,-74.14732,32.675,7.5649999999999995,8.615,6.525,15.735,1.1,0.035,2.195,0.155,90.185,11.995000000000001,26.479999999999997,0.625,0.59,0.62,-0.75,5.074999999999999,154.42000000000002,82.27000000000001,13.02,79.405,18.945,14.879999999999999,16.915,26.195,13.629999999999999,8.469999999999999,37.36,19.29,97.05000000000001,96.7,1.46,4.275,0.04,2.26,0.935,3.145,0.034999999999999996,1.7149999999999999,2.0
CIUDAD BOLIVAR,2021.0,4.53904,-74.14732,32.09,8.274999999999999,8.715,8.425,17.009999999999998,1.3050000000000002,0.04,2.51,0.17,85.705,11.645,25.405,0.63,0.585,0.615,-0.43,4.1499999999999995,125.36999999999999,82.4,12.76,78.81,18.759999999999998,14.59,16.674999999999997,25.675,12.045,9.094999999999999,35.51,18.97,121.30000000000001,123.1,1.77,6.055,0.075,2.305,1.1400000000000001,4.34,0.04,1.795,3.0
CIUDAD BOLIVAR,2021.0,4.53904,-74.14732,32.015,8.045,8.684999999999999,8.379999999999999,16.755000000000003,1.22,0.04,2.365,0.16,85.61,11.614999999999998,25.495,0.61,0.5549999999999999,0.575,-0.445,2.075,64.36,82.415,12.010000000000002,74.17500000000001,18.905,13.68,16.29,26.075,11.86,10.54,35.88,19.259999999999998,129.15,129.75,2.225,7.3500000000000005,0.09000000000000001,2.725,1.45,5.195,0.045000000000000005,2.175,4.0
CIUDAD BOLIVAR,2021.0,4.53904,-74.14732,32.135,8.56,8.629999999999999,10.105,17.81,1.28,0.04,2.46,0.16,81.20500000000001,12.094999999999999,26.48,0.565,0.53,0.555,-0.74,3.9699999999999998,120.72,82.35499999999999,12.425,74.59,19.380000000000003,14.165,16.775,27.21,12.735,10.315000000000001,36.65,19.895,111.9,113.35000000000001,1.65,5.08,0.11,2.145,1.07,3.71,0.049999999999999996,1.73,5.0
CIUDAD BOLIVAR,2021.0,4.53904,-74.14732,32.129999999999995,8.265,7.98,11.605,17.205,1.255,0.04,2.42,0.17,75.985,11.325,24.65,0.55,0.515,0.54,-0.98,2.495,75.98,82.255,13.065000000000001,77.32,19.5,14.954999999999998,17.225,26.655,14.24,8.95,34.125,19.93,45.4,42.9,1.515,4.0,0.095,2.09,0.97,2.9349999999999996,0.04,1.645,6.0
ENGATIVA,2021.0,4.70179,-74.10088,32.59,8.2,8.195,11.370000000000001,17.42,1.1949999999999998,0.04,2.5,0.16,78.42,11.57,25.595,0.61,0.5700000000000001,0.595,-0.99,3.45,101.75999999999999,82.225,12.265,73.92,19.23,13.93,16.58,27.174999999999997,12.535,10.19,35.35,19.485,82.7,82.7,1.705,4.720000000000001,0.095,2.2,1.0550000000000002,3.46,0.060000000000000005,1.73,1.0
ENGATIVA,2021.0,4.70179,-74.10088,32.675,7.5649999999999995,8.615,6.525,15.735,1.1,0.035,2.195,0.155,90.185,11.995000000000001,26.479999999999997,0.625,0.59,0.62,-0.75,5.074999999999999,154.42000000000002,82.27000000000001,13.02,79.405,18.945,14.879999999999999,16.915,26.195,13.629999999999999,8.469999999999999,37.36,19.29,97.05000000000001,96.7,1.46,4.275,0.04,2.26,0.935,3.145,0.034999999999999996,1.7149999999999999,2.0
ENGATIVA,2021.0,4.70179,-74.10088,32.09,8.274999999999999,8.715,8.425,17.009999999999998,1.3050000000000002,0.04,2.51,0.17,85.705,11.645,25.405,0.63,0.585,0.615,-0.43,4.1499999999999995,125.36999999999999,82.4,12.76,78.81,18.759999999999998,14.59,16.674999999999997,25.675,12.045,9.094999999999999,35.51,18.97,121.30000000000001,123.1,1.77,6.055,0.075,2.305,1.1400000000000001,4.34,0.04,1.795,3.0
ENGATIVA,2021.0,4.70179,-74.10088,32.015,8.045,8.684999999999999,8.379999999999999,16.755000000000003,1.22,0.04,2.365,0.16,85.61,11.614999999999998,25.495,0.61,0.5549999999999999,0.575,-0.445,2.075,64.36,82.415,12.010000000000002,74.17500000000001,18.905,13.68,16.29,26.075,11.86,10.54,35.88,19.259999999999998,129.15,129.75,2.225,7.3500000000000005,0.09000000000000001,2.725,1.45,5.195,0.045000000000000005,2.175,4.0
ENGATIVA,2021.0,4.70179,-74.10088,32.135,8.56,8.629999999999999,10.105,17.81,1.28,0.04,2.46,0.16,81.20500000000001,12.094999999999999,26.48,0.565,0.53,0.555,-0.74,3.9699999999999998,120.72,82.35499999999999,12.425,74.59,19.380000000000003,14.165,16.775,27.21,12.735,10.315000000000001,36.65,19.895,111.9,113.35000000000001,1.65,5.08,0.11,2.145,1.07,3.71,0.049999999999999996,1.73,5.0
ENGATIVA,2021.0,4.70179,-74.10088,32.129999999999995,8.265,7.98,11.605,17.205,1.255,0.04,2.42,0.17,75.985,11.325,24.65,0.55,0.515,0.54,-0.98,2.495,75.98,82.255,13.065000000000001,77.32,19.5,14.954999999999998,17.225,26.655,14.24,8.95,34.125,19.93,45.4,42.9,1.515,4.0,0.095,2.09,0.97,2.9349999999999996,0.04,1.645,6.0
FONTIBON,2021.0,4.71049,-74.145,32.59,8.2,8.195,11.370000000000001,17.42,1.1949999999999998,0.04,2.5,0.16,78.42,11.57,25.595,0.61,0.5700000000000001,0.595,-0.99,3.45,101.75999999999999,82.225,12.265,73.92,19.23,13.93,16.58,27.174999999999997,12.535,10.19,35.35,19.485,82.7,82.7,1.705,4.720000000000001,0.095,2.2,1.0550000000000002,3.46,0.060000000000000005,1.73,1.0
FONTIBON,2021.0,4.71049,-74.145,32.675,7.5649999999999995,8.615,6.525,15.735,1.1,0.035,2.195,0.155,90.185,11.995000000000001,26.479999999999997,0.625,0.59,0.62,-0.75,5.074999999999999,154.42000000000002,82.27000000000001,13.02,79.405,18.945,14.879999999999999,16.915,26.195,13.629999999999999,8.469999999999999,37.36,19.29,97.05000000000001,96.7,1.46,4.275,0.04,2.26,0.935,3.145,0.034999999999999996,1.7149999999999999,2.0
FONTIBON,2021.0,4.71049,-74.145,32.09,8.274999999999999,8.715,8.425,17.009999999999998,1.3050000000000002,0.04,2.51,0.17,85.705,11.645,25.405,0.63,0.585,0.615,-0.43,4.1499999999999995,125.36999999999999,82.4,12.76,78.81,18.759999999999998,14.59,16.674999999999997,25.675,12.045,9.094999999999999,35.51,18.97,121.30000000000001,123.1,1.77,6.055,0.075,2.305,1.1400000000000001,4.34,0.04,1.795,3.0
FONTIBON,2021.0,4.71049,-74.145,32.015,8.045,8.684999999999999,8.379999999999999,16.755000000000003,1.22,0.04,2.365,0.16,85.61,11.614999999999998,25.495,0.61,0.5549999999999999,0.575,-0.445,2.075,64.36,82.415,12.010000000000002,74.17500000000001,18.905,13.68,16.29,26.075,11.86,10.54,35.88,19.259999999999998,129.15,129.75,2.225,7.3500000000000005,0.09000000000000001,2.725,1.45,5.195,0.045000000000000005,2.175,4.0
FONTIBON,2021.0,4.71049,-74.145,32.135,8.56,8.629999999999999,10.105,17.81,1.28,0.04,2.46,0.16,81.20500000000001,12.094999999999999,26.48,0.565,0.53,0.555,-0.74,3.9699999999999998,120.72,82.35499999999999,12.425,74.59,19.380000000000003,14.165,16.775,27.21,12.735,10.315000000000001,36.65,19.895,111.9,113.35000000000001,1.65,5.08,0.11,2.145,1.07,3.71,0.049999999999999996,1.73,5.0
FONTIBON,2021.0,4.71049,-74.145,32.129999999999995,8.265,7.98,11.605,17.205,1.255,0.04,2.42,0.17,75.985,11.325,24.65,0.55,0.515,0.54,-0.98,2.495,75.98,82.255,13.065000000000001,77.32,19.5,14.954999999999998,17.225,26.655,14.24,8.95,34.125,19.93,45.4,42.9,1.515,4.0,0.095,2.09,0.97,2.9349999999999996,0.04,1.645,6.0
KENNEDY,2021.0,4.62598,-74.1004,32.59,8.2,8.195,11.370000000000001,17.42,1.1949999999999998,0.04,2.5,0.16,78.42,11.57,25.595,0.61,0.5700000000000001,0.595,-0.99,3.45,101.75999999999999,82.225,12.265,73.92,19.23,13.93,16.58,27.174999999999997,12.535,10.19,35.35,19.485,82.7,82.7,1.705,4.720000000000001,0.095,2.2,1.0550000000000002,3.46,0.060000000000000005,1.73,1.0
KENNEDY,2021.0,4.62598,-74.1004,32.675,7.5649999999999995,8.615,6.525,15.735,1.1,0.035,2.195,0.155,90.185,11.995000000000001,26.479999999999997,0.625,0.59,0.62,-0.75,5.074999999999999,154.42000000000002,82.27000000000001,13.02,79.405,18.945,14.879999999999999,16.915,26.195,13.629999999999999,8.469999999999999,37.36,19.29,97.05000000000001,96.7,1.46,4.275,0.04,2.26,0.935,3.145,0.034999999999999996,1.7149999999999999,2.0
KENNEDY,2021.0,4.62598,-74.1004,32.09,8.274999999999999,8.715,8.425,17.009999999999998,1.3050000000000002,0.04,2.51,0.17,85.705,11.645,25.405,0.63,0.585,0.615,-0.43,4.1499999999999995,125.36999999999999,82.4,12.76,78.81,18.759999999999998,14.59,16.674999999999997,25.675,12.045,9.094999999999999,35.51,18.97,121.30000000000001,123.1,1.77,6.055,0.075,2.305,1.1400000000000001,4.34,0.04,1.795,3.0
KENNEDY,2021.0,4.62598,-74.1004,32.015,8.045,8.684999999999999,8.379999999999999,16.755000000000003,1.22,0.04,2.365,0.16,85.61,11.614999999999998,25.495,0.61,0.5549999999999999,0.575,-0.445,2.075,64.36,82.415,12.010000000000002,74.17500000000001,18.905,13.68,16.29,26.075,11.86,10.54,35.88,19.259999999999998,129.15,129.75,2.225,7.3500000000000005,0.09000000000000001,2.725,1.45,5.195,0.045000000000000005,2.175,4.0
KENNEDY,2021.0,4.62598,-74.1004,32.135,8.56,8.629999999999999,10.105,17.81,1.28,0.04,2.46,0.16,81.20500000000001,12.094999999999999,26.48,0.565,0.53,0.555,-0.74,3.9699999999999998,120.72,82.35499999999999,12.425,74.59,19.380000000000003,14.165,16.775,27.21,12.735,10.315000000000001,36.65,19.895,111.9,113.35000000000001,1.65,5.08,0.11,2.145,1.07,3.71,0.049999999999999996,1.73,5.0
KENNEDY,2021.0,4.62598,-74.1004,32.129999999999995,8.265,7.98,11.605,17.205,1.255,0.04,2.42,0.17,75.985,11.325,24.65,0.55,0.515,0.54,-0.98,2.495,75.98,82.255,13.065000000000001,77.32,19.5,14.954999999999998,17.225,26.655,14.24,8.95,34.125,19.93,45.4,42.9,1.515,4.0,0.095,2.09,0.97,2.9349999999999996,0.04,1.645,6.0
LA CANDELARIA,2021.0,4.59806,-74.07606,32.59,8.2,8.195,11.370000000000001,17.42,1.1949999999999998,0.04,2.5,0.16,78.42,11.57,25.595,0.61,0.5700000000000001,0.595,-0.99,3.45,101.75999999999999,82.225,12.265,73.92,19.23,13.93,16.58,27.174999999999997,12.535,10.19,35.35,19.485,82.7,82.7,1.705,4.720000000000001,0.095,2.2,1.0550000000000002,3.46,0.060000000000000005,1.73,1.0
LA CANDELARIA,2021.0,4.59806,-74.07606,32.675,7.5649999999999995,8.615,6.525,15.735,1.1,0.035,2.195,0.155,90.185,11.995000000000001,26.479999999999997,0.625,0.59,0.62,-0.75,5.074999999999999,154.42000000000002,82.27000000000001,13.02,79.405,18.945,14.879999999999999,16.915,26.195,13.629999999999999,8.469999999999999,37.36,19.29,97.05000000000001,96.7,1.46,4.275,0.04,2.26,0.935,3.145,0.034999999999999996,1.7149999999999999,2.0
LA CANDELARIA,2021.0,4.59806,-74.07606,32.09,8.274999999999999,8.715,8.425,17.009999999999998,1.3050000000000002,0.04,2.51,0.17,85.705,11.645,25.405,0.63,0.585,0.615,-0.43,4.1499999999999995,125.36999999999999,82.4,12.76,78.81,18.759999999999998,14.59,16.674999999999997,25.675,12.045,9.094999999999999,35.51,18.97,121.30000000000001,123.1,1.77,6.055,0.075,2.305,1.1400000000000001,4.34,0.04,1.795,3.0
LA CANDELARIA,2021.0,4.59806,-74.07606,32.015,8.045,8.684999999999999,8.379999999999999,16.755000000000003,1.22,0.04,2.365,0.16,85.61,11.614999999999998,25.495,0.61,0.5549999999999999,0.575,-0.445,2.075,64.36,82.415,12.010000000000002,74.17500000000001,18.905,13.68,16.29,26.075,11.86,10.54,35.88,19.259999999999998,129.15,129.75,2.225,7.3500000000000005,0.09000000000000001,2.725,1.45,5.195,0.045000000000000005,2.175,4.0
LA CANDELARIA,2021.0,4.59806,-74.07606,32.135,8.56,8.629999999999999,10.105,17.81,1.28,0.04,2.46,0.16,81.20500000000001,12.094999999999999,26.48,0.565,0.53,0.555,-0.74,3.9699999999999998,120.72,82.35499999999999,12.425,74.59,19.380000000000003,14.165,16.775,27.21,12.735,10.315000000000001,36.65,19.895,111.9,113.35000000000001,1.65,5.08,0.11,2.145,1.07,3.71,0.049999999999999996,1.73,5.0
LA CANDELARIA,2021.0,4.59806,-74.07606,32.129999999999995,8.265,7.98,11.605,17.205,1.255,0.04,2.42,0.17,75.985,11.325,24.65,0.55,0.515,0.54,-0.98,2.495,75.98,82.255,13.065000000000001,77.32,19.5,14.954999999999998,17.225,26.655,14.24,8.95,34.125,19.93,45.4,42.9,1.515,4.0,0.095,2.09,0.97,2.9349999999999996,0.04,1.645,6.0
LOS MARTIRES,2021.0,4.60055,-74.07481,32.59,8.2,8.195,11.370000000000001,17.42,1.1949999999999998,0.04,2.5,0.16,78.42,11.57,25.595,0.61,0.5700000000000001,0.595,-0.99,3.45,101.75999999999999,82.225,12.265,73.92,19.23,13.93,16.58,27.174999999999997,12.535,10.19,35.35,19.485,82.7,82.7,1.705,4.720000000000001,0.095,2.2,1.0550000000000002,3.46,0.060000000000000005,1.73,1.0
LOS MARTIRES,2021.0,4.60055,-74.07481,32.675,7.5649999999999995,8.615,6.525,15.735,1.1,0.035,2.195,0.155,90.185,11.995000000000001,26.479999999999997,0.625,0.59,0.62,-0.75,5.074999999999999,154.42000000000002,82.27000000000001,13.02,79.405,18.945,14.879999999999999,16.915,26.195,13.629999999999999,8.469999999999999,37.36,19.29,97.05000000000001,96.7,1.46,4.275,0.04,2.26,0.935,3.145,0.034999999999999996,1.7149999999999999,2.0
LOS MARTIRES,2021.0,4.60055,-74.07481,32.09,8.274999999999999,8.715,8.425,17.009999999999998,1.3050000000000002,0.04,2.51,0.17,85.705,11.645,25.405,0.63,0.585,0.615,-0.43,4.1499999999999995,125.36999999999999,82.4,12.76,78.81,18.759999999999998,14.59,16.674999999999997,25.675,12.045,9.094999999999999,35.51,18.97,121.30000000000001,123.1,1.77,6.055,0.075,2.305,1.1400000000000001,4.34,0.04,1.795,3.0
LOS MARTIRES,2021.0,4.60055,-74.07481,32.015,8.045,8.684999999999999,8.379999999999999,16.755000000000003,1.22,0.04,2.365,0.16,85.61,11.614999999999998,25.495,0.61,0.5549999999999999,0.575,-0.445,2.075,64.36,82.415,12.010000000000002,74.17500000000001,18.905,13.68,16.29,26.075,11.86,10.54,35.88,19.259999999999998,129.15,129.75,2.225,7.3500000000000005,0.09000000000000001,2.725,1.45,5.195,0.045000000000000005,2.175,4.0
LOS MARTIRES,2021.0,4.60055,-74.07481,32.135,8.56,8.629999999999999,10.105,17.81,1.28,0.04,2.46,0.16,81.20500000000001,12.094999999999999,26.48,0.565,0.53,0.555,-0.74,3.9699999999999998,120.72,82.35499999999999,12.425,74.59,19.380000000000003,14.165,16.775,27.21,12.735,10.315000000000001,36.65,19.895,111.9,113.35000000000001,1.65,5.08,0.11,2.145,1.07,3.71,0.049999999999999996,1.73,5.0
LOS MARTIRES,2021.0,4.60055,-74.07481,32.129999999999995,8.265,7.98,11.605,17.205,1.255,0.04,2.42,0.17,75.985,11.325,24.65,0.55,0.515,0.54,-0.98,2.495,75.98,82.255,13.065000000000001,77.32,19.5,14.954999999999998,17.225,26.655,14.24,8.95,34.125,19.93,45.4,42.9,1.515,4.0,0.095,2.09,0.97,2.9349999999999996,0.04,1.645,6.0
PUENTE ARANDA,2021.0,4.63111,-74.11198,32.59,8.2,8.195,11.370000000000001,17.42,1.1949999999999998,0.04,2.5,0.16,78.42,11.57,25.595,0.61,0.5700000000000001,0.595,-0.99,3.45,101.75999999999999,82.225,12.265,73.92,19.23,13.93,16.58,27.174999999999997,12.535,10.19,35.35,19.485,82.7,82.7,1.705,4.720000000000001,0.095,2.2,1.0550000000000002,3.46,0.060000000000000005,1.73,1.0
PUENTE ARANDA,2021.0,4.63111,-74.11198,32.675,7.5649999999999995,8.615,6.525,15.735,1.1,0.035,2.195,0.155,90.185,11.995000000000001,26.479999999999997,0.625,0.59,0.62,-0.75,5.074999999999999,154.42000000000002,82.27000000000001,13.02,79.405,18.945,14.879999999999999,16.915,26.195,13.629999999999999,8.469999999999999,37.36,19.29,97.05000000000001,96.7,1.46,4.275,0.04,2.26,0.935,3.145,0.034999999999999996,1.7149999999999999,2.0
PUENTE ARANDA,2021.0,4.63111,-74.11198,32.09,8.274999999999999,8.715,8.425,17.009999999999998,1.3050000000000002,0.04,2.51,0.17,85.705,11.645,25.405,0.63,0.585,0.615,-0.43,4.1499999999999995,125.36999999999999,82.4,12.76,78.81,18.759999999999998,14.59,16.674999999999997,25.675,12.045,9.094999999999999,35.51,18.97,121.30000000000001,123.1,1.77,6.055,0.075,2.305,1.1400000000000001,4.34,0.04,1.795,3.0
PUENTE ARANDA,2021.0,4.63111,-74.11198,32.015,8.045,8.684999999999999,8.379999999999999,16.755000000000003,1.22,0.04,2.365,0.16,85.61,11.614999999999998,25.495,0.61,0.5549999999999999,0.575,-0.445,2.075,64.36,82.415,12.010000000000002,74.17500000000001,18.905,13.68,16.29,26.075,11.86,10.54,35.88,19.259999999999998,129.15,129.75,2.225,7.3500000000000005,0.09000000000000001,2.725,1.45,5.195,0.045000000000000005,2.175,4.0
PUENTE ARANDA,2021.0,4.63111,-74.11198,32.135,8.56,8.629999999999999,10.105,17.81,1.28,0.04,2.46,0.16,81.20500000000001,12.094999999999999,26.48,0.565,0.53,0.555,-0.74,3.9699999999999998,120.72,82.35499999999999,12.425,74.59,19.380000000000003,14.165,16.775,27.21,12.735,10.315000000000001,36.65,19.895,111.9,113.35000000000001,1.65,5.08,0.11,2.145,1.07,3.71,0.049999999999999996,1.73,5.0
PUENTE ARANDA,2021.0,4.63111,-74.11198,32.129999999999995,8.265,7.98,11.605,17.205,1.255,0.04,2.42,0.17,75.985,11.325,24.65,0.55,0.515,0.54,-0.98,2.495,75.98,82.255,13.065000000000001,77.32,19.5,14.954999999999998,17.225,26.655,14.24,8.95,34.125,19.93,45.4,42.9,1.515,4.0,0.095,2.09,0.97,2.9349999999999996,0.04,1.645,6.0
RAFAEL URIBE URIBE,2021.0,4.59028,-74.08473,32.59,8.2,8.195,11.370000000000001,17.42,1.1949999999999998,0.04,2.5,0.16,78.42,11.57,25.595,0.61,0.5700000000000001,0.595,-0.99,3.45,101.75999999999999,82.225,12.265,73.92,19.23,13.93,16.58,27.174999999999997,12.535,10.19,35.35,19.485,82.7,82.7,1.705,4.720000000000001,0.095,2.2,1.0550000000000002,3.46,0.060000000000000005,1.73,1.0
RAFAEL URIBE URIBE,2021.0,4.59028,-74.08473,32.675,7.5649999999999995,8.615,6.525,15.735,1.1,0.035,2.195,0.155,90.185,11.995000000000001,26.479999999999997,0.625,0.59,0.62,-0.75,5.074999999999999,154.42000000000002,82.27000000000001,13.02,79.405,18.945,14.879999999999999,16.915,26.195,13.629999999999999,8.469999999999999,37.36,19.29,97.05000000000001,96.7,1.46,4.275,0.04,2.26,0.935,3.145,0.034999999999999996,1.7149999999999999,2.0
RAFAEL URIBE URIBE,2021.0,4.59028,-74.08473,32.09,8.274999999999999,8.715,8.425,17.009999999999998,1.3050000000000002,0.04,2.51,0.17,85.705,11.645,25.405,0.63,0.585,0.615,-0.43,4.1499999999999995,125.36999999999999,82.4,12.76,78.81,18.759999999999998,14.59,16.674999999999997,25.675,12.045,9.094999999999999,35.51,18.97,121.30000000000001,123.1,1.77,6.055,0.075,2.305,1.1400000000000001,4.34,0.04,1.795,3.0
RAFAEL URIBE URIBE,2021.0,4.59028,-74.08473,32.015,8.045,8.684999999999999,8.379999999999999,16.755000000000003,1.22,0.04,2.365,0.16,85.61,11.614999999999998,25.495,0.61,0.5549999999999999,0.575,-0.445,2.075,64.36,82.415,12.010000000000002,74.17500000000001,18.905,13.68,16.29,26.075,11.86,10.54,35.88,19.259999999999998,129.15,129.75,2.225,7.3500000000000005,0.09000000000000001,2.725,1.45,5.195,0.045000000000000005,2.175,4.0
RAFAEL URIBE URIBE,2021.0,4.59028,-74.08473,32.135,8.56,8.629999999999999,10.105,17.81,1.28,0.04,2.46,0.16,81.20500000000001,12.094999999999999,26.48,0.565,0.53,0.555,-0.74,3.9699999999999998,120.72,82.35499999999999,12.425,74.59,19.380000000000003,14.165,16.775,27.21,12.735,10.315000000000001,36.65,19.895,111.9,113.35000000000001,1.65,5.08,0.11,2.145,1.07,3.71,0.049999999999999996,1.73,5.0
RAFAEL URIBE URIBE,2021.0,4.59028,-74.08473,32.129999999999995,8.265,7.98,11.605,17.205,1.255,0.04,2.42,0.17,75.985,11.325,24.65,0.55,0.515,0.54,-0.98,2.495,75.98,82.255,13.065000000000001,77.32,19.5,14.954999999999998,17.225,26.655,14.24,8.95,34.125,19.93,45.4,42.9,1.515,4.0,0.095,2.09,0.97,2.9349999999999996,0.04,1.645,6.0
SAN CRISTOBAL,2021.0,4.58843,-74.0708,32.59,8.2,8.195,11.370000000000001,17.42,1.1949999999999998,0.04,2.5,0.16,78.42,11.57,25.595,0.61,0.5700000000000001,0.595,-0.99,3.45,101.75999999999999,82.225,12.265,73.92,19.23,13.93,16.58,27.174999999999997,12.535,10.19,35.35,19.485,82.7,82.7,1.705,4.720000000000001,0.095,2.2,1.0550000000000002,3.46,0.060000000000000005,1.73,1.0
SAN CRISTOBAL,2021.0,4.58843,-74.0708,32.675,7.5649999999999995,8.615,6.525,15.735,1.1,0.035,2.195,0.155,90.185,11.995000000000001,26.479999999999997,0.625,0.59,0.62,-0.75,5.074999999999999,154.42000000000002,82.27000000000001,13.02,79.405,18.945,14.879999999999999,16.915,26.195,13.629999999999999,8.469999999999999,37.36,19.29,97.05000000000001,96.7,1.46,4.275,0.04,2.26,0.935,3.145,0.034999999999999996,1.7149999999999999,2.0
SAN CRISTOBAL,2021.0,4.58843,-74.0708,32.09,8.274999999999999,8.715,8.425,17.009999999999998,1.3050000000000002,0.04,2.51,0.17,85.705,11.645,25.405,0.63,0.585,0.615,-0.43,4.1499999999999995,125.36999999999999,82.4,12.76,78.81,18.759999999999998,14.59,16.674999999999997,25.675,12.045,9.094999999999999,35.51,18.97,121.30000000000001,123.1,1.77,6.055,0.075,2.305,1.1400000000000001,4.34,0.04,1.795,3.0
SAN CRISTOBAL,2021.0,4.58843,-74.0708,32.015,8.045,8.684999999999999,8.379999999999999,16.755000000000003,1.22,0.04,2.365,0.16,85.61,11.614999999999998,25.495,0.61,0.5549999999999999,0.575,-0.445,2.075,64.36,82.415,12.010000000000002,74.17500000000001,18.905,13.68,16.29,26.075,11.86,10.54,35.88,19.259999999999998,129.15,129.75,2.225,7.3500000000000005,0.09000000000000001,2.725,1.45,5.195,0.045000000000000005,2.175,4.0
SAN CRISTOBAL,2021.0,4.58843,-74.0708,32.135,8.56,8.629999999999999,10.105,17.81,1.28,0.04,2.46,0.16,81.20500000000001,12.094999999999999,26.48,0.565,0.53,0.555,-0.74,3.9699999999999998,120.72,82.35499999999999,12.425,74.59,19.380000000000003,14.165,16.775,27.21,12.735,10.315000000000001,36.65,19.895,111.9,113.35000000000001,1.65,5.08,0.11,2.145,1.07,3.71,0.049999999999999996,1.73,5.0
SAN CRISTOBAL,2021.0,4.58843,-74.0708,32.129999999999995,8.265,7.98,11.605,17.205,1.255,0.04,2.42,0.17,75.985,11.325,24.65,0.55,0.515,0.54,-0.98,2.495,75.98,82.255,13.065000000000001,77.32,19.5,14.954999999999998,17.225,26.655,14.24,8.95,34.125,19.93,45.4,42.9,1.515,4.0,0.095,2.09,0.97,2.9349999999999996,0.04,1.645,6.0
SANTA FE,2021.0,4.60947,-74.08135,32.59,8.2,8.195,11.370000000000001,17.42,1.1949999999999998,0.04,2.5,0.16,78.42,11.57,25.595,0.61,0.5700000000000001,0.595,-0.99,3.45,101.75999999999999,82.225,12.265,73.92,19.23,13.93,16.58,27.174999999999997,12.535,10.19,35.35,19.485,82.7,82.7,1.705,4.720000000000001,0.095,2.2,1.0550000000000002,3.46,0.060000000000000005,1.73,1.0
SANTA FE,2021.0,4.60947,-74.08135,32.675,7.5649999999999995,8.615,6.525,15.735,1.1,0.035,2.195,0.155,90.185,11.995000000000001,26.479999999999997,0.625,0.59,0.62,-0.75,5.074999999999999,154.42000000000002,82.27000000000001,13.02,79.405,18.945,14.879999999999999,16.915,26.195,13.629999999999999,8.469999999999999,37.36,19.29,97.05000000000001,96.7,1.46,4.275,0.04,2.26,0.935,3.145,0.034999999999999996,1.7149999999999999,2.0
SANTA FE,2021.0,4.60947,-74.08135,32.09,8.274999999999999,8.715,8.425,17.009999999999998,1.3050000000000002,0.04,2.51,0.17,85.705,11.645,25.405,0.63,0.585,0.615,-0.43,4.1499999999999995,125.36999999999999,82.4,12.76,78.81,18.759999999999998,14.59,16.674999999999997,25.675,12.045,9.094999999999999,35.51,18.97,121.30000000000001,123.1,1.77,6.055,0.075,2.305,1.1400000000000001,4.34,0.04,1.795,3.0
SANTA FE,2021.0,4.60947,-74.08135,32.015,8.045,8.684999999999999,8.379999999999999,16.755000000000003,1.22,0.04,2.365,0.16,85.61,11.614999999999998,25.495,0.61,0.5549999999999999,0.575,-0.445,2.075,64.36,82.415,12.010000000000002,74.17500000000001,18.905,13.68,16.29,26.075,11.86,10.54,35.88,19.259999999999998,129.15,129.75,2.225,7.3500000000000005,0.09000000000000001,2.725,1.45,5.195,0.045000000000000005,2.175,4.0
SANTA FE,2021.0,4.60947,-74.08135,32.135,8.56,8.629999999999999,10.105,17.81,1.28,0.04,2.46,0.16,81.20500000000001,12.094999999999999,26.48,0.565,0.53,0.555,-0.74,3.9699999999999998,120.72,82.35499999999999,12.425,74.59,19.380000000000003,14.165,16.775,27.21,12.735,10.315000000000001,36.65,19.895,111.9,113.35000000000001,1.65,5.08,0.11,2.145,1.07,3.71,0.049999999999999996,1.73,5.0
SANTA FE,2021.0,4.60947,-74.08135,32.129999999999995,8.265,7.98,11.605,17.205,1.255,0.04,2.42,0.17,75.985,11.325,24.65,0.55,0.515,0.54,-0.98,2.495,75.98,82.255,13.065000000000001,77.32,19.5,14.954999999999998,17.225,26.655,14.24,8.95,34.125,19.93,45.4,42.9,1.515,4.0,0.095,2.09,0.97,2.9349999999999996,0.04,1.645,6.0
SUBA,2021.0,4.7594,-74.09035,32.59,8.2,8.195,11.370000000000001,17.42,1.1949999999999998,0.04,2.5,0.16,78.42,11.57,25.595,0.61,0.585,0.6,-0.99,3.205,94.265,84.45,12.91,72.985,20.810000000000002,15.075,17.939999999999998,30.04,14.52,10.465,35.35,21.155,56.15,50.6,1.475,4.34,0.035,2.1399999999999997,0.9099999999999999,3.1399999999999997,0.025,1.62,1.0
SUBA,2021.0,4.7594,-74.09035,32.675,7.5649999999999995,8.615,6.525,15.735,1.1,0.035,2.195,0.155,90.185,11.995000000000001,26.479999999999997,0.615,0.59,0.62,-0.75,4.109999999999999,125.185,84.495,13.54,77.285,20.53,15.875,18.205,28.4,15.49,8.905000000000001,37.36,20.975,84.7,85.0,1.3199999999999998,3.705,0.02,2.085,0.835,2.715,0.04,1.5950000000000002,2.0
SUBA,2021.0,4.7594,-74.09035,32.09,8.274999999999999,8.715,8.425,17.009999999999998,1.3050000000000002,0.04,2.51,0.17,85.705,11.645,25.405,0.595,0.565,0.565,-0.43,2.54,76.42,84.625,12.91,72.3,21.01,15.155000000000001,18.08,29.615000000000002,13.899999999999999,10.225,35.51,21.555,140.5,144.60000000000002,1.44,4.609999999999999,0.06,2.075,0.9099999999999999,3.27,0.02,1.575,3.0
SUBA,2021.0,4.7594,-74.09035,32.015,8.045,8.684999999999999,8.379999999999999,16.755000000000003,1.22,0.04,2.365,0.16,85.61,11.614999999999998,25.495,0.565,0.525,0.485,-0.445,1.06,32.885,84.63499999999999,11.945,65.145,21.674999999999997,13.945,17.810000000000002,30.585,14.05,12.095,35.88,22.59,149.7,150.4,1.6600000000000001,5.645,0.015,2.29,1.075,4.01,0.04,1.795,4.0
SUBA,2021.0,4.7594,-74.09035,32.135,8.56,8.629999999999999,10.105,17.81,1.28,0.04,2.46,0.16,81.20500000000001,12.094999999999999,26.48,0.535,0.515,0.515,-0.74,2.955,89.92,84.58,12.825,70.255,21.59,14.98,18.285,30.990000000000002,15.035,11.425,36.65,22.545,256.25,252.5,1.38,4.05,0.04,2.08,0.9,2.92,0.03,1.585,5.0
SUBA,2021.0,4.7594,-74.09035,32.129999999999995,8.265,7.98,11.605,17.205,1.255,0.04,2.42,0.17,75.985,11.325,24.65,0.535,0.515,0.525,-0.98,2.305,70.255,84.495,13.575,76.67500000000001,20.825000000000003,15.91,18.365000000000002,30.0,15.5,9.45,34.125,21.58,10.15,7.050000000000001,1.545,4.4,0.11000000000000001,2.175,1.0,3.1950000000000003,0.055,1.69,6.0
SUMAPAZ,2021.0,4.2,-74.2,32.59,8.2,8.195,11.370000000000001,17.42,1.1949999999999998,0.04,2.5,0.16,78.42,11.57,25.595,0.7,0.6950000000000001,0.71,-0.99,3.85,113.645,79.99000000000001,11.885,78.675,17.17,13.075,15.120000000000001,24.235,10.92,9.315000000000001,35.35,17.515,87.65,88.80000000000001,2.09,5.880000000000001,0.16,2.165,1.325,4.245,0.10500000000000001,1.8050000000000002,1.0
SUMAPAZ,2021.0,4.2,-74.2,32.675,7.5649999999999995,8.615,6.525,15.735,1.1,0.035,2.195,0.155,90.185,11.995000000000001,26.479999999999997,0.74,0.73,0.745,-0.75,6.38,193.94,80.03,12.525,83.72,16.955,13.91,15.434999999999999,23.555,11.7,7.495,37.36,17.354999999999997,103.5,104.05,2.0,5.68,0.22,2.3049999999999997,1.32,4.125,0.10500000000000001,1.8599999999999999,2.0
SUMAPAZ,2021.0,4.2,-74.2,32.09,8.274999999999999,8.715,8.425,17.009999999999998,1.3050000000000002,0.04,2.51,0.17,85.705,11.645,25.405,0.775,0.765,0.765,-0.43,5.755,174.56,80.16,12.36,84.48,16.59,13.715,15.15,22.61,10.605,7.905,35.51,16.884999999999998,118.44999999999999,118.95,2.58,7.415,0.33,2.605,1.7,5.25,0.16999999999999998,2.105,3.0
SUMAPAZ,2021.0,4.2,-74.2,32.015,8.045,8.684999999999999,8.379999999999999,16.755000000000003,1.22,0.04,2.365,0.16,85.61,11.614999999999998,25.495,0.75,0.73,0.735,-0.445,2.935,90.99,80.18,11.67,81.65,16.314999999999998,12.855,14.585,22.805,10.4,8.940000000000001,35.88,16.675,123.55,123.85,3.385,9.195,0.52,3.475,2.25,6.395,0.255,2.79,4.0
SUMAPAZ,2021.0,4.2,-74.2,32.135,8.56,8.629999999999999,10.105,17.81,1.28,0.04,2.46,0.16,81.20500000000001,12.094999999999999,26.48,0.7,0.69,0.71,-0.74,4.68,142.29000000000002,80.12,12.004999999999999,80.41499999999999,17.009999999999998,13.25,15.13,23.935,10.835,9.19,36.65,17.485,117.35,118.25,2.465,6.47,0.345,2.665,1.62,4.605,0.155,2.17,5.0
SUMAPAZ,2021.0,4.2,-74.2,32.129999999999995,8.265,7.98,11.605,17.205,1.255,0.04,2.42,0.17,75.985,11.325,24.65,0.675,0.665,0.685,-0.98,2.74,83.25999999999999,80.015,12.695,81.565,17.625,14.129999999999999,15.875,23.57,12.415,8.075,34.125,18.025,71.55,71.30000000000001,1.685,4.29,0.13,1.935,1.0699999999999998,3.1,0.065,1.6099999999999999,6.0
TEUSAQUILLO,2021.0,4.65942,-74.09919,32.59,8.2,8.195,11.370000000000001,17.42,1.1949999999999998,0.04,2.5,0.16,78.42,11.57,25.595,0.61,0.5700000000000001,0.595,-0.99,3.45,101.75999999999999,82.225,12.265,73.92,19.23,13.93,16.58,27.174999999999997,12.535,10.19,35.35,19.485,82.7,82.7,1.705,4.720000000000001,0.095,2.2,1.0550000000000002,3.46,0.060000000000000005,1.73,1.0
TEUSAQUILLO,2021.0,4.65942,-74.09919,32.675,7.5649999999999995,8.615,6.525,15.735,1.1,0.035,2.195,0.155,90.185,11.995000000000001,26.479999999999997,0.625,0.59,0.62,-0.75,5.074999999999999,154.42000000000002,82.27000000000001,13.02,79.405,18.945,14.879999999999999,16.915,26.195,13.629999999999999,8.469999999999999,37.36,19.29,97.05000000000001,96.7,1.46,4.275,0.04,2.26,0.935,3.145,0.034999999999999996,1.7149999999999999,2.0
TEUSAQUILLO,2021.0,4.65942,-74.09919,32.09,8.274999999999999,8.715,8.425,17.009999999999998,1.3050000000000002,0.04,2.51,0.17,85.705,11.645,25.405,0.63,0.585,0.615,-0.43,4.1499999999999995,125.36999999999999,82.4,12.76,78.81,18.759999999999998,14.59,16.674999999999997,25.675,12.045,9.094999999999999,35.51,18.97,121.30000000000001,123.1,1.77,6.055,0.075,2.305,1.1400000000000001,4.34,0.04,1.795,3.0
TEUSAQUILLO,2021.0,4.65942,-74.09919,32.015,8.045,8.684999999999999,8.379999999999999,16.755000000000003,1.22,0.04,2.365,0.16,85.61,11.614999999999998,25.495,0.61,0.5549999999999999,0.575,-0.445,2.075,64.36,82.415,12.010000000000002,74.17500000000001,18.905,13.68,16.29,26.075,11.86,10.54,35.88,19.259999999999998,129.15,129.75,2.225,7.3500000000000005,0.09000000000000001,2.725,1.45,5.195,0.045000000000000005,2.175,4.0
TEUSAQUILLO,2021.0,4.65942,-74.09919,32.135,8.56,8.629999999999999,10.105,17.81,1.28,0.04,2.46,0.16,81.20500000000001,12.094999999999999,26.48,0.565,0.53,0.555,-0.74,3.9699999999999998,120.72,82.35499999999999,12.425,74.59,19.380000000000003,14.165,16.775,27.21,12.735,10.315000000000001,36.65,19.895,111.9,113.35000000000001,1.65,5.08,0.11,2.145,1.07,3.71,0.049999999999999996,1.73,5.0
TEUSAQUILLO,2021.0,4.65942,-74.09919,32.129999999999995,8.265,7.98,11.605,17.205,1.255,0.04,2.42,0.17,75.985,11.325,24.65,0.55,0.515,0.54,-0.98,2.495,75.98,82.255,13.065000000000001,77.32,19.5,14.954999999999998,17.225,26.655,14.24,8.95,34.125,19.93,45.4,42.9,1.515,4.0,0.095,2.09,0.97,2.9349999999999996,0.04,1.645,6.0
TUNJUELITO,2021.0,4.59069,-74.09628,32.59,8.2,8.195,11.370000000000001,17.42,1.1949999999999998,0.04,2.5,0.16,78.42,11.57,25.595,0.61,0.5700000000000001,0.595,-0.99,3.45,101.75999999999999,82.225,12.265,73.92,19.23,13.93,16.58,27.174999999999997,12.535,10.19,35.35,19.485,82.7,82.7,1.705,4.720000000000001,0.095,2.2,1.0550000000000002,3.46,0.060000000000000005,1.73,1.0
TUNJUELITO,2021.0,4.59069,-74.09628,32.675,7.5649999999999995,8.615,6.525,15.735,1.1,0.035,2.195,0.155,90.185,11.995000000000001,26.479999999999997,0.625,0.59,0.62,-0.75,5.074999999999999,154.42000000000002,82.27000000000001,13.02,79.405,18.945,14.879999999999999,16.915,26.195,13.629999999999999,8.469999999999999,37.36,19.29,97.05000000000001,96.7,1.46,4.275,0.04,2.26,0.935,3.145,0.034999999999999996,1.7149999999999999,2.0
TUNJUELITO,2021.0,4.59069,-74.09628,32.09,8.274999999999999,8.715,8.425,17.009999999999998,1.3050000000000002,0.04,2.51,0.17,85.705,11.645,25.405,0.63,0.585,0.615,-0.43,4.1499999999999995,125.36999999999999,82.4,12.76,78.81,18.759999999999998,14.59,16.674999999999997,25.675,12.045,9.094999999999999,35.51,18.97,121.30000000000001,123.1,1.77,6.055,0.075,2.305,1.1400000000000001,4.34,0.04,1.795,3.0
TUNJUELITO,2021.0,4.59069,-74.09628,32.015,8.045,8.684999999999999,8.379999999999999,16.755000000000003,1.22,0.04,2.365,0.16,85.61,11.614999999999998,25.495,0.61,0.5549999999999999,0.575,-0.445,2.075,64.36,82.415,12.010000000000002,74.17500000000001,18.905,13.68,16.29,26.075,11.86,10.54,35.88,19.259999999999998,129.15,129.75,2.225,7.3500000000000005,0.09000000000000001,2.725,1.45,5.195,0.045000000000000005,2.175,4.0
TUNJUELITO,2021.0,4.59069,-74.09628,32.135,8.56,8.629999999999999,10.105,17.81,1.28,0.04,2.46,0.16,81.20500000000001,12.094999999999999,26.48,0.565,0.53,0.555,-0.74,3.9699999999999998,120.72,82.35499999999999,12.425,74.59,19.380000000000003,14.165,16.775,27.21,12.735,10.315000000000001,36.65,19.895,111.9,113.35000000000001,1.65,5.08,0.11,2.145,1.07,3.71,0.049999999999999996,1.73,5.0
TUNJUELITO,2021.0,4.59069,-74.09628,32.129999999999995,8.265,7.98,11.605,17.205,1.255,0.04,2.42,0.17,75.985,11.325,24.65,0.55,0.515,0.54,-0.98,2.495,75.98,82.255,13.065000000000001,77.32,19.5,14.954999999999998,17.225,26.655,14.24,8.95,34.125,19.93,45.4,42.9,1.515,4.0,0.095,2.09,0.97,2.9349999999999996,0.04,1.645,6.0
USAQUEN,2021.0,4.73197,-74.05163,32.59,8.2,8.195,11.370000000000001,17.42,1.1949999999999998,0.04,2.5,0.16,78.42,11.57,25.595,0.75,0.74,0.745,-0.99,3.62,106.27,79.47999999999999,11.635,84.445,15.625,12.575,14.1,22.439999999999998,10.024999999999999,8.895,35.35,15.93,91.45,96.45,1.98,5.43,0.20500000000000002,2.9299999999999997,1.185,3.5650000000000004,0.095,2.0100000000000002,1.0
USAQUEN,2021.0,4.73197,-74.05163,32.675,7.5649999999999995,8.615,6.525,15.735,1.1,0.035,2.195,0.155,90.185,11.995000000000001,26.479999999999997,0.775,0.77,0.775,-0.75,5.085,154.67000000000002,79.505,12.23,87.33500000000001,15.775,13.355,14.565000000000001,21.585,10.56,7.395,37.36,16.22,103.9,106.4,2.0,5.36,0.14,2.895,1.21,3.505,0.06,1.96,2.0
USAQUEN,2021.0,4.73197,-74.05163,32.09,8.274999999999999,8.715,8.425,17.009999999999998,1.3050000000000002,0.04,2.51,0.17,85.705,11.645,25.405,0.745,0.74,0.74,-0.43,2.795,84.17,79.655,12.075,87.53999999999999,15.54,13.18,14.365,21.695,9.745000000000001,7.5,35.51,15.93,106.6,106.8,2.36,6.425000000000001,0.12000000000000001,3.38,1.46,4.175000000000001,0.125,2.25,3.0
USAQUEN,2021.0,4.73197,-74.05163,32.015,8.045,8.684999999999999,8.379999999999999,16.755000000000003,1.22,0.04,2.365,0.16,85.61,11.614999999999998,25.495,0.69,0.6799999999999999,0.665,-0.445,1.47,45.584999999999994,79.7,11.485,85.12,15.3,12.434999999999999,13.870000000000001,21.549999999999997,9.495000000000001,8.325,35.88,15.785,111.8,111.65,2.66,6.885,0.09,4.135,1.715,4.5,0.1,2.74,4.0
USAQUEN,2021.0,4.73197,-74.05163,32.135,8.56,8.629999999999999,10.105,17.81,1.28,0.04,2.46,0.16,81.20500000000001,12.094999999999999,26.48,0.655,0.645,0.645,-0.74,3.94,120.21000000000001,79.60499999999999,11.86,84.03999999999999,16.04,12.870000000000001,14.455,23.005000000000003,10.305,8.809999999999999,36.65,16.55,112.55,112.6,2.1550000000000002,5.88,0.030000000000000002,3.705,1.37,3.915,0.055,2.4450000000000003,5.0
USAQUEN,2021.0,4.73197,-74.05163,32.129999999999995,8.265,7.98,11.605,17.205,1.255,0.04,2.42,0.17,75.985,11.325,24.65,0.655,0.645,0.64,-0.98,1.9300000000000002,58.584999999999994,79.47999999999999,12.28,84.435,16.46,13.445,14.954999999999998,22.545,11.55,7.99,34.125,16.955,93.85,97.3,1.97,4.83,0.08499999999999999,2.88,1.165,3.125,0.04,1.9499999999999997,6.0
USME,2021.0,4.53286,-74.11451,32.59,8.2,8.195,11.370000000000001,17.42,1.1949999999999998,0.04,2.5,0.16,78.42,11.57,25.595,0.61,0.5700000000000001,0.595,-0.99,3.45,101.75999999999999,82.225,12.265,73.92,19.23,13.93,16.58,27.174999999999997,12.535,10.19,35.35,19.485,82.7,82.7,1.705,4.720000000000001,0.095,2.2,1.0550000000000002,3.46,0.060000000000000005,1.73,1.0
USME,2021.0,4.53286,-74.11451,32.675,7.5649999999999995,8.615,6.525,15.735,1.1,0.035,2.195,0.155,90.185,11.995000000000001,26.479999999999997,0.625,0.59,0.62,-0.75,5.074999999999999,154.42000000000002,82.27000000000001,13.02,79.405,18.945,14.879999999999999,16.915,26.195,13.629999999999999,8.469999999999999,37.36,19.29,97.05000000000001,96.7,1.46,4.275,0.04,2.26,0.935,3.145,0.034999999999999996,1.7149999999999999,2.0
USME,2021.0,4.53286,-74.11451,32.09,8.274999999999999,8.715,8.425,17.009999999999998,1.3050000000000002,0.04,2.51,0.17,85.705,11.645,25.405,0.63,0.585,0.615,-0.43,4.1499999999999995,125.36999999999999,82.4,12.76,78.81,18.759999999999998,14.59,16.674999999999997,25.675,12.045,9.094999999999999,35.51,18.97,121.30000000000001,123.1,1.77,6.055,0.075,2.305,1.1400000000000001,4.34,0.04,1.795,3.0
USME,2021.0,4.53286,-74.11451,32.015,8.045,8.684999999999999,8.379999999999999,16.755000000000003,1.22,0.04,2.365,0.16,85.61,11.614999999999998,25.495,0.61,0.5549999999999999,0.575,-0.445,2.075,64.36,82.415,12.010000000000002,74.17500000000001,18.905,13.68,16.29,26.075,11.86,10.54,35.88,19.259999999999998,129.15,129.75,2.225,7.3500000000000005,0.09000000000000001,2.725,1.45,5.195,0.045000000000000005,2.175,4.0
USME,2021.0,4.53286,-74.11451,32.135,8.56,8.629999999999999,10.105,17.81,1.28,0.04,2.46,0.16,81.20500000000001,12.094999999999999,26.48,0.565,0.53,0.555,-0.74,3.9699999999999998,120.72,82.35499999999999,12.425,74.59,19.380000000000003,14.165,16.775,27.21,12.735,10.315000000000001,36.65,19.895,111.9,113.35000000000001,1.65,5.08,0.11,2.145,1.07,3.71,0.049999999999999996,1.73,5.0
USME,2021.0,4.53286,-74.11451,32.129999999999995,8.265,7.98,11.605,17.205,1.255,0.04,2.42,0.17,75.985,11.325,24.65,0.55,0.515,0.54,-0.98,2.495,75.98,82.255,13.065000000000001,77.32,19.5,14.954999999999998,17.225,26.655,14.24,8.95,34.125,19.93,45.4,42.9,1.515,4.0,0.095,2.09,0.97,2.9349999999999996,0.04,1.645,6.0
ANTONIO NARINO,2022.0,4.60971,-74.08207,32.230000000000004,7.895,8.175,9.65,16.5,1.1949999999999998,0.04,2.34,0.165,81.47,11.445,25.16,0.51,0.485,0.515,-0.95,3.2750000000000004,94.59,82.25999999999999,12.235,73.52,19.369999999999997,13.899999999999999,16.634999999999998,28.229999999999997,13.395,9.73,35.345,20.049999999999997,65.5,63.5,1.63,4.325,0.08499999999999999,2.1799999999999997,1.04,3.245,0.05,1.7000000000000002,1.0
ANTONIO NARINO,2022.0,4.60971,-74.08207,32.965,7.645,8.455,6.8100000000000005,15.835,1.1150000000000002,0.04,2.335,0.135,87.785,11.965,26.240000000000002,0.615,0.595,0.635,-1.025,7.5600000000000005,230.0,82.275,13.3,81.505,18.869999999999997,15.184999999999999,17.03,26.049999999999997,13.75,8.79,37.379999999999995,19.299999999999997,83.1,81.44999999999999,1.47,4.97,0.07,2.2800000000000002,0.94,3.6399999999999997,0.045,1.755,2.0
ANTONIO NARINO,2022.0,4.60971,-74.08207,32.965,7.62,8.285,7.279999999999999,15.52,1.1949999999999998,0.04,2.33,0.14,87.41499999999999,11.605,25.225,0.765,0.73,0.74,-0.9199999999999999,8.6,263.145,82.38499999999999,12.905000000000001,81.455,18.33,14.719999999999999,16.525,24.955,12.565,8.985,35.535,18.43,128.45,131.85,1.525,4.875,0.06,2.185,0.95,3.495,0.035,1.6400000000000001,3.0
ANTONIO NARINO,2022.0,4.60971,-74.08207,32.72,8.01,8.09,9.350000000000001,16.66,1.1949999999999998,0.04,2.17,0.135,80.9,11.62,25.424999999999997,0.795,0.745,0.745,-0.8600000000000001,6.300000000000001,195.45,82.38499999999999,12.295,78.655,18.155,13.975,16.064999999999998,24.86,11.52,9.96,35.885000000000005,18.200000000000003,124.05,126.4,1.875,5.0600000000000005,0.14500000000000002,2.2199999999999998,1.18,3.6550000000000002,0.07,1.74,4.0
ANTONIO NARINO,2022.0,4.60971,-74.08207,33.1,8.365,8.809999999999999,8.545000000000002,17.145,1.295,0.04,2.335,0.16999999999999998,85.66,12.045,26.27,0.77,0.72,0.725,-1.0,6.325,193.845,82.35,12.865,80.675,18.495,14.66,16.58,25.205,11.89,9.22,36.67,18.68,93.19999999999999,93.39999999999999,1.62,5.0,0.1,2.1550000000000002,1.0350000000000001,3.645,0.05,1.665,5.0
ANTONIO NARINO,2022.0,4.60971,-74.08207,32.815,8.145,7.985,11.04,16.895,1.25,0.04,2.21,0.16,75.075,11.2,24.365000000000002,0.8200000000000001,0.76,0.755,-0.875,4.125,124.97,82.285,13.125,84.605,17.990000000000002,14.985,16.485,24.75,12.52,8.370000000000001,34.144999999999996,18.17,30.1,204.4,1.5350000000000001,5.58,0.09,2.21,0.955,4.0,0.06,1.73,6.0
BARRIOS UNIDOS,2022.0,4.6989,-74.07075,32.230000000000004,7.895,8.175,9.65,16.5,1.1949999999999998,0.04,2.34,0.165,81.47,11.445,25.16,0.51,0.485,0.515,-0.95,3.2750000000000004,94.59,82.25999999999999,12.235,73.52,19.369999999999997,13.899999999999999,16.634999999999998,28.229999999999997,13.395,9.73,35.345,20.049999999999997,65.5,63.5,1.63,4.325,0.08499999999999999,2.1799999999999997,1.04,3.245,0.05,1.7000000000000002,1.0
BARRIOS UNIDOS,2022.0,4.6989,-74.07075,32.965,7.645,8.455,6.8100000000000005,15.835,1.1150000000000002,0.04,2.335,0.135,87.785,11.965,26.240000000000002,0.615,0.595,0.635,-1.025,7.5600000000000005,230.0,82.275,13.3,81.505,18.869999999999997,15.184999999999999,17.03,26.049999999999997,13.75,8.79,37.379999999999995,19.299999999999997,83.1,81.44999999999999,1.47,4.97,0.07,2.2800000000000002,0.94,3.6399999999999997,0.045,1.755,2.0
BARRIOS UNIDOS,2022.0,4.6989,-74.07075,32.965,7.62,8.285,7.279999999999999,15.52,1.1949999999999998,0.04,2.33,0.14,87.41499999999999,11.605,25.225,0.765,0.73,0.74,-0.9199999999999999,8.6,263.145,82.38499999999999,12.905000000000001,81.455,18.33,14.719999999999999,16.525,24.955,12.565,8.985,35.535,18.43,128.45,131.85,1.525,4.875,0.06,2.185,0.95,3.495,0.035,1.6400000000000001,3.0
BARRIOS UNIDOS,2022.0,4.6989,-74.07075,32.72,8.01,8.09,9.350000000000001,16.66,1.1949999999999998,0.04,2.17,0.135,80.9,11.62,25.424999999999997,0.795,0.745,0.745,-0.8600000000000001,6.300000000000001,195.45,82.38499999999999,12.295,78.655,18.155,13.975,16.064999999999998,24.86,11.52,9.96,35.885000000000005,18.200000000000003,124.05,126.4,1.875,5.0600000000000005,0.14500000000000002,2.2199999999999998,1.18,3.6550000000000002,0.07,1.74,4.0
BARRIOS UNIDOS,2022.0,4.6989,-74.07075,33.1,8.365,8.809999999999999,8.545000000000002,17.145,1.295,0.04,2.335,0.16999999999999998,85.66,12.045,26.27,0.77,0.72,0.725,-1.0,6.325,193.845,82.35,12.865,80.675,18.495,14.66,16.58,25.205,11.89,9.22,36.67,18.68,93.19999999999999,93.39999999999999,1.62,5.0,0.1,2.1550000000000002,1.0350000000000001,3.645,0.05,1.665,5.0
BARRIOS UNIDOS,2022.0,4.6989,-74.07075,32.815,8.145,7.985,11.04,16.895,1.25,0.04,2.21,0.16,75.075,11.2,24.365000000000002,0.8200000000000001,0.76,0.755,-0.875,4.125,124.97,82.285,13.125,84.605,17.990000000000002,14.985,16.485,24.75,12.52,8.370000000000001,34.144999999999996,18.17,30.1,204.4,1.5350000000000001,5.58,0.09,2.21,0.955,4.0,0.06,1.73,6.0
BOSA,2022.0,4.58734,-74.21668,32.230000000000004,7.895,8.175,9.65,16.5,1.1949999999999998,0.04,2.34,0.165,81.47,11.445,25.16,0.51,0.485,0.515,-0.95,3.2750000000000004,94.59,82.25999999999999,12.235,73.52,19.369999999999997,13.899999999999999,16.634999999999998,28.229999999999997,13.395,9.73,35.345,20.049999999999997,65.5,63.5,1.63,4.325,0.08499999999999999,2.1799999999999997,1.04,3.245,0.05,1.7000000000000002,1.0
BOSA,2022.0,4.58734,-74.21668,32.965,7.645,8.455,6.8100000000000005,15.835,1.1150000000000002,0.04,2.335,0.135,87.785,11.965,26.240000000000002,0.615,0.595,0.635,-1.025,7.5600000000000005,230.0,82.275,13.3,81.505,18.869999999999997,15.184999999999999,17.03,26.049999999999997,13.75,8.79,37.379999999999995,19.299999999999997,83.1,81.44999999999999,1.47,4.97,0.07,2.2800000000000002,0.94,3.6399999999999997,0.045,1.755,2.0
BOSA,2022.0,4.58734,-74.21668,32.965,7.62,8.285,7.279999999999999,15.52,1.1949999999999998,0.04,2.33,0.14,87.41499999999999,11.605,25.225,0.765,0.73,0.74,-0.9199999999999999,8.6,263.145,82.38499999999999,12.905000000000001,81.455,18.33,14.719999999999999,16.525,24.955,12.565,8.985,35.535,18.43,128.45,131.85,1.525,4.875,0.06,2.185,0.95,3.495,0.035,1.6400000000000001,3.0
BOSA,2022.0,4.58734,-74.21668,32.72,8.01,8.09,9.350000000000001,16.66,1.1949999999999998,0.04,2.17,0.135,80.9,11.62,25.424999999999997,0.795,0.745,0.745,-0.8600000000000001,6.300000000000001,195.45,82.38499999999999,12.295,78.655,18.155,13.975,16.064999999999998,24.86,11.52,9.96,35.885000000000005,18.200000000000003,124.05,126.4,1.875,5.0600000000000005,0.14500000000000002,2.2199999999999998,1.18,3.6550000000000002,0.07,1.74,4.0
BOSA,2022.0,4.58734,-74.21668,33.1,8.365,8.809999999999999,8.545000000000002,17.145,1.295,0.04,2.335,0.16999999999999998,85.66,12.045,26.27,0.77,0.72,0.725,-1.0,6.325,193.845,82.35,12.865,80.675,18.495,14.66,16.58,25.205,11.89,9.22,36.67,18.68,93.19999999999999,93.39999999999999,1.62,5.0,0.1,2.1550000000000002,1.0350000000000001,3.645,0.05,1.665,5.0
BOSA,2022.0,4.58734,-74.21668,32.815,8.145,7.985,11.04,16.895,1.25,0.04,2.21,0.16,75.075,11.2,24.365000000000002,0.8200000000000001,0.76,0.755,-0.875,4.125,124.97,82.285,13.125,84.605,17.990000000000002,14.985,16.485,24.75,12.52,8.370000000000001,34.144999999999996,18.17,30.1,204.4,1.5350000000000001,5.58,0.09,2.21,0.955,4.0,0.06,1.73,6.0
CHAPINERO,2022.0,4.6704,-74.04338,32.230000000000004,7.895,8.175,9.65,16.5,1.1949999999999998,0.04,2.34,0.165,81.47,11.445,25.16,0.6,0.59,0.59,-0.95,2.82,81.045,79.485,11.155000000000001,78.875,16.185000000000002,11.985,14.08,24.1,10.84,8.96,35.345,16.85,91.9,97.3,2.0300000000000002,5.18,0.275,2.92,1.2,3.34,0.11,1.9699999999999998,1.0
CHAPINERO,2022.0,4.6704,-74.04338,32.965,7.645,8.455,6.8100000000000005,15.835,1.1150000000000002,0.04,2.335,0.135,87.785,11.965,26.240000000000002,0.7749999999999999,0.78,0.79,-1.025,9.195,279.485,79.5,12.41,88.28,15.8,13.555,14.68,21.72,11.17,7.215,37.379999999999995,16.18,102.69999999999999,104.85,1.89,5.734999999999999,0.11499999999999999,3.065,1.1549999999999998,3.835,0.04,2.07,2.0
CHAPINERO,2022.0,4.6704,-74.04338,32.965,7.62,8.285,7.279999999999999,15.52,1.1949999999999998,0.04,2.33,0.14,87.41499999999999,11.605,25.225,0.95,0.955,0.925,-0.9199999999999999,14.044999999999998,430.23,79.635,12.02,90.4,14.89,13.06,13.975,20.36,10.065000000000001,7.08,35.535,15.18,106.44999999999999,107.9,2.035,4.975,0.135,3.19,1.28,3.3099999999999996,0.055,2.185,3.0
CHAPINERO,2022.0,4.6704,-74.04338,32.72,8.01,8.09,9.350000000000001,16.66,1.1949999999999998,0.04,2.17,0.135,80.9,11.62,25.424999999999997,0.95,0.97,0.925,-0.8600000000000001,10.82,335.405,79.66499999999999,11.48,89.32,14.375,12.355,13.364999999999998,19.795,9.35,7.68,35.885000000000005,14.62,104.3,106.75,2.18,6.035,0.22999999999999998,3.6,1.415,3.9050000000000002,0.135,2.455,4.0
CHAPINERO,2022.0,4.6704,-74.04338,33.1,8.365,8.809999999999999,8.545000000000002,17.145,1.295,0.04,2.335,0.16999999999999998,85.66,12.045,26.27,0.915,0.92,0.895,-1.0,8.05,246.055,79.575,12.02,87.365,15.45,13.02,14.235,21.33,10.16,7.77,36.67,15.635,111.95,114.0,1.76,5.605,0.07,3.045,1.1099999999999999,3.665,0.04,2.045,5.0
CHAPINERO,2022.0,4.6704,-74.04338,32.815,8.145,7.985,11.04,16.895,1.25,0.04,2.21,0.16,75.075,11.2,24.365000000000002,0.925,0.9299999999999999,0.895,-0.875,5.03,152.635,79.475,12.35,89.755,15.41,13.45,14.43,21.18,9.925,7.1850000000000005,34.144999999999996,15.690000000000001,105.55,108.8,1.57,4.55,0.05,2.23,0.92,3.045,0.045,1.52,6.0
CIUDAD BOLIVAR,2022.0,4.53904,-74.14732,32.230000000000004,7.895,8.175,9.65,16.5,1.1949999999999998,0.04,2.34,0.165,81.47,11.445,25.16,0.51,0.485,0.515,-0.95,3.2750000000000004,94.59,82.25999999999999,12.235,73.52,19.369999999999997,13.899999999999999,16.634999999999998,28.229999999999997,13.395,9.73,35.345,20.049999999999997,65.5,63.5,1.63,4.325,0.08499999999999999,2.1799999999999997,1.04,3.245,0.05,1.7000000000000002,1.0
CIUDAD BOLIVAR,2022.0,4.53904,-74.14732,32.965,7.645,8.455,6.8100000000000005,15.835,1.1150000000000002,0.04,2.335,0.135,87.785,11.965,26.240000000000002,0.615,0.595,0.635,-1.025,7.5600000000000005,230.0,82.275,13.3,81.505,18.869999999999997,15.184999999999999,17.03,26.049999999999997,13.75,8.79,37.379999999999995,19.299999999999997,83.1,81.44999999999999,1.47,4.97,0.07,2.2800000000000002,0.94,3.6399999999999997,0.045,1.755,2.0
CIUDAD BOLIVAR,2022.0,4.53904,-74.14732,32.965,7.62,8.285,7.279999999999999,15.52,1.1949999999999998,0.04,2.33,0.14,87.41499999999999,11.605,25.225,0.765,0.73,0.74,-0.9199999999999999,8.6,263.145,82.38499999999999,12.905000000000001,81.455,18.33,14.719999999999999,16.525,24.955,12.565,8.985,35.535,18.43,128.45,131.85,1.525,4.875,0.06,2.185,0.95,3.495,0.035,1.6400000000000001,3.0
CIUDAD BOLIVAR,2022.0,4.53904,-74.14732,32.72,8.01,8.09,9.350000000000001,16.66,1.1949999999999998,0.04,2.17,0.135,80.9,11.62,25.424999999999997,0.795,0.745,0.745,-0.8600000000000001,6.300000000000001,195.45,82.38499999999999,12.295,78.655,18.155,13.975,16.064999999999998,24.86,11.52,9.96,35.885000000000005,18.200000000000003,124.05,126.4,1.875,5.0600000000000005,0.14500000000000002,2.2199999999999998,1.18,3.6550000000000002,0.07,1.74,4.0
CIUDAD BOLIVAR,2022.0,4.53904,-74.14732,33.1,8.365,8.809999999999999,8.545000000000002,17.145,1.295,0.04,2.335,0.16999999999999998,85.66,12.045,26.27,0.77,0.72,0.725,-1.0,6.325,193.845,82.35,12.865,80.675,18.495,14.66,16.58,25.205,11.89,9.22,36.67,18.68,93.19999999999999,93.39999999999999,1.62,5.0,0.1,2.1550000000000002,1.0350000000000001,3.645,0.05,1.665,5.0
CIUDAD BOLIVAR,2022.0,4.53904,-74.14732,32.815,8.145,7.985,11.04,16.895,1.25,0.04,2.21,0.16,75.075,11.2,24.365000000000002,0.8200000000000001,0.76,0.755,-0.875,4.125,124.97,82.285,13.125,84.605,17.990000000000002,14.985,16.485,24.75,12.52,8.370000000000001,34.144999999999996,18.17,30.1,204.4,1.5350000000000001,5.58,0.09,2.21,0.955,4.0,0.06,1.73,6.0
ENGATIVA,2022.0,4.70179,-74.10088,32.230000000000004,7.895,8.175,9.65,16.5,1.1949999999999998,0.04,2.34,0.165,81.47,11.445,25.16,0.51,0.485,0.515,-0.95,3.2750000000000004,94.59,82.25999999999999,12.235,73.52,19.369999999999997,13.899999999999999,16.634999999999998,28.229999999999997,13.395,9.73,35.345,20.049999999999997,65.5,63.5,1.63,4.325,0.08499999999999999,2.1799999999999997,1.04,3.245,0.05,1.7000000000000002,1.0
ENGATIVA,2022.0,4.70179,-74.10088,32.965,7.645,8.455,6.8100000000000005,15.835,1.1150000000000002,0.04,2.335,0.135,87.785,11.965,26.240000000000002,0.615,0.595,0.635,-1.025,7.5600000000000005,230.0,82.275,13.3,81.505,18.869999999999997,15.184999999999999,17.03,26.049999999999997,13.75,8.79,37.379999999999995,19.299999999999997,83.1,81.44999999999999,1.47,4.97,0.07,2.2800000000000002,0.94,3.6399999999999997,0.045,1.755,2.0
ENGATIVA,2022.0,4.70179,-74.10088,32.965,7.62,8.285,7.279999999999999,15.52,1.1949999999999998,0.04,2.33,0.14,87.41499999999999,11.605,25.225,0.765,0.73,0.74,-0.9199999999999999,8.6,263.145,82.38499999999999,12.905000000000001,81.455,18.33,14.719999999999999,16.525,24.955,12.565,8.985,35.535,18.43,128.45,131.85,1.525,4.875,0.06,2.185,0.95,3.495,0.035,1.6400000000000001,3.0
ENGATIVA,2022.0,4.70179,-74.10088,32.72,8.01,8.09,9.350000000000001,16.66,1.1949999999999998,0.04,2.17,0.135,80.9,11.62,25.424999999999997,0.795,0.745,0.745,-0.8600000000000001,6.300000000000001,195.45,82.38499999999999,12.295,78.655,18.155,13.975,16.064999999999998,24.86,11.52,9.96,35.885000000000005,18.200000000000003,124.05,126.4,1.875,5.0600000000000005,0.14500000000000002,2.2199999999999998,1.18,3.6550000000000002,0.07,1.74,4.0
ENGATIVA,2022.0,4.70179,-74.10088,33.1,8.365,8.809999999999999,8.545000000000002,17.145,1.295,0.04,2.335,0.16999999999999998,85.66,12.045,26.27,0.77,0.72,0.725,-1.0,6.325,193.845,82.35,12.865,80.675,18.495,14.66,16.58,25.205,11.89,9.22,36.67,18.68,93.19999999999999,93.39999999999999,1.62,5.0,0.1,2.1550000000000002,1.0350000000000001,3.645,0.05,1.665,5.0
ENGATIVA,2022.0,4.70179,-74.10088,32.815,8.145,7.985,11.04,16.895,1.25,0.04,2.21,0.16,75.075,11.2,24.365000000000002,0.8200000000000001,0.76,0.755,-0.875,4.125,124.97,82.285,13.125,84.605,17.990000000000002,14.985,16.485,24.75,12.52,8.370000000000001,34.144999999999996,18.17,30.1,204.4,1.5350000000000001,5.58,0.09,2.21,0.955,4.0,0.06,1.73,6.0
FONTIBON,2022.0,4.71049,-74.145,32.230000000000004,7.895,8.175,9.65,16.5,1.1949999999999998,0.04,2.34,0.165,81.47,11.445,25.16,0.51,0.485,0.515,-0.95,3.2750000000000004,94.59,82.25999999999999,12.235,73.52,19.369999999999997,13.899999999999999,16.634999999999998,28.229999999999997,13.395,9.73,35.345,20.049999999999997,65.5,63.5,1.63,4.325,0.08499999999999999,2.1799999999999997,1.04,3.245,0.05,1.7000000000000002,1.0
FONTIBON,2022.0,4.71049,-74.145,32.965,7.645,8.455,6.8100000000000005,15.835,1.1150000000000002,0.04,2.335,0.135,87.785,11.965,26.240000000000002,0.615,0.595,0.635,-1.025,7.5600000000000005,230.0,82.275,13.3,81.505,18.869999999999997,15.184999999999999,17.03,26.049999999999997,13.75,8.79,37.379999999999995,19.299999999999997,83.1,81.44999999999999,1.47,4.97,0.07,2.2800000000000002,0.94,3.6399999999999997,0.045,1.755,2.0
FONTIBON,2022.0,4.71049,-74.145,32.965,7.62,8.285,7.279999999999999,15.52,1.1949999999999998,0.04,2.33,0.14,87.41499999999999,11.605,25.225,0.765,0.73,0.74,-0.9199999999999999,8.6,263.145,82.38499999999999,12.905000000000001,81.455,18.33,14.719999999999999,16.525,24.955,12.565,8.985,35.535,18.43,128.45,131.85,1.525,4.875,0.06,2.185,0.95,3.495,0.035,1.6400000000000001,3.0
FONTIBON,2022.0,4.71049,-74.145,32.72,8.01,8.09,9.350000000000001,16.66,1.1949999999999998,0.04,2.17,0.135,80.9,11.62,25.424999999999997,0.795,0.745,0.745,-0.8600000000000001,6.300000000000001,195.45,82.38499999999999,12.295,78.655,18.155,13.975,16.064999999999998,24.86,11.52,9.96,35.885000000000005,18.200000000000003,124.05,126.4,1.875,5.0600000000000005,0.14500000000000002,2.2199999999999998,1.18,3.6550000000000002,0.07,1.74,4.0
FONTIBON,2022.0,4.71049,-74.145,33.1,8.365,8.809999999999999,8.545000000000002,17.145,1.295,0.04,2.335,0.16999999999999998,85.66,12.045,26.27,0.77,0.72,0.725,-1.0,6.325,193.845,82.35,12.865,80.675,18.495,14.66,16.58,25.205,11.89,9.22,36.67,18.68,93.19999999999999,93.39999999999999,1.62,5.0,0.1,2.1550000000000002,1.0350000000000001,3.645,0.05,1.665,5.0
FONTIBON,2022.0,4.71049,-74.145,32.815,8.145,7.985,11.04,16.895,1.25,0.04,2.21,0.16,75.075,11.2,24.365000000000002,0.8200000000000001,0.76,0.755,-0.875,4.125,124.97,82.285,13.125,84.605,17.990000000000002,14.985,16.485,24.75,12.52,8.370000000000001,34.144999999999996,18.17,30.1,204.4,1.5350000000000001,5.58,0.09,2.21,0.955,4.0,0.06,1.73,6.0
KENNEDY,2022.0,4.62598,-74.1004,32.230000000000004,7.895,8.175,9.65,16.5,1.1949999999999998,0.04,2.34,0.165,81.47,11.445,25.16,0.51,0.485,0.515,-0.95,3.2750000000000004,94.59,82.25999999999999,12.235,73.52,19.369999999999997,13.899999999999999,16.634999999999998,28.229999999999997,13.395,9.73,35.345,20.049999999999997,65.5,63.5,1.63,4.325,0.08499999999999999,2.1799999999999997,1.04,3.245,0.05,1.7000000000000002,1.0
KENNEDY,2022.0,4.62598,-74.1004,32.965,7.645,8.455,6.8100000000000005,15.835,1.1150000000000002,0.04,2.335,0.135,87.785,11.965,26.240000000000002,0.615,0.595,0.635,-1.025,7.5600000000000005,230.0,82.275,13.3,81.505,18.869999999999997,15.184999999999999,17.03,26.049999999999997,13.75,8.79,37.379999999999995,19.299999999999997,83.1,81.44999999999999,1.47,4.97,0.07,2.2800000000000002,0.94,3.6399999999999997,0.045,1.755,2.0
KENNEDY,2022.0,4.62598,-74.1004,32.965,7.62,8.285,7.279999999999999,15.52,1.1949999999999998,0.04,2.33,0.14,87.41499999999999,11.605,25.225,0.765,0.73,0.74,-0.9199999999999999,8.6,263.145,82.38499999999999,12.905000000000001,81.455,18.33,14.719999999999999,16.525,24.955,12.565,8.985,35.535,18.43,128.45,131.85,1.525,4.875,0.06,2.185,0.95,3.495,0.035,1.6400000000000001,3.0
KENNEDY,2022.0,4.62598,-74.1004,32.72,8.01,8.09,9.350000000000001,16.66,1.1949999999999998,0.04,2.17,0.135,80.9,11.62,25.424999999999997,0.795,0.745,0.745,-0.8600000000000001,6.300000000000001,195.45,82.38499999999999,12.295,78.655,18.155,13.975,16.064999999999998,24.86,11.52,9.96,35.885000000000005,18.200000000000003,124.05,126.4,1.875,5.0600000000000005,0.14500000000000002,2.2199999999999998,1.18,3.6550000000000002,0.07,1.74,4.0
KENNEDY,2022.0,4.62598,-74.1004,33.1,8.365,8.809999999999999,8.545000000000002,17.145,1.295,0.04,2.335,0.16999999999999998,85.66,12.045,26.27,0.77,0.72,0.725,-1.0,6.325,193.845,82.35,12.865,80.675,18.495,14.66,16.58,25.205,11.89,9.22,36.67,18.68,93.19999999999999,93.39999999999999,1.62,5.0,0.1,2.1550000000000002,1.0350000000000001,3.645,0.05,1.665,5.0
KENNEDY,2022.0,4.62598,-74.1004,32.815,8.145,7.985,11.04,16.895,1.25,0.04,2.21,0.16,75.075,11.2,24.365000000000002,0.8200000000000001,0.76,0.755,-0.875,4.125,124.97,82.285,13.125,84.605,17.990000000000002,14.985,16.485,24.75,12.52,8.370000000000001,34.144999999999996,18.17,30.1,204.4,1.5350000000000001,5.58,0.09,2.21,0.955,4.0,0.06,1.73,6.0
LA CANDELARIA,2022.0,4.59806,-74.07606,32.230000000000004,7.895,8.175,9.65,16.5,1.1949999999999998,0.04,2.34,0.165,81.47,11.445,25.16,0.51,0.485,0.515,-0.95,3.2750000000000004,94.59,82.25999999999999,12.235,73.52,19.369999999999997,13.899999999999999,16.634999999999998,28.229999999999997,13.395,9.73,35.345,20.049999999999997,65.5,63.5,1.63,4.325,0.08499999999999999,2.1799999999999997,1.04,3.245,0.05,1.7000000000000002,1.0
LA CANDELARIA,2022.0,4.59806,-74.07606,32.965,7.645,8.455,6.8100000000000005,15.835,1.1150000000000002,0.04,2.335,0.135,87.785,11.965,26.240000000000002,0.615,0.595,0.635,-1.025,7.5600000000000005,230.0,82.275,13.3,81.505,18.869999999999997,15.184999999999999,17.03,26.049999999999997,13.75,8.79,37.379999999999995,19.299999999999997,83.1,81.44999999999999,1.47,4.97,0.07,2.2800000000000002,0.94,3.6399999999999997,0.045,1.755,2.0
LA CANDELARIA,2022.0,4.59806,-74.07606,32.965,7.62,8.285,7.279999999999999,15.52,1.1949999999999998,0.04,2.33,0.14,87.41499999999999,11.605,25.225,0.765,0.73,0.74,-0.9199999999999999,8.6,263.145,82.38499999999999,12.905000000000001,81.455,18.33,14.719999999999999,16.525,24.955,12.565,8.985,35.535,18.43,128.45,131.85,1.525,4.875,0.06,2.185,0.95,3.495,0.035,1.6400000000000001,3.0
LA CANDELARIA,2022.0,4.59806,-74.07606,32.72,8.01,8.09,9.350000000000001,16.66,1.1949999999999998,0.04,2.17,0.135,80.9,11.62,25.424999999999997,0.795,0.745,0.745,-0.8600000000000001,6.300000000000001,195.45,82.38499999999999,12.295,78.655,18.155,13.975,16.064999999999998,24.86,11.52,9.96,35.885000000000005,18.200000000000003,124.05,126.4,1.875,5.0600000000000005,0.14500000000000002,2.2199999999999998,1.18,3.6550000000000002,0.07,1.74,4.0
LA CANDELARIA,2022.0,4.59806,-74.07606,33.1,8.365,8.809999999999999,8.545000000000002,17.145,1.295,0.04,2.335,0.16999999999999998,85.66,12.045,26.27,0.77,0.72,0.725,-1.0,6.325,193.845,82.35,12.865,80.675,18.495,14.66,16.58,25.205,11.89,9.22,36.67,18.68,93.19999999999999,93.39999999999999,1.62,5.0,0.1,2.1550000000000002,1.0350000000000001,3.645,0.05,1.665,5.0
LA CANDELARIA,2022.0,4.59806,-74.07606,32.815,8.145,7.985,11.04,16.895,1.25,0.04,2.21,0.16,75.075,11.2,24.365000000000002,0.8200000000000001,0.76,0.755,-0.875,4.125,124.97,82.285,13.125,84.605,17.990000000000002,14.985,16.485,24.75,12.52,8.370000000000001,34.144999999999996,18.17,30.1,204.4,1.5350000000000001,5.58,0.09,2.21,0.955,4.0,0.06,1.73,6.0
LOS MARTIRES,2022.0,4.60055,-74.07481,32.230000000000004,7.895,8.175,9.65,16.5,1.1949999999999998,0.04,2.34,0.165,81.47,11.445,25.16,0.51,0.485,0.515,-0.95,3.2750000000000004,94.59,82.25999999999999,12.235,73.52,19.369999999999997,13.899999999999999,16.634999999999998,28.229999999999997,13.395,9.73,35.345,20.049999999999997,65.5,63.5,1.63,4.325,0.08499999999999999,2.1799999999999997,1.04,3.245,0.05,1.7000000000000002,1.0
LOS MARTIRES,2022.0,4.60055,-74.07481,32.965,7.645,8.455,6.8100000000000005,15.835,1.1150000000000002,0.04,2.335,0.135,87.785,11.965,26.240000000000002,0.615,0.595,0.635,-1.025,7.5600000000000005,230.0,82.275,13.3,81.505,18.869999999999997,15.184999999999999,17.03,26.049999999999997,13.75,8.79,37.379999999999995,19.299999999999997,83.1,81.44999999999999,1.47,4.97,0.07,2.2800000000000002,0.94,3.6399999999999997,0.045,1.755,2.0
LOS MARTIRES,2022.0,4.60055,-74.07481,32.965,7.62,8.285,7.279999999999999,15.52,1.1949999999999998,0.04,2.33,0.14,87.41499999999999,11.605,25.225,0.765,0.73,0.74,-0.9199999999999999,8.6,263.145,82.38499999999999,12.905000000000001,81.455,18.33,14.719999999999999,16.525,24.955,12.565,8.985,35.535,18.43,128.45,131.85,1.525,4.875,0.06,2.185,0.95,3.495,0.035,1.6400000000000001,3.0
LOS MARTIRES,2022.0,4.60055,-74.07481,32.72,8.01,8.09,9.350000000000001,16.66,1.1949999999999998,0.04,2.17,0.135,80.9,11.62,25.424999999999997,0.795,0.745,0.745,-0.8600000000000001,6.300000000000001,195.45,82.38499999999999,12.295,78.655,18.155,13.975,16.064999999999998,24.86,11.52,9.96,35.885000000000005,18.200000000000003,124.05,126.4,1.875,5.0600000000000005,0.14500000000000002,2.2199999999999998,1.18,3.6550000000000002,0.07,1.74,4.0
LOS MARTIRES,2022.0,4.60055,-74.07481,33.1,8.365,8.809999999999999,8.545000000000002,17.145,1.295,0.04,2.335,0.16999999999999998,85.66,12.045,26.27,0.77,0.72,0.725,-1.0,6.325,193.845,82.35,12.865,80.675,18.495,14.66,16.58,25.205,11.89,9.22,36.67,18.68,93.19999999999999,93.39999999999999,1.62,5.0,0.1,2.1550000000000002,1.0350000000000001,3.645,0.05,1.665,5.0
LOS MARTIRES,2022.0,4.60055,-74.07481,32.815,8.145,7.985,11.04,16.895,1.25,0.04,2.21,0.16,75.075,11.2,24.365000000000002,0.8200000000000001,0.76,0.755,-0.875,4.125,124.97,82.285,13.125,84.605,17.990000000000002,14.985,16.485,24.75,12.52,8.370000000000001,34.144999999999996,18.17,30.1,204.4,1.5350000000000001,5.58,0.09,2.21,0.955,4.0,0.06,1.73,6.0
PUENTE ARANDA,2022.0,4.63111,-74.11198,32.230000000000004,7.895,8.175,9.65,16.5,1.1949999999999998,0.04,2.34,0.165,81.47,11.445,25.16,0.51,0.485,0.515,-0.95,3.2750000000000004,94.59,82.25999999999999,12.235,73.52,19.369999999999997,13.899999999999999,16.634999999999998,28.229999999999997,13.395,9.73,35.345,20.049999999999997,65.5,63.5,1.63,4.325,0.08499999999999999,2.1799999999999997,1.04,3.245,0.05,1.7000000000000002,1.0
PUENTE ARANDA,2022.0,4.63111,-74.11198,32.965,7.645,8.455,6.8100000000000005,15.835,1.1150000000000002,0.04,2.335,0.135,87.785,11.965,26.240000000000002,0.615,0.595,0.635,-1.025,7.5600000000000005,230.0,82.275,13.3,81.505,18.869999999999997,15.184999999999999,17.03,26.049999999999997,13.75,8.79,37.379999999999995,19.299999999999997,83.1,81.44999999999999,1.47,4.97,0.07,2.2800000000000002,0.94,3.6399999999999997,0.045,1.755,2.0
PUENTE ARANDA,2022.0,4.63111,-74.11198,32.965,7.62,8.285,7.279999999999999,15.52,1.1949999999999998,0.04,2.33,0.14,87.41499999999999,11.605,25.225,0.765,0.73,0.74,-0.9199999999999999,8.6,263.145,82.38499999999999,12.905000000000001,81.455,18.33,14.719999999999999,16.525,24.955,12.565,8.985,35.535,18.43,128.45,131.85,1.525,4.875,0.06,2.185,0.95,3.495,0.035,1.6400000000000001,3.0
PUENTE ARANDA,2022.0,4.63111,-74.11198,32.72,8.01,8.09,9.350000000000001,16.66,1.1949999999999998,0.04,2.17,0.135,80.9,11.62,25.424999999999997,0.795,0.745,0.745,-0.8600000000000001,6.300000000000001,195.45,82.38499999999999,12.295,78.655,18.155,13.975,16.064999999999998,24.86,11.52,9.96,35.885000000000005,18.200000000000003,124.05,126.4,1.875,5.0600000000000005,0.14500000000000002,2.2199999999999998,1.18,3.6550000000000002,0.07,1.74,4.0
PUENTE ARANDA,2022.0,4.63111,-74.11198,33.1,8.365,8.809999999999999,8.545000000000002,17.145,1.295,0.04,2.335,0.16999999999999998,85.66,12.045,26.27,0.77,0.72,0.725,-1.0,6.325,193.845,82.35,12.865,80.675,18.495,14.66,16.58,25.205,11.89,9.22,36.67,18.68,93.19999999999999,93.39999999999999,1.62,5.0,0.1,2.1550000000000002,1.0350000000000001,3.645,0.05,1.665,5.0
PUENTE ARANDA,2022.0,4.63111,-74.11198,32.815,8.145,7.985,11.04,16.895,1.25,0.04,2.21,0.16,75.075,11.2,24.365000000000002,0.8200000000000001,0.76,0.755,-0.875,4.125,124.97,82.285,13.125,84.605,17.990000000000002,14.985,16.485,24.75,12.52,8.370000000000001,34.144999999999996,18.17,30.1,204.4,1.5350000000000001,5.58,0.09,2.21,0.955,4.0,0.06,1.73,6.0
RAFAEL URIBE URIBE,2022.0,4.59028,-74.08473,32.230000000000004,7.895,8.175,9.65,16.5,1.1949999999999998,0.04,2.34,0.165,81.47,11.445,25.16,0.51,0.485,0.515,-0.95,3.2750000000000004,94.59,82.25999999999999,12.235,73.52,19.369999999999997,13.899999999999999,16.634999999999998,28.229999999999997,13.395,9.73,35.345,20.049999999999997,65.5,63.5,1.63,4.325,0.08499999999999999,2.1799999999999997,1.04,3.245,0.05,1.7000000000000002,1.0
RAFAEL URIBE URIBE,2022.0,4.59028,-74.08473,32.965,7.645,8.455,6.8100000000000005,15.835,1.1150000000000002,0.04,2.335,0.135,87.785,11.965,26.240000000000002,0.615,0.595,0.635,-1.025,7.5600000000000005,230.0,82.275,13.3,81.505,18.869999999999997,15.184999999999999,17.03,26.049999999999997,13.75,8.79,37.379999999999995,19.299999999999997,83.1,81.44999999999999,1.47,4.97,0.07,2.2800000000000002,0.94,3.6399999999999997,0.045,1.755,2.0
RAFAEL URIBE URIBE,2022.0,4.59028,-74.08473,32.965,7.62,8.285,7.279999999999999,15.52,1.1949999999999998,0.04,2.33,0.14,87.41499999999999,11.605,25.225,0.765,0.73,0.74,-0.9199999999999999,8.6,263.145,82.38499999999999,12.905000000000001,81.455,18.33,14.719999999999999,16.525,24.955,12.565,8.985,35.535,18.43,128.45,131.85,1.525,4.875,0.06,2.185,0.95,3.495,0.035,1.6400000000000001,3.0
RAFAEL URIBE URIBE,2022.0,4.59028,-74.08473,32.72,8.01,8.09,9.350000000000001,16.66,1.1949999999999998,0.04,2.17,0.135,80.9,11.62,25.424999999999997,0.795,0.745,0.745,-0.8600000000000001,6.300000000000001,195.45,82.38499999999999,12.295,78.655,18.155,13.975,16.064999999999998,24.86,11.52,9.96,35.885000000000005,18.200000000000003,124.05,126.4,1.875,5.0600000000000005,0.14500000000000002,2.2199999999999998,1.18,3.6550000000000002,0.07,1.74,4.0
RAFAEL URIBE URIBE,2022.0,4.59028,-74.08473,33.1,8.365,8.809999999999999,8.545000000000002,17.145,1.295,0.04,2.335,0.16999999999999998,85.66,12.045,26.27,0.77,0.72,0.725,-1.0,6.325,193.845,82.35,12.865,80.675,18.495,14.66,16.58,25.205,11.89,9.22,36.67,18.68,93.19999999999999,93.39999999999999,1.62,5.0,0.1,2.1550000000000002,1.0350000000000001,3.645,0.05,1.665,5.0
RAFAEL URIBE URIBE,2022.0,4.59028,-74.08473,32.815,8.145,7.985,11.04,16.895,1.25,0.04,2.21,0.16,75.075,11.2,24.365000000000002,0.8200000000000001,0.76,0.755,-0.875,4.125,124.97,82.285,13.125,84.605,17.990000000000002,14.985,16.485,24.75,12.52,8.370000000000001,34.144999999999996,18.17,30.1,204.4,1.5350000000000001,5.58,0.09,2.21,0.955,4.0,0.06,1.73,6.0
SAN CRISTOBAL,2022.0,4.58843,-74.0708,32.230000000000004,7.895,8.175,9.65,16.5,1.1949999999999998,0.04,2.34,0.165,81.47,11.445,25.16,0.51,0.485,0.515,-0.95,3.2750000000000004,94.59,82.25999999999999,12.235,73.52,19.369999999999997,13.899999999999999,16.634999999999998,28.229999999999997,13.395,9.73,35.345,20.049999999999997,65.5,63.5,1.63,4.325,0.08499999999999999,2.1799999999999997,1.04,3.245,0.05,1.7000000000000002,1.0
SAN CRISTOBAL,2022.0,4.58843,-74.0708,32.965,7.645,8.455,6.8100000000000005,15.835,1.1150000000000002,0.04,2.335,0.135,87.785,11.965,26.240000000000002,0.615,0.595,0.635,-1.025,7.5600000000000005,230.0,82.275,13.3,81.505,18.869999999999997,15.184999999999999,17.03,26.049999999999997,13.75,8.79,37.379999999999995,19.299999999999997,83.1,81.44999999999999,1.47,4.97,0.07,2.2800000000000002,0.94,3.6399999999999997,0.045,1.755,2.0
SAN CRISTOBAL,2022.0,4.58843,-74.0708,32.965,7.62,8.285,7.279999999999999,15.52,1.1949999999999998,0.04,2.33,0.14,87.41499999999999,11.605,25.225,0.765,0.73,0.74,-0.9199999999999999,8.6,263.145,82.38499999999999,12.905000000000001,81.455,18.33,14.719999999999999,16.525,24.955,12.565,8.985,35.535,18.43,128.45,131.85,1.525,4.875,0.06,2.185,0.95,3.495,0.035,1.6400000000000001,3.0
SAN CRISTOBAL,2022.0,4.58843,-74.0708,32.72,8.01,8.09,9.350000000000001,16.66,1.1949999999999998,0.04,2.17,0.135,80.9,11.62,25.424999999999997,0.795,0.745,0.745,-0.8600000000000001,6.300000000000001,195.45,82.38499999999999,12.295,78.655,18.155,13.975,16.064999999999998,24.86,11.52,9.96,35.885000000000005,18.200000000000003,124.05,126.4,1.875,5.0600000000000005,0.14500000000000002,2.2199999999999998,1.18,3.6550000000000002,0.07,1.74,4.0
SAN CRISTOBAL,2022.0,4.58843,-74.0708,33.1,8.365,8.809999999999999,8.545000000000002,17.145,1.295,0.04,2.335,0.16999999999999998,85.66,12.045,26.27,0.77,0.72,0.725,-1.0,6.325,193.845,82.35,12.865,80.675,18.495,14.66,16.58,25.205,11.89,9.22,36.67,18.68,93.19999999999999,93.39999999999999,1.62,5.0,0.1,2.1550000000000002,1.0350000000000001,3.645,0.05,1.665,5.0
SAN CRISTOBAL,2022.0,4.58843,-74.0708,32.815,8.145,7.985,11.04,16.895,1.25,0.04,2.21,0.16,75.075,11.2,24.365000000000002,0.8200000000000001,0.76,0.755,-0.875,4.125,124.97,82.285,13.125,84.605,17.990000000000002,14.985,16.485,24.75,12.52,8.370000000000001,34.144999999999996,18.17,30.1,204.4,1.5350000000000001,5.58,0.09,2.21,0.955,4.0,0.06,1.73,6.0
SANTA FE,2022.0,4.60947,-74.08135,32.230000000000004,7.895,8.175,9.65,16.5,1.1949999999999998,0.04,2.34,0.165,81.47,11.445,25.16,0.51,0.485,0.515,-0.95,3.2750000000000004,94.59,82.25999999999999,12.235,73.52,19.369999999999997,13.899999999999999,16.634999999999998,28.229999999999997,13.395,9.73,35.345,20.049999999999997,65.5,63.5,1.63,4.325,0.08499999999999999,2.1799999999999997,1.04,3.245,0.05,1.7000000000000002,1.0
SANTA FE,2022.0,4.60947,-74.08135,32.965,7.645,8.455,6.8100000000000005,15.835,1.1150000000000002,0.04,2.335,0.135,87.785,11.965,26.240000000000002,0.615,0.595,0.635,-1.025,7.5600000000000005,230.0,82.275,13.3,81.505,18.869999999999997,15.184999999999999,17.03,26.049999999999997,13.75,8.79,37.379999999999995,19.299999999999997,83.1,81.44999999999999,1.47,4.97,0.07,2.2800000000000002,0.94,3.6399999999999997,0.045,1.755,2.0
SANTA FE,2022.0,4.60947,-74.08135,32.965,7.62,8.285,7.279999999999999,15.52,1.1949999999999998,0.04,2.33,0.14,87.41499999999999,11.605,25.225,0.765,0.73,0.74,-0.9199999999999999,8.6,263.145,82.38499999999999,12.905000000000001,81.455,18.33,14.719999999999999,16.525,24.955,12.565,8.985,35.535,18.43,128.45,131.85,1.525,4.875,0.06,2.185,0.95,3.495,0.035,1.6400000000000001,3.0
SANTA FE,2022.0,4.60947,-74.08135,32.72,8.01,8.09,9.350000000000001,16.66,1.1949999999999998,0.04,2.17,0.135,80.9,11.62,25.424999999999997,0.795,0.745,0.745,-0.8600000000000001,6.300000000000001,195.45,82.38499999999999,12.295,78.655,18.155,13.975,16.064999999999998,24.86,11.52,9.96,35.885000000000005,18.200000000000003,124.05,126.4,1.875,5.0600000000000005,0.14500000000000002,2.2199999999999998,1.18,3.6550000000000002,0.07,1.74,4.0
SANTA FE,2022.0,4.60947,-74.08135,33.1,8.365,8.809999999999999,8.545000000000002,17.145,1.295,0.04,2.335,0.16999999999999998,85.66,12.045,26.27,0.77,0.72,0.725,-1.0,6.325,193.845,82.35,12.865,80.675,18.495,14.66,16.58,25.205,11.89,9.22,36.67,18.68,93.19999999999999,93.39999999999999,1.62,5.0,0.1,2.1550000000000002,1.0350000000000001,3.645,0.05,1.665,5.0
SANTA FE,2022.0,4.60947,-74.08135,32.815,8.145,7.985,11.04,16.895,1.25,0.04,2.21,0.16,75.075,11.2,24.365000000000002,0.8200000000000001,0.76,0.755,-0.875,4.125,124.97,82.285,13.125,84.605,17.990000000000002,14.985,16.485,24.75,12.52,8.370000000000001,34.144999999999996,18.17,30.1,204.4,1.5350000000000001,5.58,0.09,2.21,0.955,4.0,0.06,1.73,6.0
SUBA,2022.0,4.7594,-74.09035,32.230000000000004,7.895,8.175,9.65,16.5,1.1949999999999998,0.04,2.34,0.165,81.47,11.445,25.16,0.525,0.51,0.525,-0.95,3.165,91.365,84.5,12.985,74.02,20.745,15.18,17.965,30.76,14.84,10.085,35.345,21.605,21.25,15.8,1.665,4.615,0.125,2.265,1.065,3.37,0.07,1.775,1.0
SUBA,2022.0,4.7594,-74.09035,32.965,7.645,8.455,6.8100000000000005,15.835,1.1150000000000002,0.04,2.335,0.135,87.785,11.965,26.240000000000002,0.605,0.6,0.645,-1.025,6.655,202.385,84.51,14.06,82.07,20.1,16.41,18.255000000000003,27.71,14.684999999999999,8.690000000000001,37.379999999999995,20.56,20.95,183.4,1.47,4.1850000000000005,0.07,2.295,0.935,3.0700000000000003,0.03,1.755,2.0
SUBA,2022.0,4.7594,-74.09035,32.965,7.62,8.285,7.279999999999999,15.52,1.1949999999999998,0.04,2.33,0.14,87.41499999999999,11.605,25.225,0.74,0.71,0.74,-0.9199999999999999,7.4,226.05,84.62,13.885,82.035,19.83,16.200000000000003,18.009999999999998,26.494999999999997,14.21,8.81,35.535,19.925,148.4,160.3,1.33,3.79,0.05,1.9849999999999999,0.815,2.6550000000000002,0.045000000000000005,1.45,3.0
SUBA,2022.0,4.7594,-74.09035,32.72,8.01,8.09,9.350000000000001,16.66,1.1949999999999998,0.04,2.17,0.135,80.9,11.62,25.424999999999997,0.765,0.725,0.735,-0.8600000000000001,5.26,162.975,84.62,13.29,78.25999999999999,19.945,15.5,17.725,26.36,13.745000000000001,9.79,35.885000000000005,19.965,134.2,138.85,1.42,3.815,0.055,1.98,0.875,2.73,0.03,1.475,4.0
SUBA,2022.0,4.7594,-74.09035,33.1,8.365,8.809999999999999,8.545000000000002,17.145,1.295,0.04,2.335,0.16999999999999998,85.66,12.045,26.27,0.74,0.7,0.725,-1.0,6.01,184.07999999999998,84.59,13.715,82.025,19.71,16.009999999999998,17.86,27.025,13.905,9.04,36.67,19.955,59.85,62.85,1.405,4.325,0.075,2.125,0.88,3.09,0.05,1.615,5.0
SUBA,2022.0,4.7594,-74.09035,32.815,8.145,7.985,11.04,16.895,1.25,0.04,2.21,0.16,75.075,11.2,24.365000000000002,0.8,0.76,0.765,-0.875,4.095,123.77,84.53,13.879999999999999,86.58500000000001,18.91,16.225,17.565,25.64,13.774999999999999,7.925000000000001,34.144999999999996,19.11,183.2,178.6,1.5350000000000001,5.225,0.14,2.27,0.95,3.6950000000000003,0.07500000000000001,1.745,6.0
SUMAPAZ,2022.0,4.2,-74.2,32.230000000000004,7.895,8.175,9.65,16.5,1.1949999999999998,0.04,2.34,0.165,81.47,11.445,25.16,0.605,0.595,0.635,-0.95,3.405,98.13499999999999,80.03,11.735,78.065,17.16,12.9,15.030000000000001,24.605,10.575,9.02,35.345,17.729999999999997,83.2,83.9,2.025,5.5,0.155,2.09,1.2999999999999998,3.955,0.08499999999999999,1.775,1.0
SUMAPAZ,2022.0,4.2,-74.2,32.965,7.645,8.455,6.8100000000000005,15.835,1.1150000000000002,0.04,2.335,0.135,87.785,11.965,26.240000000000002,0.74,0.74,0.755,-1.025,8.46,257.695,80.03,12.68,84.94,16.905,14.085,15.495000000000001,22.805,12.129999999999999,7.835,37.379999999999995,17.285,102.6,103.65,1.935,6.26,0.1,2.285,1.2650000000000001,4.5649999999999995,0.08499999999999999,1.835,2.0
SUMAPAZ,2022.0,4.2,-74.2,32.965,7.62,8.285,7.279999999999999,15.52,1.1949999999999998,0.04,2.33,0.14,87.41499999999999,11.605,25.225,0.875,0.865,0.85,-0.9199999999999999,9.915000000000001,303.565,80.14,12.235,85.405,16.22,13.535,14.879999999999999,22.225,10.965,8.07,35.535,16.48,120.35,121.6,2.3600000000000003,6.625,0.305,2.485,1.545,4.705,0.13,2.0,3.0
SUMAPAZ,2022.0,4.2,-74.2,32.72,8.01,8.09,9.350000000000001,16.66,1.1949999999999998,0.04,2.17,0.135,80.9,11.62,25.424999999999997,0.875,0.86,0.84,-0.8600000000000001,7.4,229.44,80.14500000000001,11.68,83.755,15.84,12.83,14.335,22.265,10.07,8.7,35.885000000000005,16.075000000000003,118.69999999999999,119.69999999999999,2.9699999999999998,7.265,0.8300000000000001,2.885,1.9500000000000002,5.140000000000001,0.44,2.395,4.0
SUMAPAZ,2022.0,4.2,-74.2,33.1,8.365,8.809999999999999,8.545000000000002,17.145,1.295,0.04,2.335,0.16999999999999998,85.66,12.045,26.27,0.835,0.825,0.815,-1.0,7.07,216.545,80.105,12.175,83.22,16.6,13.434999999999999,15.02,22.865000000000002,10.35,8.675,36.67,16.91,114.0,116.1,2.165,7.285,0.095,2.48,1.415,5.14,0.05,1.965,5.0
SUMAPAZ,2022.0,4.2,-74.2,32.815,8.145,7.985,11.04,16.895,1.25,0.04,2.21,0.16,75.075,11.2,24.365000000000002,0.875,0.85,0.835,-0.875,4.21,127.495,80.03,12.559999999999999,85.875,16.575,13.93,15.254999999999999,22.810000000000002,11.22,7.645,34.144999999999996,16.885,83.55,86.25,1.525,5.695,0.08,2.125,0.97,4.055,0.045,1.6600000000000001,6.0
TEUSAQUILLO,2022.0,4.65942,-74.09919,32.230000000000004,7.895,8.175,9.65,16.5,1.1949999999999998,0.04,2.34,0.165,81.47,11.445,25.16,0.51,0.485,0.515,-0.95,3.2750000000000004,94.59,82.25999999999999,12.235,73.52,19.369999999999997,13.899999999999999,16.634999999999998,28.229999999999997,13.395,9.73,35.345,20.049999999999997,65.5,63.5,1.63,4.325,0.08499999999999999,2.1799999999999997,1.04,3.245,0.05,1.7000000000000002,1.0
TEUSAQUILLO,2022.0,4.65942,-74.09919,32.965,7.645,8.455,6.8100000000000005,15.835,1.1150000000000002,0.04,2.335,0.135,87.785,11.965,26.240000000000002,0.615,0.595,0.635,-1.025,7.5600000000000005,230.0,82.275,13.3,81.505,18.869999999999997,15.184999999999999,17.03,26.049999999999997,13.75,8.79,37.379999999999995,19.299999999999997,83.1,81.44999999999999,1.47,4.97,0.07,2.2800000000000002,0.94,3.6399999999999997,0.045,1.755,2.0
TEUSAQUILLO,2022.0,4.65942,-74.09919,32.965,7.62,8.285,7.279999999999999,15.52,1.1949999999999998,0.04,2.33,0.14,87.41499999999999,11.605,25.225,0.765,0.73,0.74,-0.9199999999999999,8.6,263.145,82.38499999999999,12.905000000000001,81.455,18.33,14.719999999999999,16.525,24.955,12.565,8.985,35.535,18.43,128.45,131.85,1.525,4.875,0.06,2.185,0.95,3.495,0.035,1.6400000000000001,3.0
TEUSAQUILLO,2022.0,4.65942,-74.09919,32.72,8.01,8.09,9.350000000000001,16.66,1.1949999999999998,0.04,2.17,0.135,80.9,11.62,25.424999999999997,0.795,0.745,0.745,-0.8600000000000001,6.300000000000001,195.45,82.38499999999999,12.295,78.655,18.155,13.975,16.064999999999998,24.86,11.52,9.96,35.885000000000005,18.200000000000003,124.05,126.4,1.875,5.0600000000000005,0.14500000000000002,2.2199999999999998,1.18,3.6550000000000002,0.07,1.74,4.0
TEUSAQUILLO,2022.0,4.65942,-74.09919,33.1,8.365,8.809999999999999,8.545000000000002,17.145,1.295,0.04,2.335,0.16999999999999998,85.66,12.045,26.27,0.77,0.72,0.725,-1.0,6.325,193.845,82.35,12.865,80.675,18.495,14.66,16.58,25.205,11.89,9.22,36.67,18.68,93.19999999999999,93.39999999999999,1.62,5.0,0.1,2.1550000000000002,1.0350000000000001,3.645,0.05,1.665,5.0
TEUSAQUILLO,2022.0,4.65942,-74.09919,32.815,8.145,7.985,11.04,16.895,1.25,0.04,2.21,0.16,75.075,11.2,24.365000000000002,0.8200000000000001,0.76,0.755,-0.875,4.125,124.97,82.285,13.125,84.605,17.990000000000002,14.985,16.485,24.75,12.52,8.370000000000001,34.144999999999996,18.17,30.1,204.4,1.5350000000000001,5.58,0.09,2.21,0.955,4.0,0.06,1.73,6.0
TUNJUELITO,2022.0,4.59069,-74.09628,32.230000000000004,7.895,8.175,9.65,16.5,1.1949999999999998,0.04,2.34,0.165,81.47,11.445,25.16,0.51,0.485,0.515,-0.95,3.2750000000000004,94.59,82.25999999999999,12.235,73.52,19.369999999999997,13.899999999999999,16.634999999999998,28.229999999999997,13.395,9.73,35.345,20.049999999999997,65.5,63.5,1.63,4.325,0.08499999999999999,2.1799999999999997,1.04,3.245,0.05,1.7000000000000002,1.0
TUNJUELITO,2022.0,4.59069,-74.09628,32.965,7.645,8.455,6.8100000000000005,15.835,1.1150000000000002,0.04,2.335,0.135,87.785,11.965,26.240000000000002,0.615,0.595,0.635,-1.025,7.5600000000000005,230.0,82.275,13.3,81.505,18.869999999999997,15.184999999999999,17.03,26.049999999999997,13.75,8.79,37.379999999999995,19.299999999999997,83.1,81.44999999999999,1.47,4.97,0.07,2.2800000000000002,0.94,3.6399999999999997,0.045,1.755,2.0
TUNJUELITO,2022.0,4.59069,-74.09628,32.965,7.62,8.285,7.279999999999999,15.52,1.1949999999999998,0.04,2.33,0.14,87.41499999999999,11.605,25.225,0.765,0.73,0.74,-0.9199999999999999,8.6,263.145,82.38499999999999,12.905000000000001,81.455,18.33,14.719999999999999,16.525,24.955,12.565,8.985,35.535,18.43,128.45,131.85,1.525,4.875,0.06,2.185,0.95,3.495,0.035,1.6400000000000001,3.0
TUNJUELITO,2022.0,4.59069,-74.09628,32.72,8.01,8.09,9.350000000000001,16.66,1.1949999999999998,0.04,2.17,0.135,80.9,11.62,25.424999999999997,0.795,0.745,0.745,-0.8600000000000001,6.300000000000001,195.45,82.38499999999999,12.295,78.655,18.155,13.975,16.064999999999998,24.86,11.52,9.96,35.885000000000005,18.200000000000003,124.05,126.4,1.875,5.0600000000000005,0.14500000000000002,2.2199999999999998,1.18,3.6550000000000002,0.07,1.74,4.0
TUNJUELITO,2022.0,4.59069,-74.09628,33.1,8.365,8.809999999999999,8.545000000000002,17.145,1.295,0.04,2.335,0.16999999999999998,85.66,12.045,26.27,0.77,0.72,0.725,-1.0,6.325,193.845,82.35,12.865,80.675,18.495,14.66,16.58,25.205,11.89,9.22,36.67,18.68,93.19999999999999,93.39999999999999,1.62,5.0,0.1,2.1550000000000002,1.0350000000000001,3.645,0.05,1.665,5.0
TUNJUELITO,2022.0,4.59069,-74.09628,32.815,8.145,7.985,11.04,16.895,1.25,0.04,2.21,0.16,75.075,11.2,24.365000000000002,0.8200000000000001,0.76,0.755,-0.875,4.125,124.97,82.285,13.125,84.605,17.990000000000002,14.985,16.485,24.75,12.52,8.370000000000001,34.144999999999996,18.17,30.1,204.4,1.5350000000000001,5.58,0.09,2.21,0.955,4.0,0.06,1.73,6.0
USAQUEN,2022.0,4.73197,-74.05163,32.230000000000004,7.895,8.175,9.65,16.5,1.1949999999999998,0.04,2.34,0.165,81.47,11.445,25.16,0.6,0.59,0.59,-0.95,2.82,81.045,79.485,11.155000000000001,78.875,16.185000000000002,11.985,14.08,24.1,10.84,8.96,35.345,16.85,91.9,97.3,2.0300000000000002,5.18,0.275,2.92,1.2,3.34,0.11,1.9699999999999998,1.0
USAQUEN,2022.0,4.73197,-74.05163,32.965,7.645,8.455,6.8100000000000005,15.835,1.1150000000000002,0.04,2.335,0.135,87.785,11.965,26.240000000000002,0.7749999999999999,0.78,0.79,-1.025,9.195,279.485,79.5,12.41,88.28,15.8,13.555,14.68,21.72,11.17,7.215,37.379999999999995,16.18,102.69999999999999,104.85,1.89,5.734999999999999,0.11499999999999999,3.065,1.1549999999999998,3.835,0.04,2.07,2.0
USAQUEN,2022.0,4.73197,-74.05163,32.965,7.62,8.285,7.279999999999999,15.52,1.1949999999999998,0.04,2.33,0.14,87.41499999999999,11.605,25.225,0.95,0.955,0.925,-0.9199999999999999,14.044999999999998,430.23,79.635,12.02,90.4,14.89,13.06,13.975,20.36,10.065000000000001,7.08,35.535,15.18,106.44999999999999,107.9,2.035,4.975,0.135,3.19,1.28,3.3099999999999996,0.055,2.185,3.0
USAQUEN,2022.0,4.73197,-74.05163,32.72,8.01,8.09,9.350000000000001,16.66,1.1949999999999998,0.04,2.17,0.135,80.9,11.62,25.424999999999997,0.95,0.97,0.925,-0.8600000000000001,10.82,335.405,79.66499999999999,11.48,89.32,14.375,12.355,13.364999999999998,19.795,9.35,7.68,35.885000000000005,14.62,104.3,106.75,2.18,6.035,0.22999999999999998,3.6,1.415,3.9050000000000002,0.135,2.455,4.0
USAQUEN,2022.0,4.73197,-74.05163,33.1,8.365,8.809999999999999,8.545000000000002,17.145,1.295,0.04,2.335,0.16999999999999998,85.66,12.045,26.27,0.915,0.92,0.895,-1.0,8.05,246.055,79.575,12.02,87.365,15.45,13.02,14.235,21.33,10.16,7.77,36.67,15.635,111.95,114.0,1.76,5.605,0.07,3.045,1.1099999999999999,3.665,0.04,2.045,5.0
USAQUEN,2022.0,4.73197,-74.05163,32.815,8.145,7.985,11.04,16.895,1.25,0.04,2.21,0.16,75.075,11.2,24.365000000000002,0.925,0.9299999999999999,0.895,-0.875,5.03,152.635,79.475,12.35,89.755,15.41,13.45,14.43,21.18,9.925,7.1850000000000005,34.144999999999996,15.690000000000001,105.55,108.8,1.57,4.55,0.05,2.23,0.92,3.045,0.045,1.52,6.0
USME,2022.0,4.53286,-74.11451,32.230000000000004,7.895,8.175,9.65,16.5,1.1949999999999998,0.04,2.34,0.165,81.47,11.445,25.16,0.51,0.485,0.515,-0.95,3.2750000000000004,94.59,82.25999999999999,12.235,73.52,19.369999999999997,13.899999999999999,16.634999999999998,28.229999999999997,13.395,9.73,35.345,20.049999999999997,65.5,63.5,1.63,4.325,0.08499999999999999,2.1799999999999997,1.04,3.245,0.05,1.7000000000000002,1.0
USME,2022.0,4.53286,-74.11451,32.965,7.645,8.455,6.8100000000000005,15.835,1.1150000000000002,0.04,2.335,0.135,87.785,11.965,26.240000000000002,0.615,0.595,0.635,-1.025,7.5600000000000005,230.0,82.275,13.3,81.505,18.869999999999997,15.184999999999999,17.03,26.049999999999997,13.75,8.79,37.379999999999995,19.299999999999997,83.1,81.44999999999999,1.47,4.97,0.07,2.2800000000000002,0.94,3.6399999999999997,0.045,1.755,2.0
USME,2022.0,4.53286,-74.11451,32.965,7.62,8.285,7.279999999999999,15.52,1.1949999999999998,0.04,2.33,0.14,87.41499999999999,11.605,25.225,0.765,0.73,0.74,-0.9199999999999999,8.6,263.145,82.38499999999999,12.905000000000001,81.455,18.33,14.719999999999999,16.525,24.955,12.565,8.985,35.535,18.43,128.45,131.85,1.525,4.875,0.06,2.185,0.95,3.495,0.035,1.6400000000000001,3.0
USME,2022.0,4.53286,-74.11451,32.72,8.01,8.09,9.350000000000001,16.66,1.1949999999999998,0.04,2.17,0.135,80.9,11.62,25.424999999999997,0.795,0.745,0.745,-0.8600000000000001,6.300000000000001,195.45,82.38499999999999,12.295,78.655,18.155,13.975,16.064999999999998,24.86,11.52,9.96,35.885000000000005,18.200000000000003,124.05,126.4,1.875,5.0600000000000005,0.14500000000000002,2.2199999999999998,1.18,3.6550000000000002,0.07,1.74,4.0
USME,2022.0,4.53286,-74.11451,33.1,8.365,8.809999999999999,8.545000000000002,17.145,1.295,0.04,2.335,0.16999999999999998,85.66,12.045,26.27,0.77,0.72,0.725,-1.0,6.325,193.845,82.35,12.865,80.675,18.495,14.66,16.58,25.205,11.89,9.22,36.67,18.68,93.19999999999999,93.39999999999999,1.62,5.0,0.1,2.1550000000000002,1.0350000000000001,3.645,0.05,1.665,5.0
USME,2022.0,4.53286,-74.11451,32.815,8.145,7.985,11.04,16.895,1.25,0.04,2.21,0.16,75.075,11.2,24.365000000000002,0.8200000000000001,0.76,0.755,-0.875,4.125,124.97,82.285,13.125,84.605,17.990000000000002,14.985,16.485,24.75,12.52,8.370000000000001,34.144999999999996,18.17,30.1,204.4,1.5350000000000001,5.58,0.09,2.21,0.955,4.0,0.06,1.73,6.0
ANTONIO NARINO,2023.0,4.60971,-74.08207,32.66,8.350000000000001,7.930000000000001,11.81,17.725,1.21,0.04,2.215,0.14500000000000002,70.065,11.364999999999998,24.98,0.78,0.715,0.725,-0.555,3.8899999999999997,117.675,82.31,12.48,80.265,18.145,14.165,16.16,25.16,10.295,9.485,35.345,18.380000000000003,74.5,74.25,1.59,4.82,0.095,2.415,0.98,3.495,0.01,1.825,1.0
ANTONIO NARINO,2023.0,4.60971,-74.08207,33.515,7.265,8.315,5.835,15.05,1.025,0.03,1.94,0.14,88.66499999999999,11.695,25.685000000000002,0.78,0.725,0.735,0.0050000000000000044,6.3,191.58499999999998,82.315,13.515,84.125,18.555,15.46,17.009999999999998,25.79,13.079999999999998,7.890000000000001,37.394999999999996,18.825,91.64999999999999,96.8,1.3900000000000001,4.075,0.060000000000000005,2.155,0.885,3.0,0.025,1.63,2.0
ANTONIO NARINO,2023.0,4.60971,-74.08207,32.94,8.325,8.84,8.745,17.165,1.255,0.04,2.34,0.155,83.19,11.620000000000001,25.22,0.82,0.76,0.76,0.625,6.095,186.345,82.385,13.190000000000001,80.495,18.845,15.05,16.95,25.29,12.455,9.530000000000001,35.545,18.78,129.35,131.35000000000002,2.1550000000000002,5.49,0.04,2.73,1.3650000000000002,3.875,0.03,2.0999999999999996,3.0
ANTONIO NARINO,2023.0,4.60971,-74.08207,33.135,8.34,8.469999999999999,9.745000000000001,17.375,1.24,0.04,2.315,0.15000000000000002,80.705,11.68,25.509999999999998,0.775,0.715,0.72,1.195,4.5649999999999995,141.58499999999998,82.4,12.605,77.505,18.82,14.344999999999999,16.585,25.465,11.455,10.49,35.88,18.785,121.0,122.1,2.625,6.605,0.16,2.6,1.655,4.72,0.095,2.12,4.0
ANTONIO NARINO,2023.0,4.60971,-74.08207,33.59,8.55,8.68,10.120000000000001,17.950000000000003,1.21,0.04,2.23,0.15000000000000002,81.83000000000001,11.934999999999999,26.095,0.715,0.665,0.6799999999999999,1.67,5.565,170.11,82.33,13.17,77.905,19.490000000000002,15.004999999999999,17.244999999999997,26.564999999999998,11.93,10.34,36.69,19.645,115.69999999999999,120.35,1.895,4.85,0.06,2.025,1.17,3.495,0.045,1.65,5.0
ANTONIO NARINO,2023.0,4.60971,-74.08207,33.57,7.79,7.985,9.905000000000001,16.185000000000002,1.145,0.04,2.23,0.14,78.545,11.094999999999999,24.115000000000002,0.735,0.685,0.7,1.935,4.995,151.99,82.275,13.67,81.015,19.36,15.605,17.479999999999997,26.2,13.295,8.71,34.16,19.31,91.35,92.19999999999999,1.635,5.0,0.09,2.215,1.01,3.5300000000000002,0.06,1.68,6.0
BARRIOS UNIDOS,2023.0,4.6989,-74.07075,32.66,8.350000000000001,7.930000000000001,11.81,17.725,1.21,0.04,2.215,0.14500000000000002,70.065,11.364999999999998,24.98,0.78,0.715,0.725,-0.555,3.8899999999999997,117.675,82.31,12.48,80.265,18.145,14.165,16.16,25.16,10.295,9.485,35.345,18.380000000000003,74.5,74.25,1.59,4.82,0.095,2.415,0.98,3.495,0.01,1.825,1.0
BARRIOS UNIDOS,2023.0,4.6989,-74.07075,33.515,7.265,8.315,5.835,15.05,1.025,0.03,1.94,0.14,88.66499999999999,11.695,25.685000000000002,0.78,0.725,0.735,0.0050000000000000044,6.3,191.58499999999998,82.315,13.515,84.125,18.555,15.46,17.009999999999998,25.79,13.079999999999998,7.890000000000001,37.394999999999996,18.825,91.64999999999999,96.8,1.3900000000000001,4.075,0.060000000000000005,2.155,0.885,3.0,0.025,1.63,2.0
BARRIOS UNIDOS,2023.0,4.6989,-74.07075,32.94,8.325,8.84,8.745,17.165,1.255,0.04,2.34,0.155,83.19,11.620000000000001,25.22,0.82,0.76,0.76,0.625,6.095,186.345,82.385,13.190000000000001,80.495,18.845,15.05,16.95,25.29,12.455,9.530000000000001,35.545,18.78,129.35,131.35000000000002,2.1550000000000002,5.49,0.04,2.73,1.3650000000000002,3.875,0.03,2.0999999999999996,3.0
BARRIOS UNIDOS,2023.0,4.6989,-74.07075,33.135,8.34,8.469999999999999,9.745000000000001,17.375,1.24,0.04,2.315,0.15000000000000002,80.705,11.68,25.509999999999998,0.775,0.715,0.72,1.195,4.5649999999999995,141.58499999999998,82.4,12.605,77.505,18.82,14.344999999999999,16.585,25.465,11.455,10.49,35.88,18.785,121.0,122.1,2.625,6.605,0.16,2.6,1.655,4.72,0.095,2.12,4.0
BARRIOS UNIDOS,2023.0,4.6989,-74.07075,33.59,8.55,8.68,10.120000000000001,17.950000000000003,1.21,0.04,2.23,0.15000000000000002,81.83000000000001,11.934999999999999,26.095,0.715,0.665,0.6799999999999999,1.67,5.565,170.11,82.33,13.17,77.905,19.490000000000002,15.004999999999999,17.244999999999997,26.564999999999998,11.93,10.34,36.69,19.645,115.69999999999999,120.35,1.895,4.85,0.06,2.025,1.17,3.495,0.045,1.65,5.0
BARRIOS UNIDOS,2023.0,4.6989,-74.07075,33.57,7.79,7.985,9.905000000000001,16.185000000000002,1.145,0.04,2.23,0.14,78.545,11.094999999999999,24.115000000000002,0.735,0.685,0.7,1.935,4.995,151.99,82.275,13.67,81.015,19.36,15.605,17.479999999999997,26.2,13.295,8.71,34.16,19.31,91.35,92.19999999999999,1.635,5.0,0.09,2.215,1.01,3.5300000000000002,0.06,1.68,6.0
BOSA,2023.0,4.58734,-74.21668,32.66,8.350000000000001,7.930000000000001,11.81,17.725,1.21,0.04,2.215,0.14500000000000002,70.065,11.364999999999998,24.98,0.78,0.715,0.725,-0.555,3.8899999999999997,117.675,82.31,12.48,80.265,18.145,14.165,16.16,25.16,10.295,9.485,35.345,18.380000000000003,74.5,74.25,1.59,4.82,0.095,2.415,0.98,3.495,0.01,1.825,1.0
BOSA,2023.0,4.58734,-74.21668,33.515,7.265,8.315,5.835,15.05,1.025,0.03,1.94,0.14,88.66499999999999,11.695,25.685000000000002,0.78,0.725,0.735,0.0050000000000000044,6.3,191.58499999999998,82.315,13.515,84.125,18.555,15.46,17.009999999999998,25.79,13.079999999999998,7.890000000000001,37.394999999999996,18.825,91.64999999999999,96.8,1.3900000000000001,4.075,0.060000000000000005,2.155,0.885,3.0,0.025,1.63,2.0
BOSA,2023.0,4.58734,-74.21668,32.94,8.325,8.84,8.745,17.165,1.255,0.04,2.34,0.155,83.19,11.620000000000001,25.22,0.82,0.76,0.76,0.625,6.095,186.345,82.385,13.190000000000001,80.495,18.845,15.05,16.95,25.29,12.455,9.530000000000001,35.545,18.78,129.35,131.35000000000002,2.1550000000000002,5.49,0.04,2.73,1.3650000000000002,3.875,0.03,2.0999999999999996,3.0
BOSA,2023.0,4.58734,-74.21668,33.135,8.34,8.469999999999999,9.745000000000001,17.375,1.24,0.04,2.315,0.15000000000000002,80.705,11.68,25.509999999999998,0.775,0.715,0.72,1.195,4.5649999999999995,141.58499999999998,82.4,12.605,77.505,18.82,14.344999999999999,16.585,25.465,11.455,10.49,35.88,18.785,121.0,122.1,2.625,6.605,0.16,2.6,1.655,4.72,0.095,2.12,4.0
BOSA,2023.0,4.58734,-74.21668,33.59,8.55,8.68,10.120000000000001,17.950000000000003,1.21,0.04,2.23,0.15000000000000002,81.83000000000001,11.934999999999999,26.095,0.715,0.665,0.6799999999999999,1.67,5.565,170.11,82.33,13.17,77.905,19.490000000000002,15.004999999999999,17.244999999999997,26.564999999999998,11.93,10.34,36.69,19.645,115.69999999999999,120.35,1.895,4.85,0.06,2.025,1.17,3.495,0.045,1.65,5.0
BOSA,2023.0,4.58734,-74.21668,33.57,7.79,7.985,9.905000000000001,16.185000000000002,1.145,0.04,2.23,0.14,78.545,11.094999999999999,24.115000000000002,0.735,0.685,0.7,1.935,4.995,151.99,82.275,13.67,81.015,19.36,15.605,17.479999999999997,26.2,13.295,8.71,34.16,19.31,91.35,92.19999999999999,1.635,5.0,0.09,2.215,1.01,3.5300000000000002,0.06,1.68,6.0
CHAPINERO,2023.0,4.6704,-74.04338,32.66,8.350000000000001,7.930000000000001,11.81,17.725,1.21,0.04,2.215,0.14500000000000002,70.065,11.364999999999998,24.98,0.86,0.855,0.8400000000000001,-0.555,4.84,147.465,79.545,11.445,87.16,14.76,12.305,13.530000000000001,21.174999999999997,7.53,8.18,35.345,15.155000000000001,91.19999999999999,95.80000000000001,2.1100000000000003,5.0600000000000005,0.32,2.8049999999999997,1.26,3.375,0.135,1.99,1.0
CHAPINERO,2023.0,4.6704,-74.04338,33.515,7.265,8.315,5.835,15.05,1.025,0.03,1.94,0.14,88.66499999999999,11.695,25.685000000000002,0.865,0.865,0.85,0.0050000000000000044,7.890000000000001,239.255,79.525,12.55,89.175,15.79,13.75,14.775,21.18,11.39,6.62,37.394999999999996,16.06,106.15,108.0,1.75,5.43,0.05500000000000001,2.7800000000000002,1.045,3.545,0.02,1.8399999999999999,2.0
CHAPINERO,2023.0,4.6704,-74.04338,32.94,8.325,8.84,8.745,17.165,1.255,0.04,2.34,0.155,83.19,11.620000000000001,25.22,0.955,0.96,0.925,0.625,11.825,361.28999999999996,79.68,12.305,89.955,15.315,13.42,14.370000000000001,21.005,10.425,7.195,35.545,15.530000000000001,108.2,109.6,2.3600000000000003,6.05,0.185,3.575,1.525,3.915,0.11,2.42,3.0
CHAPINERO,2023.0,4.6704,-74.04338,33.135,8.34,8.469999999999999,9.745000000000001,17.375,1.24,0.04,2.315,0.15000000000000002,80.705,11.68,25.509999999999998,0.935,0.9450000000000001,0.91,1.195,8.145,252.60000000000002,79.71000000000001,11.934999999999999,88.975,15.06,12.945,14.004999999999999,20.82,9.76,7.67,35.88,15.28,104.85,107.25,2.5199999999999996,6.300000000000001,0.31,3.7649999999999997,1.67,4.1850000000000005,0.185,2.58,4.0
CHAPINERO,2023.0,4.6704,-74.04338,33.59,8.55,8.68,10.120000000000001,17.950000000000003,1.21,0.04,2.23,0.15000000000000002,81.83000000000001,11.934999999999999,26.095,0.895,0.9,0.88,1.67,8.325,254.375,79.59,12.31,86.34,16.02,13.375,14.7,22.535,10.475000000000001,8.25,36.69,16.115000000000002,108.65,111.7,1.8599999999999999,5.01,0.03,3.425,1.1949999999999998,3.335,0.08,2.3,5.0
CHAPINERO,2023.0,4.6704,-74.04338,33.57,7.79,7.985,9.905000000000001,16.185000000000002,1.145,0.04,2.23,0.14,78.545,11.094999999999999,24.115000000000002,0.915,0.9199999999999999,0.895,1.935,7.79,237.45499999999998,79.52,13.045,90.05,16.189999999999998,14.27,15.225,21.814999999999998,11.055,6.845,34.16,16.33,101.35,104.05,1.875,5.585,0.135,2.8200000000000003,1.145,3.705,0.015,1.955,6.0
CIUDAD BOLIVAR,2023.0,4.53904,-74.14732,32.66,8.350000000000001,7.930000000000001,11.81,17.725,1.21,0.04,2.215,0.14500000000000002,70.065,11.364999999999998,24.98,0.78,0.715,0.725,-0.555,3.8899999999999997,117.675,82.31,12.48,80.265,18.145,14.165,16.16,25.16,10.295,9.485,35.345,18.380000000000003,74.5,74.25,1.59,4.82,0.095,2.415,0.98,3.495,0.01,1.825,1.0
CIUDAD BOLIVAR,2023.0,4.53904,-74.14732,33.515,7.265,8.315,5.835,15.05,1.025,0.03,1.94,0.14,88.66499999999999,11.695,25.685000000000002,0.78,0.725,0.735,0.0050000000000000044,6.3,191.58499999999998,82.315,13.515,84.125,18.555,15.46,17.009999999999998,25.79,13.079999999999998,7.890000000000001,37.394999999999996,18.825,91.64999999999999,96.8,1.3900000000000001,4.075,0.060000000000000005,2.155,0.885,3.0,0.025,1.63,2.0
CIUDAD BOLIVAR,2023.0,4.53904,-74.14732,32.94,8.325,8.84,8.745,17.165,1.255,0.04,2.34,0.155,83.19,11.620000000000001,25.22,0.82,0.76,0.76,0.625,6.095,186.345,82.385,13.190000000000001,80.495,18.845,15.05,16.95,25.29,12.455,9.530000000000001,35.545,18.78,129.35,131.35000000000002,2.1550000000000002,5.49,0.04,2.73,1.3650000000000002,3.875,0.03,2.0999999999999996,3.0
CIUDAD BOLIVAR,2023.0,4.53904,-74.14732,33.135,8.34,8.469999999999999,9.745000000000001,17.375,1.24,0.04,2.315,0.15000000000000002,80.705,11.68,25.509999999999998,0.775,0.715,0.72,1.195,4.5649999999999995,141.58499999999998,82.4,12.605,77.505,18.82,14.344999999999999,16.585,25.465,11.455,10.49,35.88,18.785,121.0,122.1,2.625,6.605,0.16,2.6,1.655,4.72,0.095,2.12,4.0
CIUDAD BOLIVAR,2023.0,4.53904,-74.14732,33.59,8.55,8.68,10.120000000000001,17.950000000000003,1.21,0.04,2.23,0.15000000000000002,81.83000000000001,11.934999999999999,26.095,0.715,0.665,0.6799999999999999,1.67,5.565,170.11,82.33,13.17,77.905,19.490000000000002,15.004999999999999,17.244999999999997,26.564999999999998,11.93,10.34,36.69,19.645,115.69999999999999,120.35,1.895,4.85,0.06,2.025,1.17,3.495,0.045,1.65,5.0
CIUDAD BOLIVAR,2023.0,4.53904,-74.14732,33.57,7.79,7.985,9.905000000000001,16.185000000000002,1.145,0.04,2.23,0.14,78.545,11.094999999999999,24.115000000000002,0.735,0.685,0.7,1.935,4.995,151.99,82.275,13.67,81.015,19.36,15.605,17.479999999999997,26.2,13.295,8.71,34.16,19.31,91.35,92.19999999999999,1.635,5.0,0.09,2.215,1.01,3.5300000000000002,0.06,1.68,6.0
ENGATIVA,2023.0,4.70179,-74.10088,32.66,8.350000000000001,7.930000000000001,11.81,17.725,1.21,0.04,2.215,0.14500000000000002,70.065,11.364999999999998,24.98,0.78,0.715,0.725,-0.555,3.8899999999999997,117.675,82.31,12.48,80.265,18.145,14.165,16.16,25.16,10.295,9.485,35.345,18.380000000000003,74.5,74.25,1.59,4.82,0.095,2.415,0.98,3.495,0.01,1.825,1.0
ENGATIVA,2023.0,4.70179,-74.10088,33.515,7.265,8.315,5.835,15.05,1.025,0.03,1.94,0.14,88.66499999999999,11.695,25.685000000000002,0.78,0.725,0.735,0.0050000000000000044,6.3,191.58499999999998,82.315,13.515,84.125,18.555,15.46,17.009999999999998,25.79,13.079999999999998,7.890000000000001,37.394999999999996,18.825,91.64999999999999,96.8,1.3900000000000001,4.075,0.060000000000000005,2.155,0.885,3.0,0.025,1.63,2.0
ENGATIVA,2023.0,4.70179,-74.10088,32.94,8.325,8.84,8.745,17.165,1.255,0.04,2.34,0.155,83.19,11.620000000000001,25.22,0.82,0.76,0.76,0.625,6.095,186.345,82.385,13.190000000000001,80.495,18.845,15.05,16.95,25.29,12.455,9.530000000000001,35.545,18.78,129.35,131.35000000000002,2.1550000000000002,5.49,0.04,2.73,1.3650000000000002,3.875,0.03,2.0999999999999996,3.0
ENGATIVA,2023.0,4.70179,-74.10088,33.135,8.34,8.469999999999999,9.745000000000001,17.375,1.24,0.04,2.315,0.15000000000000002,80.705,11.68,25.509999999999998,0.775,0.715,0.72,1.195,4.5649999999999995,141.58499999999998,82.4,12.605,77.505,18.82,14.344999999999999,16.585,25.465,11.455,10.49,35.88,18.785,121.0,122.1,2.625,6.605,0.16,2.6,1.655,4.72,0.095,2.12,4.0
ENGATIVA,2023.0,4.70179,-74.10088,33.59,8.55,8.68,10.120000000000001,17.950000000000003,1.21,0.04,2.23,0.15000000000000002,81.83000000000001,11.934999999999999,26.095,0.715,0.665,0.6799999999999999,1.67,5.565,170.11,82.33,13.17,77.905,19.490000000000002,15.004999999999999,17.244999999999997,26.564999999999998,11.93,10.34,36.69,19.645,115.69999999999999,120.35,1.895,4.85,0.06,2.025,1.17,3.495,0.045,1.65,5.0
ENGATIVA,2023.0,4.70179,-74.10088,33.57,7.79,7.985,9.905000000000001,16.185000000000002,1.145,0.04,2.23,0.14,78.545,11.094999999999999,24.115000000000002,0.735,0.685,0.7,1.935,4.995,151.99,82.275,13.67,81.015,19.36,15.605,17.479999999999997,26.2,13.295,8.71,34.16,19.31,91.35,92.19999999999999,1.635,5.0,0.09,2.215,1.01,3.5300000000000002,0.06,1.68,6.0
FONTIBON,2023.0,4.71049,-74.145,32.66,8.350000000000001,7.930000000000001,11.81,17.725,1.21,0.04,2.215,0.14500000000000002,70.065,11.364999999999998,24.98,0.78,0.715,0.725,-0.555,3.8899999999999997,117.675,82.31,12.48,80.265,18.145,14.165,16.16,25.16,10.295,9.485,35.345,18.380000000000003,74.5,74.25,1.59,4.82,0.095,2.415,0.98,3.495,0.01,1.825,1.0
FONTIBON,2023.0,4.71049,-74.145,33.515,7.265,8.315,5.835,15.05,1.025,0.03,1.94,0.14,88.66499999999999,11.695,25.685000000000002,0.78,0.725,0.735,0.0050000000000000044,6.3,191.58499999999998,82.315,13.515,84.125,18.555,15.46,17.009999999999998,25.79,13.079999999999998,7.890000000000001,37.394999999999996,18.825,91.64999999999999,96.8,1.3900000000000001,4.075,0.060000000000000005,2.155,0.885,3.0,0.025,1.63,2.0
FONTIBON,2023.0,4.71049,-74.145,32.94,8.325,8.84,8.745,17.165,1.255,0.04,2.34,0.155,83.19,11.620000000000001,25.22,0.82,0.76,0.76,0.625,6.095,186.345,82.385,13.190000000000001,80.495,18.845,15.05,16.95,25.29,12.455,9.530000000000001,35.545,18.78,129.35,131.35000000000002,2.1550000000000002,5.49,0.04,2.73,1.3650000000000002,3.875,0.03,2.0999999999999996,3.0
FONTIBON,2023.0,4.71049,-74.145,33.135,8.34,8.469999999999999,9.745000000000001,17.375,1.24,0.04,2.315,0.15000000000000002,80.705,11.68,25.509999999999998,0.775,0.715,0.72,1.195,4.5649999999999995,141.58499999999998,82.4,12.605,77.505,18.82,14.344999999999999,16.585,25.465,11.455,10.49,35.88,18.785,121.0,122.1,2.625,6.605,0.16,2.6,1.655,4.72,0.095,2.12,4.0
FONTIBON,2023.0,4.71049,-74.145,33.59,8.55,8.68,10.120000000000001,17.950000000000003,1.21,0.04,2.23,0.15000000000000002,81.83000000000001,11.934999999999999,26.095,0.715,0.665,0.6799999999999999,1.67,5.565,170.11,82.33,13.17,77.905,19.490000000000002,15.004999999999999,17.244999999999997,26.564999999999998,11.93,10.34,36.69,19.645,115.69999999999999,120.35,1.895,4.85,0.06,2.025,1.17,3.495,0.045,1.65,5.0
FONTIBON,2023.0,4.71049,-74.145,33.57,7.79,7.985,9.905000000000001,16.185000000000002,1.145,0.04,2.23,0.14,78.545,11.094999999999999,24.115000000000002,0.735,0.685,0.7,1.935,4.995,151.99,82.275,13.67,81.015,19.36,15.605,17.479999999999997,26.2,13.295,8.71,34.16,19.31,91.35,92.19999999999999,1.635,5.0,0.09,2.215,1.01,3.5300000000000002,0.06,1.68,6.0
KENNEDY,2023.0,4.62598,-74.1004,32.66,8.350000000000001,7.930000000000001,11.81,17.725,1.21,0.04,2.215,0.14500000000000002,70.065,11.364999999999998,24.98,0.78,0.715,0.725,-0.555,3.8899999999999997,117.675,82.31,12.48,80.265,18.145,14.165,16.16,25.16,10.295,9.485,35.345,18.380000000000003,74.5,74.25,1.59,4.82,0.095,2.415,0.98,3.495,0.01,1.825,1.0
KENNEDY,2023.0,4.62598,-74.1004,33.515,7.265,8.315,5.835,15.05,1.025,0.03,1.94,0.14,88.66499999999999,11.695,25.685000000000002,0.78,0.725,0.735,0.0050000000000000044,6.3,191.58499999999998,82.315,13.515,84.125,18.555,15.46,17.009999999999998,25.79,13.079999999999998,7.890000000000001,37.394999999999996,18.825,91.64999999999999,96.8,1.3900000000000001,4.075,0.060000000000000005,2.155,0.885,3.0,0.025,1.63,2.0
KENNEDY,2023.0,4.62598,-74.1004,32.94,8.325,8.84,8.745,17.165,1.255,0.04,2.34,0.155,83.19,11.620000000000001,25.22,0.82,0.76,0.76,0.625,6.095,186.345,82.385,13.190000000000001,80.495,18.845,15.05,16.95,25.29,12.455,9.530000000000001,35.545,18.78,129.35,131.35000000000002,2.1550000000000002,5.49,0.04,2.73,1.3650000000000002,3.875,0.03,2.0999999999999996,3.0
KENNEDY,2023.0,4.62598,-74.1004,33.135,8.34,8.469999999999999,9.745000000000001,17.375,1.24,0.04,2.315,0.15000000000000002,80.705,11.68,25.509999999999998,0.775,0.715,0.72,1.195,4.5649999999999995,141.58499999999998,82.4,12.605,77.505,18.82,14.344999999999999,16.585,25.465,11.455,10.49,35.88,18.785,121.0,122.1,2.625,6.605,0.16,2.6,1.655,4.72,0.095,2.12,4.0
KENNEDY,2023.0,4.62598,-74.1004,33.59,8.55,8.68,10.120000000000001,17.950000000000003,1.21,0.04,2.23,0.15000000000000002,81.83000000000001,11.934999999999999,26.095,0.715,0.665,0.6799999999999999,1.67,5.565,170.11,82.33,13.17,77.905,19.490000000000002,15.004999999999999,17.244999999999997,26.564999999999998,11.93,10.34,36.69,19.645,115.69999999999999,120.35,1.895,4.85,0.06,2.025,1.17,3.495,0.045,1.65,5.0
KENNEDY,2023.0,4.62598,-74.1004,33.57,7.79,7.985,9.905000000000001,16.185000000000002,1.145,0.04,2.23,0.14,78.545,11.094999999999999,24.115000000000002,0.735,0.685,0.7,1.935,4.995,151.99,82.275,13.67,81.015,19.36,15.605,17.479999999999997,26.2,13.295,8.71,34.16,19.31,91.35,92.19999999999999,1.635,5.0,0.09,2.215,1.01,3.5300000000000002,0.06,1.68,6.0
LA CANDELARIA,2023.0,4.59806,-74.07606,32.66,8.350000000000001,7.930000000000001,11.81,17.725,1.21,0.04,2.215,0.14500000000000002,70.065,11.364999999999998,24.98,0.78,0.715,0.725,-0.555,3.8899999999999997,117.675,82.31,12.48,80.265,18.145,14.165,16.16,25.16,10.295,9.485,35.345,18.380000000000003,74.5,74.25,1.59,4.82,0.095,2.415,0.98,3.495,0.01,1.825,1.0
LA CANDELARIA,2023.0,4.59806,-74.07606,33.515,7.265,8.315,5.835,15.05,1.025,0.03,1.94,0.14,88.66499999999999,11.695,25.685000000000002,0.78,0.725,0.735,0.0050000000000000044,6.3,191.58499999999998,82.315,13.515,84.125,18.555,15.46,17.009999999999998,25.79,13.079999999999998,7.890000000000001,37.394999999999996,18.825,91.64999999999999,96.8,1.3900000000000001,4.075,0.060000000000000005,2.155,0.885,3.0,0.025,1.63,2.0
LA CANDELARIA,2023.0,4.59806,-74.07606,32.94,8.325,8.84,8.745,17.165,1.255,0.04,2.34,0.155,83.19,11.620000000000001,25.22,0.82,0.76,0.76,0.625,6.095,186.345,82.385,13.190000000000001,80.495,18.845,15.05,16.95,25.29,12.455,9.530000000000001,35.545,18.78,129.35,131.35000000000002,2.1550000000000002,5.49,0.04,2.73,1.3650000000000002,3.875,0.03,2.0999999999999996,3.0
LA CANDELARIA,2023.0,4.59806,-74.07606,33.135,8.34,8.469999999999999,9.745000000000001,17.375,1.24,0.04,2.315,0.15000000000000002,80.705,11.68,25.509999999999998,0.775,0.715,0.72,1.195,4.5649999999999995,141.58499999999998,82.4,12.605,77.505,18.82,14.344999999999999,16.585,25.465,11.455,10.49,35.88,18.785,121.0,122.1,2.625,6.605,0.16,2.6,1.655,4.72,0.095,2.12,4.0
LA CANDELARIA,2023.0,4.59806,-74.07606,33.59,8.55,8.68,10.120000000000001,17.950000000000003,1.21,0.04,2.23,0.15000000000000002,81.83000000000001,11.934999999999999,26.095,0.715,0.665,0.6799999999999999,1.67,5.565,170.11,82.33,13.17,77.905,19.490000000000002,15.004999999999999,17.244999999999997,26.564999999999998,11.93,10.34,36.69,19.645,115.69999999999999,120.35,1.895,4.85,0.06,2.025,1.17,3.495,0.045,1.65,5.0
LA CANDELARIA,2023.0,4.59806,-74.07606,33.57,7.79,7.985,9.905000000000001,16.185000000000002,1.145,0.04,2.23,0.14,78.545,11.094999999999999,24.115000000000002,0.735,0.685,0.7,1.935,4.995,151.99,82.275,13.67,81.015,19.36,15.605,17.479999999999997,26.2,13.295,8.71,34.16,19.31,91.35,92.19999999999999,1.635,5.0,0.09,2.215,1.01,3.5300000000000002,0.06,1.68,6.0
LOS MARTIRES,2023.0,4.60055,-74.07481,32.66,8.350000000000001,7.930000000000001,11.81,17.725,1.21,0.04,2.215,0.14500000000000002,70.065,11.364999999999998,24.98,0.78,0.715,0.725,-0.555,3.8899999999999997,117.675,82.31,12.48,80.265,18.145,14.165,16.16,25.16,10.295,9.485,35.345,18.380000000000003,74.5,74.25,1.59,4.82,0.095,2.415,0.98,3.495,0.01,1.825,1.0
LOS MARTIRES,2023.0,4.60055,-74.07481,33.515,7.265,8.315,5.835,15.05,1.025,0.03,1.94,0.14,88.66499999999999,11.695,25.685000000000002,0.78,0.725,0.735,0.0050000000000000044,6.3,191.58499999999998,82.315,13.515,84.125,18.555,15.46,17.009999999999998,25.79,13.079999999999998,7.890000000000001,37.394999999999996,18.825,91.64999999999999,96.8,1.3900000000000001,4.075,0.060000000000000005,2.155,0.885,3.0,0.025,1.63,2.0
LOS MARTIRES,2023.0,4.60055,-74.07481,32.94,8.325,8.84,8.745,17.165,1.255,0.04,2.34,0.155,83.19,11.620000000000001,25.22,0.82,0.76,0.76,0.625,6.095,186.345,82.385,13.190000000000001,80.495,18.845,15.05,16.95,25.29,12.455,9.530000000000001,35.545,18.78,129.35,131.35000000000002,2.1550000000000002,5.49,0.04,2.73,1.3650000000000002,3.875,0.03,2.0999999999999996,3.0
LOS MARTIRES,2023.0,4.60055,-74.07481,33.135,8.34,8.469999999999999,9.745000000000001,17.375,1.24,0.04,2.315,0.15000000000000002,80.705,11.68,25.509999999999998,0.775,0.715,0.72,1.195,4.5649999999999995,141.58499999999998,82.4,12.605,77.505,18.82,14.344999999999999,16.585,25.465,11.455,10.49,35.88,18.785,121.0,122.1,2.625,6.605,0.16,2.6,1.655,4.72,0.095,2.12,4.0
LOS MARTIRES,2023.0,4.60055,-74.07481,33.59,8.55,8.68,10.120000000000001,17.950000000000003,1.21,0.04,2.23,0.15000000000000002,81.83000000000001,11.934999999999999,26.095,0.715,0.665,0.6799999999999999,1.67,5.565,170.11,82.33,13.17,77.905,19.490000000000002,15.004999999999999,17.244999999999997,26.564999999999998,11.93,10.34,36.69,19.645,115.69999999999999,120.35,1.895,4.85,0.06,2.025,1.17,3.495,0.045,1.65,5.0
LOS MARTIRES,2023.0,4.60055,-74.07481,33.57,7.79,7.985,9.905000000000001,16.185000000000002,1.145,0.04,2.23,0.14,78.545,11.094999999999999,24.115000000000002,0.735,0.685,0.7,1.935,4.995,151.99,82.275,13.67,81.015,19.36,15.605,17.479999999999997,26.2,13.295,8.71,34.16,19.31,91.35,92.19999999999999,1.635,5.0,0.09,2.215,1.01,3.5300000000000002,0.06,1.68,6.0
PUENTE ARANDA,2023.0,4.63111,-74.11198,32.66,8.350000000000001,7.930000000000001,11.81,17.725,1.21,0.04,2.215,0.14500000000000002,70.065,11.364999999999998,24.98,0.78,0.715,0.725,-0.555,3.8899999999999997,117.675,82.31,12.48,80.265,18.145,14.165,16.16,25.16,10.295,9.485,35.345,18.380000000000003,74.5,74.25,1.59,4.82,0.095,2.415,0.98,3.495,0.01,1.825,1.0
PUENTE ARANDA,2023.0,4.63111,-74.11198,33.515,7.265,8.315,5.835,15.05,1.025,0.03,1.94,0.14,88.66499999999999,11.695,25.685000000000002,0.78,0.725,0.735,0.0050000000000000044,6.3,191.58499999999998,82.315,13.515,84.125,18.555,15.46,17.009999999999998,25.79,13.079999999999998,7.890000000000001,37.394999999999996,18.825,91.64999999999999,96.8,1.3900000000000001,4.075,0.060000000000000005,2.155,0.885,3.0,0.025,1.63,2.0
PUENTE ARANDA,2023.0,4.63111,-74.11198,32.94,8.325,8.84,8.745,17.165,1.255,0.04,2.34,0.155,83.19,11.620000000000001,25.22,0.82,0.76,0.76,0.625,6.095,186.345,82.385,13.190000000000001,80.495,18.845,15.05,16.95,25.29,12.455,9.530000000000001,35.545,18.78,129.35,131.35000000000002,2.1550000000000002,5.49,0.04,2.73,1.3650000000000002,3.875,0.03,2.0999999999999996,3.0
PUENTE ARANDA,2023.0,4.63111,-74.11198,33.135,8.34,8.469999999999999,9.745000000000001,17.375,1.24,0.04,2.315,0.15000000000000002,80.705,11.68,25.509999999999998,0.775,0.715,0.72,1.195,4.5649999999999995,141.58499999999998,82.4,12.605,77.505,18.82,14.344999999999999,16.585,25.465,11.455,10.49,35.88,18.785,121.0,122.1,2.625,6.605,0.16,2.6,1.655,4.72,0.095,2.12,4.0
PUENTE ARANDA,2023.0,4.63111,-74.11198,33.59,8.55,8.68,10.120000000000001,17.950000000000003,1.21,0.04,2.23,0.15000000000000002,81.83000000000001,11.934999999999999,26.095,0.715,0.665,0.6799999999999999,1.67,5.565,170.11,82.33,13.17,77.905,19.490000000000002,15.004999999999999,17.244999999999997,26.564999999999998,11.93,10.34,36.69,19.645,115.69999999999999,120.35,1.895,4.85,0.06,2.025,1.17,3.495,0.045,1.65,5.0
PUENTE ARANDA,2023.0,4.63111,-74.11198,33.57,7.79,7.985,9.905000000000001,16.185000000000002,1.145,0.04,2.23,0.14,78.545,11.094999999999999,24.115000000000002,0.735,0.685,0.7,1.935,4.995,151.99,82.275,13.67,81.015,19.36,15.605,17.479999999999997,26.2,13.295,8.71,34.16,19.31,91.35,92.19999999999999,1.635,5.0,0.09,2.215,1.01,3.5300000000000002,0.06,1.68,6.0
RAFAEL URIBE URIBE,2023.0,4.59028,-74.08473,32.66,8.350000000000001,7.930000000000001,11.81,17.725,1.21,0.04,2.215,0.14500000000000002,70.065,11.364999999999998,24.98,0.78,0.715,0.725,-0.555,3.8899999999999997,117.675,82.31,12.48,80.265,18.145,14.165,16.16,25.16,10.295,9.485,35.345,18.380000000000003,74.5,74.25,1.59,4.82,0.095,2.415,0.98,3.495,0.01,1.825,1.0
RAFAEL URIBE URIBE,2023.0,4.59028,-74.08473,33.515,7.265,8.315,5.835,15.05,1.025,0.03,1.94,0.14,88.66499999999999,11.695,25.685000000000002,0.78,0.725,0.735,0.0050000000000000044,6.3,191.58499999999998,82.315,13.515,84.125,18.555,15.46,17.009999999999998,25.79,13.079999999999998,7.890000000000001,37.394999999999996,18.825,91.64999999999999,96.8,1.3900000000000001,4.075,0.060000000000000005,2.155,0.885,3.0,0.025,1.63,2.0
RAFAEL URIBE URIBE,2023.0,4.59028,-74.08473,32.94,8.325,8.84,8.745,17.165,1.255,0.04,2.34,0.155,83.19,11.620000000000001,25.22,0.82,0.76,0.76,0.625,6.095,186.345,82.385,13.190000000000001,80.495,18.845,15.05,16.95,25.29,12.455,9.530000000000001,35.545,18.78,129.35,131.35000000000002,2.1550000000000002,5.49,0.04,2.73,1.3650000000000002,3.875,0.03,2.0999999999999996,3.0
RAFAEL URIBE URIBE,2023.0,4.59028,-74.08473,33.135,8.34,8.469999999999999,9.745000000000001,17.375,1.24,0.04,2.315,0.15000000000000002,80.705,11.68,25.509999999999998,0.775,0.715,0.72,1.195,4.5649999999999995,141.58499999999998,82.4,12.605,77.505,18.82,14.344999999999999,16.585,25.465,11.455,10.49,35.88,18.785,121.0,122.1,2.625,6.605,0.16,2.6,1.655,4.72,0.095,2.12,4.0
RAFAEL URIBE URIBE,2023.0,4.59028,-74.08473,33.59,8.55,8.68,10.120000000000001,17.950000000000003,1.21,0.04,2.23,0.15000000000000002,81.83000000000001,11.934999999999999,26.095,0.715,0.665,0.6799999999999999,1.67,5.565,170.11,82.33,13.17,77.905,19.490000000000002,15.004999999999999,17.244999999999997,26.564999999999998,11.93,10.34,36.69,19.645,115.69999999999999,120.35,1.895,4.85,0.06,2.025,1.17,3.495,0.045,1.65,5.0
RAFAEL URIBE URIBE,2023.0,4.59028,-74.08473,33.57,7.79,7.985,9.905000000000001,16.185000000000002,1.145,0.04,2.23,0.14,78.545,11.094999999999999,24.115000000000002,0.735,0.685,0.7,1.935,4.995,151.99,82.275,13.67,81.015,19.36,15.605,17.479999999999997,26.2,13.295,8.71,34.16,19.31,91.35,92.19999999999999,1.635,5.0,0.09,2.215,1.01,3.5300000000000002,0.06,1.68,6.0
SAN CRISTOBAL,2023.0,4.58843,-74.0708,32.66,8.350000000000001,7.930000000000001,11.81,17.725,1.21,0.04,2.215,0.14500000000000002,70.065,11.364999999999998,24.98,0.78,0.715,0.725,-0.555,3.8899999999999997,117.675,82.31,12.48,80.265,18.145,14.165,16.16,25.16,10.295,9.485,35.345,18.380000000000003,74.5,74.25,1.59,4.82,0.095,2.415,0.98,3.495,0.01,1.825,1.0
SAN CRISTOBAL,2023.0,4.58843,-74.0708,33.515,7.265,8.315,5.835,15.05,1.025,0.03,1.94,0.14,88.66499999999999,11.695,25.685000000000002,0.78,0.725,0.735,0.0050000000000000044,6.3,191.58499999999998,82.315,13.515,84.125,18.555,15.46,17.009999999999998,25.79,13.079999999999998,7.890000000000001,37.394999999999996,18.825,91.64999999999999,96.8,1.3900000000000001,4.075,0.060000000000000005,2.155,0.885,3.0,0.025,1.63,2.0
SAN CRISTOBAL,2023.0,4.58843,-74.0708,32.94,8.325,8.84,8.745,17.165,1.255,0.04,2.34,0.155,83.19,11.620000000000001,25.22,0.82,0.76,0.76,0.625,6.095,186.345,82.385,13.190000000000001,80.495,18.845,15.05,16.95,25.29,12.455,9.530000000000001,35.545,18.78,129.35,131.35000000000002,2.1550000000000002,5.49,0.04,2.73,1.3650000000000002,3.875,0.03,2.0999999999999996,3.0
SAN CRISTOBAL,2023.0,4.58843,-74.0708,33.135,8.34,8.469999999999999,9.745000000000001,17.375,1.24,0.04,2.315,0.15000000000000002,80.705,11.68,25.509999999999998,0.775,0.715,0.72,1.195,4.5649999999999995,141.58499999999998,82.4,12.605,77.505,18.82,14.344999999999999,16.585,25.465,11.455,10.49,35.88,18.785,121.0,122.1,2.625,6.605,0.16,2.6,1.655,4.72,0.095,2.12,4.0
SAN CRISTOBAL,2023.0,4.58843,-74.0708,33.59,8.55,8.68,10.120000000000001,17.950000000000003,1.21,0.04,2.23,0.15000000000000002,81.83000000000001,11.934999999999999,26.095,0.715,0.665,0.6799999999999999,1.67,5.565,170.11,82.33,13.17,77.905,19.490000000000002,15.004999999999999,17.244999999999997,26.564999999999998,11.93,10.34,36.69,19.645,115.69999999999999,120.35,1.895,4.85,0.06,2.025,1.17,3.495,0.045,1.65,5.0
SAN CRISTOBAL,2023.0,4.58843,-74.0708,33.57,7.79,7.985,9.905000000000001,16.185000000000002,1.145,0.04,2.23,0.14,78.545,11.094999999999999,24.115000000000002,0.735,0.685,0.7,1.935,4.995,151.99,82.275,13.67,81.015,19.36,15.605,17.479999999999997,26.2,13.295,8.71,34.16,19.31,91.35,92.19999999999999,1.635,5.0,0.09,2.215,1.01,3.5300000000000002,0.06,1.68,6.0
SANTA FE,2023.0,4.60947,-74.08135,32.66,8.350000000000001,7.930000000000001,11.81,17.725,1.21,0.04,2.215,0.14500000000000002,70.065,11.364999999999998,24.98,0.78,0.715,0.725,-0.555,3.8899999999999997,117.675,82.31,12.48,80.265,18.145,14.165,16.16,25.16,10.295,9.485,35.345,18.380000000000003,74.5,74.25,1.59,4.82,0.095,2.415,0.98,3.495,0.01,1.825,1.0
SANTA FE,2023.0,4.60947,-74.08135,33.515,7.265,8.315,5.835,15.05,1.025,0.03,1.94,0.14,88.66499999999999,11.695,25.685000000000002,0.78,0.725,0.735,0.0050000000000000044,6.3,191.58499999999998,82.315,13.515,84.125,18.555,15.46,17.009999999999998,25.79,13.079999999999998,7.890000000000001,37.394999999999996,18.825,91.64999999999999,96.8,1.3900000000000001,4.075,0.060000000000000005,2.155,0.885,3.0,0.025,1.63,2.0
SANTA FE,2023.0,4.60947,-74.08135,32.94,8.325,8.84,8.745,17.165,1.255,0.04,2.34,0.155,83.19,11.620000000000001,25.22,0.82,0.76,0.76,0.625,6.095,186.345,82.385,13.190000000000001,80.495,18.845,15.05,16.95,25.29,12.455,9.530000000000001,35.545,18.78,129.35,131.35000000000002,2.1550000000000002,5.49,0.04,2.73,1.3650000000000002,3.875,0.03,2.0999999999999996,3.0
SANTA FE,2023.0,4.60947,-74.08135,33.135,8.34,8.469999999999999,9.745000000000001,17.375,1.24,0.04,2.315,0.15000000000000002,80.705,11.68,25.509999999999998,0.775,0.715,0.72,1.195,4.5649999999999995,141.58499999999998,82.4,12.605,77.505,18.82,14.344999999999999,16.585,25.465,11.455,10.49,35.88,18.785,121.0,122.1,2.625,6.605,0.16,2.6,1.655,4.72,0.095,2.12,4.0
SANTA FE,2023.0,4.60947,-74.08135,33.59,8.55,8.68,10.120000000000001,17.950000000000003,1.21,0.04,2.23,0.15000000000000002,81.83000000000001,11.934999999999999,26.095,0.715,0.665,0.6799999999999999,1.67,5.565,170.11,82.33,13.17,77.905,19.490000000000002,15.004999999999999,17.244999999999997,26.564999999999998,11.93,10.34,36.69,19.645,115.69999999999999,120.35,1.895,4.85,0.06,2.025,1.17,3.495,0.045,1.65,5.0
SANTA FE,2023.0,4.60947,-74.08135,33.57,7.79,7.985,9.905000000000001,16.185000000000002,1.145,0.04,2.23,0.14,78.545,11.094999999999999,24.115000000000002,0.735,0.685,0.7,1.935,4.995,151.99,82.275,13.67,81.015,19.36,15.605,17.479999999999997,26.2,13.295,8.71,34.16,19.31,91.35,92.19999999999999,1.635,5.0,0.09,2.215,1.01,3.5300000000000002,0.06,1.68,6.0
SUBA,2023.0,4.7594,-74.09035,32.66,8.350000000000001,7.930000000000001,11.81,17.725,1.21,0.04,2.215,0.14500000000000002,70.065,11.364999999999998,24.98,0.755,0.7050000000000001,0.7150000000000001,-0.555,3.42,103.64,84.555,13.25,81.455,19.314999999999998,15.455,17.384999999999998,26.53,11.9,9.265,35.345,19.585,36.5,32.15,1.4649999999999999,4.23,0.045,2.13,0.895,3.035,0.045000000000000005,1.615,1.0
SUBA,2023.0,4.7594,-74.09035,33.515,7.265,8.315,5.835,15.05,1.025,0.03,1.94,0.14,88.66499999999999,11.695,25.685000000000002,0.74,0.7,0.725,0.0050000000000000044,5.475,166.8,84.55,14.27,84.31,19.84,16.675,18.259999999999998,27.705,14.915,7.984999999999999,37.394999999999996,20.145000000000003,140.1,311.5,1.35,3.67,0.1,2.1500000000000004,0.845,2.685,0.04,1.6150000000000002,2.0
SUBA,2023.0,4.7594,-74.09035,32.94,8.325,8.84,8.745,17.165,1.255,0.04,2.34,0.155,83.19,11.620000000000001,25.22,0.75,0.71,0.72,0.625,4.609999999999999,140.955,84.605,13.91,77.595,20.825,16.235,18.53,28.205,14.585,9.975000000000001,35.545,20.79,145.39999999999998,149.05,1.61,4.29,0.07500000000000001,2.385,0.99,2.99,0.04,1.7349999999999999,3.0
SUBA,2023.0,4.7594,-74.09035,33.135,8.34,8.469999999999999,9.745000000000001,17.375,1.24,0.04,2.315,0.15000000000000002,80.705,11.68,25.509999999999998,0.705,0.665,0.6699999999999999,1.195,3.755,116.36,84.61,13.01,71.635,21.25,15.175,18.22,29.15,13.77,11.379999999999999,35.88,21.46,128.9,130.5,1.875,5.37,0.065,2.25,1.16,3.76,0.025,1.7200000000000002,4.0
SUBA,2023.0,4.7594,-74.09035,33.59,8.55,8.68,10.120000000000001,17.950000000000003,1.21,0.04,2.23,0.15000000000000002,81.83000000000001,11.934999999999999,26.095,0.67,0.64,0.655,1.67,4.715,144.305,84.55000000000001,13.71,74.555,21.455,15.98,18.72,29.815,14.24,10.64,36.69,21.83,97.75,92.6,1.49,3.7649999999999997,0.065,1.98,0.915,2.71,0.055,1.49,5.0
SUBA,2023.0,4.7594,-74.09035,33.57,7.79,7.985,9.905000000000001,16.185000000000002,1.145,0.04,2.23,0.14,78.545,11.094999999999999,24.115000000000002,0.685,0.65,0.665,1.935,3.73,113.32499999999999,84.495,14.184999999999999,78.97,20.93,16.56,18.745,28.990000000000002,15.280000000000001,9.04,34.16,21.045,58.400000000000006,53.75,1.42,3.785,0.095,2.135,0.865,2.6399999999999997,0.04,1.595,6.0
SUMAPAZ,2023.0,4.2,-74.2,32.66,8.350000000000001,7.930000000000001,11.81,17.725,1.21,0.04,2.215,0.14500000000000002,70.065,11.364999999999998,24.98,0.815,0.7949999999999999,0.7949999999999999,-0.555,4.215,127.60000000000001,80.065,11.855,82.83000000000001,16.3,13.004999999999999,14.65,22.990000000000002,8.425,8.875,35.345,16.655,90.35,91.45,2.005,5.8149999999999995,0.10500000000000001,2.4050000000000002,1.28,4.195,0.095,1.975,1.0
SUMAPAZ,2023.0,4.2,-74.2,33.515,7.265,8.315,5.835,15.05,1.025,0.03,1.94,0.14,88.66499999999999,11.695,25.685000000000002,0.8300000000000001,0.81,0.81,0.0050000000000000044,7.49,227.77999999999997,80.07,12.84,86.035,16.869999999999997,14.280000000000001,15.575,22.990000000000002,11.885,7.16,37.394999999999996,17.18,109.35,111.9,1.75,5.4,0.07,2.0949999999999998,1.145,3.87,0.025,1.69,2.0
SUMAPAZ,2023.0,4.2,-74.2,32.94,8.325,8.84,8.745,17.165,1.255,0.04,2.34,0.155,83.19,11.620000000000001,25.22,0.89,0.87,0.85,0.625,7.67,234.45,80.16,12.629999999999999,85.55000000000001,16.685,14.025,15.355,22.545,11.530000000000001,8.065,35.545,16.865,123.9,124.65,3.325,7.59,0.695,3.15,2.1799999999999997,5.29,0.375,2.56,3.0
SUMAPAZ,2023.0,4.2,-74.2,33.135,8.34,8.469999999999999,9.745000000000001,17.375,1.24,0.04,2.315,0.15000000000000002,80.705,11.68,25.509999999999998,0.835,0.815,0.81,1.195,5.26,163.055,80.17500000000001,12.215,83.715,16.565,13.524999999999999,15.045,22.72,10.18,8.67,35.88,16.770000000000003,118.3,118.9,3.745,8.565000000000001,0.6599999999999999,3.5549999999999997,2.46,6.015000000000001,0.41,2.89,4.0
SUMAPAZ,2023.0,4.2,-74.2,33.59,8.55,8.68,10.120000000000001,17.950000000000003,1.21,0.04,2.23,0.15000000000000002,81.83000000000001,11.934999999999999,26.095,0.765,0.755,0.765,1.67,6.255000000000001,191.34,80.10499999999999,12.595,81.875,17.455,13.96,15.705,24.369999999999997,10.97,9.379999999999999,36.69,17.785,115.75,117.65,2.575,6.484999999999999,0.41,2.73,1.6749999999999998,4.62,0.185,2.25,5.0
SUMAPAZ,2023.0,4.2,-74.2,33.57,7.79,7.985,9.905000000000001,16.185000000000002,1.145,0.04,2.23,0.14,78.545,11.094999999999999,24.115000000000002,0.81,0.8,0.795,1.935,6.1850000000000005,188.5,80.04,13.15,84.725,17.505000000000003,14.625,16.060000000000002,23.799999999999997,11.115,7.949999999999999,34.16,17.63,100.15,101.05,2.1399999999999997,6.59,0.07,2.3600000000000003,1.365,4.640000000000001,0.055,1.8900000000000001,6.0
TEUSAQUILLO,2023.0,4.65942,-74.09919,32.66,8.350000000000001,7.930000000000001,11.81,17.725,1.21,0.04,2.215,0.14500000000000002,70.065,11.364999999999998,24.98,0.78,0.715,0.725,-0.555,3.8899999999999997,117.675,82.31,12.48,80.265,18.145,14.165,16.16,25.16,10.295,9.485,35.345,18.380000000000003,74.5,74.25,1.59,4.82,0.095,2.415,0.98,3.495,0.01,1.825,1.0
TEUSAQUILLO,2023.0,4.65942,-74.09919,33.515,7.265,8.315,5.835,15.05,1.025,0.03,1.94,0.14,88.66499999999999,11.695,25.685000000000002,0.78,0.725,0.735,0.0050000000000000044,6.3,191.58499999999998,82.315,13.515,84.125,18.555,15.46,17.009999999999998,25.79,13.079999999999998,7.890000000000001,37.394999999999996,18.825,91.64999999999999,96.8,1.3900000000000001,4.075,0.060000000000000005,2.155,0.885,3.0,0.025,1.63,2.0
TEUSAQUILLO,2023.0,4.65942,-74.09919,32.94,8.325,8.84,8.745,17.165,1.255,0.04,2.34,0.155,83.19,11.620000000000001,25.22,0.82,0.76,0.76,0.625,6.095,186.345,82.385,13.190000000000001,80.495,18.845,15.05,16.95,25.29,12.455,9.530000000000001,35.545,18.78,129.35,131.35000000000002,2.1550000000000002,5.49,0.04,2.73,1.3650000000000002,3.875,0.03,2.0999999999999996,3.0
TEUSAQUILLO,2023.0,4.65942,-74.09919,33.135,8.34,8.469999999999999,9.745000000000001,17.375,1.24,0.04,2.315,0.15000000000000002,80.705,11.68,25.509999999999998,0.775,0.715,0.72,1.195,4.5649999999999995,141.58499999999998,82.4,12.605,77.505,18.82,14.344999999999999,16.585,25.465,11.455,10.49,35.88,18.785,121.0,122.1,2.625,6.605,0.16,2.6,1.655,4.72,0.095,2.12,4.0
TEUSAQUILLO,2023.0,4.65942,-74.09919,33.59,8.55,8.68,10.120000000000001,17.950000000000003,1.21,0.04,2.23,0.15000000000000002,81.83000000000001,11.934999999999999,26.095,0.715,0.665,0.6799999999999999,1.67,5.565,170.11,82.33,13.17,77.905,19.490000000000002,15.004999999999999,17.244999999999997,26.564999999999998,11.93,10.34,36.69,19.645,115.69999999999999,120.35,1.895,4.85,0.06,2.025,1.17,3.495,0.045,1.65,5.0
TEUSAQUILLO,2023.0,4.65942,-74.09919,33.57,7.79,7.985,9.905000000000001,16.185000000000002,1.145,0.04,2.23,0.14,78.545,11.094999999999999,24.115000000000002,0.735,0.685,0.7,1.935,4.995,151.99,82.275,13.67,81.015,19.36,15.605,17.479999999999997,26.2,13.295,8.71,34.16,19.31,91.35,92.19999999999999,1.635,5.0,0.09,2.215,1.01,3.5300000000000002,0.06,1.68,6.0
TUNJUELITO,2023.0,4.59069,-74.09628,32.66,8.350000000000001,7.930000000000001,11.81,17.725,1.21,0.04,2.215,0.14500000000000002,70.065,11.364999999999998,24.98,0.78,0.715,0.725,-0.555,3.8899999999999997,117.675,82.31,12.48,80.265,18.145,14.165,16.16,25.16,10.295,9.485,35.345,18.380000000000003,74.5,74.25,1.59,4.82,0.095,2.415,0.98,3.495,0.01,1.825,1.0
TUNJUELITO,2023.0,4.59069,-74.09628,33.515,7.265,8.315,5.835,15.05,1.025,0.03,1.94,0.14,88.66499999999999,11.695,25.685000000000002,0.78,0.725,0.735,0.0050000000000000044,6.3,191.58499999999998,82.315,13.515,84.125,18.555,15.46,17.009999999999998,25.79,13.079999999999998,7.890000000000001,37.394999999999996,18.825,91.64999999999999,96.8,1.3900000000000001,4.075,0.060000000000000005,2.155,0.885,3.0,0.025,1.63,2.0
TUNJUELITO,2023.0,4.59069,-74.09628,32.94,8.325,8.84,8.745,17.165,1.255,0.04,2.34,0.155,83.19,11.620000000000001,25.22,0.82,0.76,0.76,0.625,6.095,186.345,82.385,13.190000000000001,80.495,18.845,15.05,16.95,25.29,12.455,9.530000000000001,35.545,18.78,129.35,131.35000000000002,2.1550000000000002,5.49,0.04,2.73,1.3650000000000002,3.875,0.03,2.0999999999999996,3.0
TUNJUELITO,2023.0,4.59069,-74.09628,33.135,8.34,8.469999999999999,9.745000000000001,17.375,1.24,0.04,2.315,0.15000000000000002,80.705,11.68,25.509999999999998,0.775,0.715,0.72,1.195,4.5649999999999995,141.58499999999998,82.4,12.605,77.505,18.82,14.344999999999999,16.585,25.465,11.455,10.49,35.88,18.785,121.0,122.1,2.625,6.605,0.16,2.6,1.655,4.72,0.095,2.12,4.0
TUNJUELITO,2023.0,4.59069,-74.09628,33.59,8.55,8.68,10.120000000000001,17.950000000000003,1.21,0.04,2.23,0.15000000000000002,81.83000000000001,11.934999999999999,26.095,0.715,0.665,0.6799999999999999,1.67,5.565,170.11,82.33,13.17,77.905,19.490000000000002,15.004999999999999,17.244999999999997,26.564999999999998,11.93,10.34,36.69,19.645,115.69999999999999,120.35,1.895,4.85,0.06,2.025,1.17,3.495,0.045,1.65,5.0
TUNJUELITO,2023.0,4.59069,-74.09628,33.57,7.79,7.985,9.905000000000001,16.185000000000002,1.145,0.04,2.23,0.14,78.545,11.094999999999999,24.115000000000002,0.735,0.685,0.7,1.935,4.995,151.99,82.275,13.67,81.015,19.36,15.605,17.479999999999997,26.2,13.295,8.71,34.16,19.31,91.35,92.19999999999999,1.635,5.0,0.09,2.215,1.01,3.5300000000000002,0.06,1.68,6.0
USAQUEN,2023.0,4.73197,-74.05163,32.66,8.350000000000001,7.930000000000001,11.81,17.725,1.21,0.04,2.215,0.14500000000000002,70.065,11.364999999999998,24.98,0.86,0.855,0.8400000000000001,-0.555,4.84,147.465,79.545,11.445,87.16,14.76,12.305,13.530000000000001,21.174999999999997,7.53,8.18,35.345,15.155000000000001,91.19999999999999,95.80000000000001,2.1100000000000003,5.0600000000000005,0.32,2.8049999999999997,1.26,3.375,0.135,1.99,1.0
USAQUEN,2023.0,4.73197,-74.05163,33.515,7.265,8.315,5.835,15.05,1.025,0.03,1.94,0.14,88.66499999999999,11.695,25.685000000000002,0.865,0.865,0.85,0.0050000000000000044,7.890000000000001,239.255,79.525,12.55,89.175,15.79,13.75,14.775,21.18,11.39,6.62,37.394999999999996,16.06,106.15,108.0,1.75,5.43,0.05500000000000001,2.7800000000000002,1.045,3.545,0.02,1.8399999999999999,2.0
USAQUEN,2023.0,4.73197,-74.05163,32.94,8.325,8.84,8.745,17.165,1.255,0.04,2.34,0.155,83.19,11.620000000000001,25.22,0.955,0.96,0.925,0.625,11.825,361.28999999999996,79.68,12.305,89.955,15.315,13.42,14.370000000000001,21.005,10.425,7.195,35.545,15.530000000000001,108.2,109.6,2.3600000000000003,6.05,0.185,3.575,1.525,3.915,0.11,2.42,3.0
USAQUEN,2023.0,4.73197,-74.05163,33.135,8.34,8.469999999999999,9.745000000000001,17.375,1.24,0.04,2.315,0.15000000000000002,80.705,11.68,25.509999999999998,0.935,0.9450000000000001,0.91,1.195,8.145,252.60000000000002,79.71000000000001,11.934999999999999,88.975,15.06,12.945,14.004999999999999,20.82,9.76,7.67,35.88,15.28,104.85,107.25,2.5199999999999996,6.300000000000001,0.31,3.7649999999999997,1.67,4.1850000000000005,0.185,2.58,4.0
USAQUEN,2023.0,4.73197,-74.05163,33.59,8.55,8.68,10.120000000000001,17.950000000000003,1.21,0.04,2.23,0.15000000000000002,81.83000000000001,11.934999999999999,26.095,0.895,0.9,0.88,1.67,8.325,254.375,79.59,12.31,86.34,16.02,13.375,14.7,22.535,10.475000000000001,8.25,36.69,16.115000000000002,108.65,111.7,1.8599999999999999,5.01,0.03,3.425,1.1949999999999998,3.335,0.08,2.3,5.0
USAQUEN,2023.0,4.73197,-74.05163,33.57,7.79,7.985,9.905000000000001,16.185000000000002,1.145,0.04,2.23,0.14,78.545,11.094999999999999,24.115000000000002,0.915,0.9199999999999999,0.895,1.935,7.79,237.45499999999998,79.52,13.045,90.05,16.189999999999998,14.27,15.225,21.814999999999998,11.055,6.845,34.16,16.33,101.35,104.05,1.875,5.585,0.135,2.8200000000000003,1.145,3.705,0.015,1.955,6.0
USME,2023.0,4.53286,-74.11451,32.66,8.350000000000001,7.930000000000001,11.81,17.725,1.21,0.04,2.215,0.14500000000000002,70.065,11.364999999999998,24.98,0.78,0.715,0.725,-0.555,3.8899999999999997,117.675,82.31,12.48,80.265,18.145,14.165,16.16,25.16,10.295,9.485,35.345,18.380000000000003,74.5,74.25,1.59,4.82,0.095,2.415,0.98,3.495,0.01,1.825,1.0
USME,2023.0,4.53286,-74.11451,33.515,7.265,8.315,5.835,15.05,1.025,0.03,1.94,0.14,88.66499999999999,11.695,25.685000000000002,0.78,0.725,0.735,0.0050000000000000044,6.3,191.58499999999998,82.315,13.515,84.125,18.555,15.46,17.009999999999998,25.79,13.079999999999998,7.890000000000001,37.394999999999996,18.825,91.64999999999999,96.8,1.3900000000000001,4.075,0.060000000000000005,2.155,0.885,3.0,0.025,1.63,2.0
USME,2023.0,4.53286,-74.11451,32.94,8.325,8.84,8.745,17.165,1.255,0.04,2.34,0.155,83.19,11.620000000000001,25.22,0.82,0.76,0.76,0.625,6.095,186.345,82.385,13.190000000000001,80.495,18.845,15.05,16.95,25.29,12.455,9.530000000000001,35.545,18.78,129.35,131.35000000000002,2.1550000000000002,5.49,0.04,2.73,1.3650000000000002,3.875,0.03,2.0999999999999996,3.0
USME,2023.0,4.53286,-74.11451,33.135,8.34,8.469999999999999,9.745000000000001,17.375,1.24,0.04,2.315,0.15000000000000002,80.705,11.68,25.509999999999998,0.775,0.715,0.72,1.195,4.5649999999999995,141.58499999999998,82.4,12.605,77.505,18.82,14.344999999999999,16.585,25.465,11.455,10.49,35.88,18.785,121.0,122.1,2.625,6.605,0.16,2.6,1.655,4.72,0.095,2.12,4.0
USME,2023.0,4.53286,-74.11451,33.59,8.55,8.68,10.120000000000001,17.950000000000003,1.21,0.04,2.23,0.15000000000000002,81.83000000000001,11.934999999999999,26.095,0.715,0.665,0.6799999999999999,1.67,5.565,170.11,82.33,13.17,77.905,19.490000000000002,15.004999999999999,17.244999999999997,26.564999999999998,11.93,10.34,36.69,19.645,115.69999999999999,120.35,1.895,4.85,0.06,2.025,1.17,3.495,0.045,1.65,5.0
USME,2023.0,4.53286,-74.11451,33.57,7.79,7.985,9.905000000000001,16.185000000000002,1.145,0.04,2.23,0.14,78.545,11.094999999999999,24.115000000000002,0.735,0.685,0.7,1.935,4.995,151.99,82.275,13.67,81.015,19.36,15.605,17.479999999999997,26.2,13.295,8.71,34.16,19.31,91.35,92.19999999999999,1.635,5.0,0.09,2.215,1.01,3.5300000000000002,0.06,1.68,6.0
ANTONIO NARINO,2024.0,4.60971,-74.08207,33.515,8.870000000000001,7.66,14.485,18.985,1.245,0.04,2.51,0.14,59.405,11.385,25.0,0.645,0.585,0.595,1.63,1.48,43.465,82.35,12.955,73.11500000000001,20.369999999999997,14.785,17.575,28.42,13.285,10.86,35.35,20.69,86.05,86.15,2.06,6.16,0.11,2.2350000000000003,1.2850000000000001,4.42,0.045,1.85,1.0
ANTONIO NARINO,2024.0,4.60971,-74.08207,34.355000000000004,7.865,8.5,7.5,16.549999999999997,1.095,0.035,2.25,0.13,82.17,11.29,24.93,0.5700000000000001,0.535,0.5700000000000001,0.9249999999999999,5.01,151.71,82.33500000000001,13.605,74.185,20.965,15.559999999999999,18.259999999999998,29.299999999999997,14.684999999999999,9.82,37.385000000000005,21.495,92.95,94.1,1.6600000000000001,5.665,0.115,2.27,1.0699999999999998,4.17,0.075,1.805,2.0
ANTONIO NARINO,2024.0,4.60971,-74.08207,33.69,7.645,8.285,7.205,15.605,1.1749999999999998,0.04,2.24,0.135,88.16499999999999,11.5,24.86,0.75,0.725,0.735,0.27,10.129999999999999,309.895,82.38499999999999,13.915,82.065,19.375,15.885,17.634999999999998,25.735,13.44,8.665,35.525,19.380000000000003,126.95,129.8,1.67,4.225,0.105,2.1849999999999996,1.0499999999999998,3.0300000000000002,0.045,1.63,3.0
ANTONIO NARINO,2024.0,4.60971,-74.08207,33.065,8.36,8.35,10.17,17.54,1.21,0.04,2.15,0.14500000000000002,78.59,11.49,25.145000000000003,0.765,0.7,0.7050000000000001,-0.035,3.035,94.18,82.43,12.7,78.035,18.84,14.495,16.665,25.46,11.49,10.245000000000001,35.905,18.884999999999998,130.0,131.2,2.32,5.85,0.23,2.635,1.4849999999999999,4.19,0.125,2.125,4.0
ANTONIO NARINO,2024.0,4.60971,-74.08207,33.495,8.72,8.71,10.445,18.355,1.27,0.035,2.265,0.15000000000000002,81.19,11.795,25.89,0.65,0.6,0.625,-0.235,4.305,132.02,82.345,12.809999999999999,75.655,19.61,14.605,17.105,27.09,12.125,10.45,36.675,19.76,116.6,119.5,2.0300000000000002,6.8100000000000005,0.105,2.3449999999999998,1.29,4.85,0.1,1.8599999999999999,5.0
ANTONIO NARINO,2024.0,4.60971,-74.08207,33.56,7.53,7.585,9.8,15.59,1.105,0.03,1.95,0.13,77.62,11.1,24.11,0.7,0.66,0.6799999999999999,-0.45,5.805,176.76999999999998,82.275,13.67,83.38499999999999,18.884999999999998,15.625,17.255000000000003,25.845,13.23,8.385,34.14,18.965,51.15,47.6,1.52,3.935,0.08,2.0149999999999997,0.9450000000000001,2.855,0.035,1.565,6.0
BARRIOS UNIDOS,2024.0,4.6989,-74.07075,33.515,8.870000000000001,7.66,14.485,18.985,1.245,0.04,2.51,0.14,59.405,11.385,25.0,0.645,0.585,0.595,1.63,1.48,43.465,82.35,12.955,73.11500000000001,20.369999999999997,14.785,17.575,28.42,13.285,10.86,35.35,20.69,86.05,86.15,2.06,6.16,0.11,2.2350000000000003,1.2850000000000001,4.42,0.045,1.85,1.0
BARRIOS UNIDOS,2024.0,4.6989,-74.07075,34.355000000000004,7.865,8.5,7.5,16.549999999999997,1.095,0.035,2.25,0.13,82.17,11.29,24.93,0.5700000000000001,0.535,0.5700000000000001,0.9249999999999999,5.01,151.71,82.33500000000001,13.605,74.185,20.965,15.559999999999999,18.259999999999998,29.299999999999997,14.684999999999999,9.82,37.385000000000005,21.495,92.95,94.1,1.6600000000000001,5.665,0.115,2.27,1.0699999999999998,4.17,0.075,1.805,2.0
BARRIOS UNIDOS,2024.0,4.6989,-74.07075,33.69,7.645,8.285,7.205,15.605,1.1749999999999998,0.04,2.24,0.135,88.16499999999999,11.5,24.86,0.75,0.725,0.735,0.27,10.129999999999999,309.895,82.38499999999999,13.915,82.065,19.375,15.885,17.634999999999998,25.735,13.44,8.665,35.525,19.380000000000003,126.95,129.8,1.67,4.225,0.105,2.1849999999999996,1.0499999999999998,3.0300000000000002,0.045,1.63,3.0
BARRIOS UNIDOS,2024.0,4.6989,-74.07075,33.065,8.36,8.35,10.17,17.54,1.21,0.04,2.15,0.14500000000000002,78.59,11.49,25.145000000000003,0.765,0.7,0.7050000000000001,-0.035,3.035,94.18,82.43,12.7,78.035,18.84,14.495,16.665,25.46,11.49,10.245000000000001,35.905,18.884999999999998,130.0,131.2,2.32,5.85,0.23,2.635,1.4849999999999999,4.19,0.125,2.125,4.0
BARRIOS UNIDOS,2024.0,4.6989,-74.07075,33.495,8.72,8.71,10.445,18.355,1.27,0.035,2.265,0.15000000000000002,81.19,11.795,25.89,0.65,0.6,0.625,-0.235,4.305,132.02,82.345,12.809999999999999,75.655,19.61,14.605,17.105,27.09,12.125,10.45,36.675,19.76,116.6,119.5,2.0300000000000002,6.8100000000000005,0.105,2.3449999999999998,1.29,4.85,0.1,1.8599999999999999,5.0
BARRIOS UNIDOS,2024.0,4.6989,-74.07075,33.56,7.53,7.585,9.8,15.59,1.105,0.03,1.95,0.13,77.62,11.1,24.11,0.7,0.66,0.6799999999999999,-0.45,5.805,176.76999999999998,82.275,13.67,83.38499999999999,18.884999999999998,15.625,17.255000000000003,25.845,13.23,8.385,34.14,18.965,51.15,47.6,1.52,3.935,0.08,2.0149999999999997,0.9450000000000001,2.855,0.035,1.565,6.0
BOSA,2024.0,4.58734,-74.21668,33.515,8.870000000000001,7.66,14.485,18.985,1.245,0.04,2.51,0.14,59.405,11.385,25.0,0.645,0.585,0.595,1.63,1.48,43.465,82.35,12.955,73.11500000000001,20.369999999999997,14.785,17.575,28.42,13.285,10.86,35.35,20.69,86.05,86.15,2.06,6.16,0.11,2.2350000000000003,1.2850000000000001,4.42,0.045,1.85,1.0
BOSA,2024.0,4.58734,-74.21668,34.355000000000004,7.865,8.5,7.5,16.549999999999997,1.095,0.035,2.25,0.13,82.17,11.29,24.93,0.5700000000000001,0.535,0.5700000000000001,0.9249999999999999,5.01,151.71,82.33500000000001,13.605,74.185,20.965,15.559999999999999,18.259999999999998,29.299999999999997,14.684999999999999,9.82,37.385000000000005,21.495,92.95,94.1,1.6600000000000001,5.665,0.115,2.27,1.0699999999999998,4.17,0.075,1.805,2.0
BOSA,2024.0,4.58734,-74.21668,33.69,7.645,8.285,7.205,15.605,1.1749999999999998,0.04,2.24,0.135,88.16499999999999,11.5,24.86,0.75,0.725,0.735,0.27,10.129999999999999,309.895,82.38499999999999,13.915,82.065,19.375,15.885,17.634999999999998,25.735,13.44,8.665,35.525,19.380000000000003,126.95,129.8,1.67,4.225,0.105,2.1849999999999996,1.0499999999999998,3.0300000000000002,0.045,1.63,3.0
BOSA,2024.0,4.58734,-74.21668,33.065,8.36,8.35,10.17,17.54,1.21,0.04,2.15,0.14500000000000002,78.59,11.49,25.145000000000003,0.765,0.7,0.7050000000000001,-0.035,3.035,94.18,82.43,12.7,78.035,18.84,14.495,16.665,25.46,11.49,10.245000000000001,35.905,18.884999999999998,130.0,131.2,2.32,5.85,0.23,2.635,1.4849999999999999,4.19,0.125,2.125,4.0
BOSA,2024.0,4.58734,-74.21668,33.495,8.72,8.71,10.445,18.355,1.27,0.035,2.265,0.15000000000000002,81.19,11.795,25.89,0.65,0.6,0.625,-0.235,4.305,132.02,82.345,12.809999999999999,75.655,19.61,14.605,17.105,27.09,12.125,10.45,36.675,19.76,116.6,119.5,2.0300000000000002,6.8100000000000005,0.105,2.3449999999999998,1.29,4.85,0.1,1.8599999999999999,5.0
BOSA,2024.0,4.58734,-74.21668,33.56,7.53,7.585,9.8,15.59,1.105,0.03,1.95,0.13,77.62,11.1,24.11,0.7,0.66,0.6799999999999999,-0.45,5.805,176.76999999999998,82.275,13.67,83.38499999999999,18.884999999999998,15.625,17.255000000000003,25.845,13.23,8.385,34.14,18.965,51.15,47.6,1.52,3.935,0.08,2.0149999999999997,0.9450000000000001,2.855,0.035,1.565,6.0
CHAPINERO,2024.0,4.6704,-74.04338,33.515,8.870000000000001,7.66,14.485,18.985,1.245,0.04,2.51,0.14,59.405,11.385,25.0,0.7949999999999999,0.7849999999999999,0.78,1.63,1.24,36.05,79.62,12.325,84.33,16.52,13.46,14.99,24.13,10.68,9.045,35.35,16.84,90.05000000000001,95.0,2.26,6.5600000000000005,0.345,3.0549999999999997,1.38,4.29,0.155,2.14,1.0
CHAPINERO,2024.0,4.6704,-74.04338,34.355000000000004,7.865,8.5,7.5,16.549999999999997,1.095,0.035,2.25,0.13,82.17,11.29,24.93,0.725,0.7150000000000001,0.735,0.9249999999999999,5.5649999999999995,168.805,79.6,13.08,86.08500000000001,17.11,14.375,15.740000000000002,23.17,10.995000000000001,8.05,37.385000000000005,17.509999999999998,98.5,100.80000000000001,2.145,6.3100000000000005,0.165,3.2649999999999997,1.3250000000000002,4.155,0.075,2.215,2.0
CHAPINERO,2024.0,4.6704,-74.04338,33.69,7.645,8.285,7.205,15.605,1.1749999999999998,0.04,2.24,0.135,88.16499999999999,11.5,24.86,0.9299999999999999,0.94,0.91,0.27,13.47,412.545,79.66,12.905000000000001,90.845,15.915,14.165,15.035,21.395,11.31,6.92,35.525,16.14,107.85,109.6,2.2249999999999996,5.275,0.2,3.4050000000000002,1.42,3.4299999999999997,0.13,2.3049999999999997,3.0
CHAPINERO,2024.0,4.6704,-74.04338,33.065,8.36,8.35,10.17,17.54,1.21,0.04,2.15,0.14500000000000002,78.59,11.49,25.145000000000003,0.9099999999999999,0.915,0.885,-0.035,4.8100000000000005,149.155,79.735,11.93,88.895,15.08,12.98,14.03,20.845,9.355,7.529999999999999,35.905,15.34,111.4,112.55,2.4349999999999996,6.0600000000000005,0.08,3.965,1.615,4.035,0.09,2.685,4.0
CHAPINERO,2024.0,4.6704,-74.04338,33.495,8.72,8.71,10.445,18.355,1.27,0.035,2.265,0.15000000000000002,81.19,11.795,25.89,0.8,0.79,0.7949999999999999,-0.235,5.79,177.84,79.615,12.245000000000001,85.405,16.17,13.305,14.735,22.615,10.705,8.32,36.675,16.385,110.05,111.95,2.15,6.21,0.075,3.63,1.38,4.16,0.045,2.455,5.0
CHAPINERO,2024.0,4.6704,-74.04338,33.56,7.53,7.585,9.8,15.59,1.105,0.03,1.95,0.13,77.62,11.1,24.11,0.9,0.9,0.885,-0.45,7.6899999999999995,234.065,79.495,12.969999999999999,90.00999999999999,16.119999999999997,14.21,15.165,21.91,10.190000000000001,6.85,34.14,16.270000000000003,102.05,105.25,1.71,4.9399999999999995,0.14,2.58,1.02,3.265,0.065,1.77,6.0
CIUDAD BOLIVAR,2024.0,4.53904,-74.14732,33.515,8.870000000000001,7.66,14.485,18.985,1.245,0.04,2.51,0.14,59.405,11.385,25.0,0.645,0.585,0.595,1.63,1.48,43.465,82.35,12.955,73.11500000000001,20.369999999999997,14.785,17.575,28.42,13.285,10.86,35.35,20.69,86.05,86.15,2.06,6.16,0.11,2.2350000000000003,1.2850000000000001,4.42,0.045,1.85,1.0
CIUDAD BOLIVAR,2024.0,4.53904,-74.14732,34.355000000000004,7.865,8.5,7.5,16.549999999999997,1.095,0.035,2.25,0.13,82.17,11.29,24.93,0.5700000000000001,0.535,0.5700000000000001,0.9249999999999999,5.01,151.71,82.33500000000001,13.605,74.185,20.965,15.559999999999999,18.259999999999998,29.299999999999997,14.684999999999999,9.82,37.385000000000005,21.495,92.95,94.1,1.6600000000000001,5.665,0.115,2.27,1.0699999999999998,4.17,0.075,1.805,2.0
CIUDAD BOLIVAR,2024.0,4.53904,-74.14732,33.69,7.645,8.285,7.205,15.605,1.1749999999999998,0.04,2.24,0.135,88.16499999999999,11.5,24.86,0.75,0.725,0.735,0.27,10.129999999999999,309.895,82.38499999999999,13.915,82.065,19.375,15.885,17.634999999999998,25.735,13.44,8.665,35.525,19.380000000000003,126.95,129.8,1.67,4.225,0.105,2.1849999999999996,1.0499999999999998,3.0300000000000002,0.045,1.63,3.0
CIUDAD BOLIVAR,2024.0,4.53904,-74.14732,33.065,8.36,8.35,10.17,17.54,1.21,0.04,2.15,0.14500000000000002,78.59,11.49,25.145000000000003,0.765,0.7,0.7050000000000001,-0.035,3.035,94.18,82.43,12.7,78.035,18.84,14.495,16.665,25.46,11.49,10.245000000000001,35.905,18.884999999999998,130.0,131.2,2.32,5.85,0.23,2.635,1.4849999999999999,4.19,0.125,2.125,4.0
CIUDAD BOLIVAR,2024.0,4.53904,-74.14732,33.495,8.72,8.71,10.445,18.355,1.27,0.035,2.265,0.15000000000000002,81.19,11.795,25.89,0.65,0.6,0.625,-0.235,4.305,132.02,82.345,12.809999999999999,75.655,19.61,14.605,17.105,27.09,12.125,10.45,36.675,19.76,116.6,119.5,2.0300000000000002,6.8100000000000005,0.105,2.3449999999999998,1.29,4.85,0.1,1.8599999999999999,5.0
CIUDAD BOLIVAR,2024.0,4.53904,-74.14732,33.56,7.53,7.585,9.8,15.59,1.105,0.03,1.95,0.13,77.62,11.1,24.11,0.7,0.66,0.6799999999999999,-0.45,5.805,176.76999999999998,82.275,13.67,83.38499999999999,18.884999999999998,15.625,17.255000000000003,25.845,13.23,8.385,34.14,18.965,51.15,47.6,1.52,3.935,0.08,2.0149999999999997,0.9450000000000001,2.855,0.035,1.565,6.0
ENGATIVA,2024.0,4.70179,-74.10088,33.515,8.870000000000001,7.66,14.485,18.985,1.245,0.04,2.51,0.14,59.405,11.385,25.0,0.645,0.585,0.595,1.63,1.48,43.465,82.35,12.955,73.11500000000001,20.369999999999997,14.785,17.575,28.42,13.285,10.86,35.35,20.69,86.05,86.15,2.06,6.16,0.11,2.2350000000000003,1.2850000000000001,4.42,0.045,1.85,1.0
ENGATIVA,2024.0,4.70179,-74.10088,34.355000000000004,7.865,8.5,7.5,16.549999999999997,1.095,0.035,2.25,0.13,82.17,11.29,24.93,0.5700000000000001,0.535,0.5700000000000001,0.9249999999999999,5.01,151.71,82.33500000000001,13.605,74.185,20.965,15.559999999999999,18.259999999999998,29.299999999999997,14.684999999999999,9.82,37.385000000000005,21.495,92.95,94.1,1.6600000000000001,5.665,0.115,2.27,1.0699999999999998,4.17,0.075,1.805,2.0
ENGATIVA,2024.0,4.70179,-74.10088,33.69,7.645,8.285,7.205,15.605,1.1749999999999998,0.04,2.24,0.135,88.16499999999999,11.5,24.86,0.75,0.725,0.735,0.27,10.129999999999999,309.895,82.38499999999999,13.915,82.065,19.375,15.885,17.634999999999998,25.735,13.44,8.665,35.525,19.380000000000003,126.95,129.8,1.67,4.225,0.105,2.1849999999999996,1.0499999999999998,3.0300000000000002,0.045,1.63,3.0
ENGATIVA,2024.0,4.70179,-74.10088,33.065,8.36,8.35,10.17,17.54,1.21,0.04,2.15,0.14500000000000002,78.59,11.49,25.145000000000003,0.765,0.7,0.7050000000000001,-0.035,3.035,94.18,82.43,12.7,78.035,18.84,14.495,16.665,25.46,11.49,10.245000000000001,35.905,18.884999999999998,130.0,131.2,2.32,5.85,0.23,2.635,1.4849999999999999,4.19,0.125,2.125,4.0
ENGATIVA,2024.0,4.70179,-74.10088,33.495,8.72,8.71,10.445,18.355,1.27,0.035,2.265,0.15000000000000002,81.19,11.795,25.89,0.65,0.6,0.625,-0.235,4.305,132.02,82.345,12.809999999999999,75.655,19.61,14.605,17.105,27.09,12.125,10.45,36.675,19.76,116.6,119.5,2.0300000000000002,6.8100000000000005,0.105,2.3449999999999998,1.29,4.85,0.1,1.8599999999999999,5.0
ENGATIVA,2024.0,4.70179,-74.10088,33.56,7.53,7.585,9.8,15.59,1.105,0.03,1.95,0.13,77.62,11.1,24.11,0.7,0.66,0.6799999999999999,-0.45,5.805,176.76999999999998,82.275,13.67,83.38499999999999,18.884999999999998,15.625,17.255000000000003,25.845,13.23,8.385,34.14,18.965,51.15,47.6,1.52,3.935,0.08,2.0149999999999997,0.9450000000000001,2.855,0.035,1.565,6.0
FONTIBON,2024.0,4.71049,-74.145,33.515,8.870000000000001,7.66,14.485,18.985,1.245,0.04,2.51,0.14,59.405,11.385,25.0,0.645,0.585,0.595,1.63,1.48,43.465,82.35,12.955,73.11500000000001,20.369999999999997,14.785,17.575,28.42,13.285,10.86,35.35,20.69,86.05,86.15,2.06,6.16,0.11,2.2350000000000003,1.2850000000000001,4.42,0.045,1.85,1.0
FONTIBON,2024.0,4.71049,-74.145,34.355000000000004,7.865,8.5,7.5,16.549999999999997,1.095,0.035,2.25,0.13,82.17,11.29,24.93,0.5700000000000001,0.535,0.5700000000000001,0.9249999999999999,5.01,151.71,82.33500000000001,13.605,74.185,20.965,15.559999999999999,18.259999999999998,29.299999999999997,14.684999999999999,9.82,37.385000000000005,21.495,92.95,94.1,1.6600000000000001,5.665,0.115,2.27,1.0699999999999998,4.17,0.075,1.805,2.0
FONTIBON,2024.0,4.71049,-74.145,33.69,7.645,8.285,7.205,15.605,1.1749999999999998,0.04,2.24,0.135,88.16499999999999,11.5,24.86,0.75,0.725,0.735,0.27,10.129999999999999,309.895,82.38499999999999,13.915,82.065,19.375,15.885,17.634999999999998,25.735,13.44,8.665,35.525,19.380000000000003,126.95,129.8,1.67,4.225,0.105,2.1849999999999996,1.0499999999999998,3.0300000000000002,0.045,1.63,3.0
FONTIBON,2024.0,4.71049,-74.145,33.065,8.36,8.35,10.17,17.54,1.21,0.04,2.15,0.14500000000000002,78.59,11.49,25.145000000000003,0.765,0.7,0.7050000000000001,-0.035,3.035,94.18,82.43,12.7,78.035,18.84,14.495,16.665,25.46,11.49,10.245000000000001,35.905,18.884999999999998,130.0,131.2,2.32,5.85,0.23,2.635,1.4849999999999999,4.19,0.125,2.125,4.0
FONTIBON,2024.0,4.71049,-74.145,33.495,8.72,8.71,10.445,18.355,1.27,0.035,2.265,0.15000000000000002,81.19,11.795,25.89,0.65,0.6,0.625,-0.235,4.305,132.02,82.345,12.809999999999999,75.655,19.61,14.605,17.105,27.09,12.125,10.45,36.675,19.76,116.6,119.5,2.0300000000000002,6.8100000000000005,0.105,2.3449999999999998,1.29,4.85,0.1,1.8599999999999999,5.0
FONTIBON,2024.0,4.71049,-74.145,33.56,7.53,7.585,9.8,15.59,1.105,0.03,1.95,0.13,77.62,11.1,24.11,0.7,0.66,0.6799999999999999,-0.45,5.805,176.76999999999998,82.275,13.67,83.38499999999999,18.884999999999998,15.625,17.255000000000003,25.845,13.23,8.385,34.14,18.965,51.15,47.6,1.52,3.935,0.08,2.0149999999999997,0.9450000000000001,2.855,0.035,1.565,6.0
KENNEDY,2024.0,4.62598,-74.1004,33.515,8.870000000000001,7.66,14.485,18.985,1.245,0.04,2.51,0.14,59.405,11.385,25.0,0.645,0.585,0.595,1.63,1.48,43.465,82.35,12.955,73.11500000000001,20.369999999999997,14.785,17.575,28.42,13.285,10.86,35.35,20.69,86.05,86.15,2.06,6.16,0.11,2.2350000000000003,1.2850000000000001,4.42,0.045,1.85,1.0
KENNEDY,2024.0,4.62598,-74.1004,34.355000000000004,7.865,8.5,7.5,16.549999999999997,1.095,0.035,2.25,0.13,82.17,11.29,24.93,0.5700000000000001,0.535,0.5700000000000001,0.9249999999999999,5.01,151.71,82.33500000000001,13.605,74.185,20.965,15.559999999999999,18.259999999999998,29.299999999999997,14.684999999999999,9.82,37.385000000000005,21.495,92.95,94.1,1.6600000000000001,5.665,0.115,2.27,1.0699999999999998,4.17,0.075,1.805,2.0
KENNEDY,2024.0,4.62598,-74.1004,33.69,7.645,8.285,7.205,15.605,1.1749999999999998,0.04,2.24,0.135,88.16499999999999,11.5,24.86,0.75,0.725,0.735,0.27,10.129999999999999,309.895,82.38499999999999,13.915,82.065,19.375,15.885,17.634999999999998,25.735,13.44,8.665,35.525,19.380000000000003,126.95,129.8,1.67,4.225,0.105,2.1849999999999996,1.0499999999999998,3.0300000000000002,0.045,1.63,3.0
KENNEDY,2024.0,4.62598,-74.1004,33.065,8.36,8.35,10.17,17.54,1.21,0.04,2.15,0.14500000000000002,78.59,11.49,25.145000000000003,0.765,0.7,0.7050000000000001,-0.035,3.035,94.18,82.43,12.7,78.035,18.84,14.495,16.665,25.46,11.49,10.245000000000001,35.905,18.884999999999998,130.0,131.2,2.32,5.85,0.23,2.635,1.4849999999999999,4.19,0.125,2.125,4.0
KENNEDY,2024.0,4.62598,-74.1004,33.495,8.72,8.71,10.445,18.355,1.27,0.035,2.265,0.15000000000000002,81.19,11.795,25.89,0.65,0.6,0.625,-0.235,4.305,132.02,82.345,12.809999999999999,75.655,19.61,14.605,17.105,27.09,12.125,10.45,36.675,19.76,116.6,119.5,2.0300000000000002,6.8100000000000005,0.105,2.3449999999999998,1.29,4.85,0.1,1.8599999999999999,5.0
KENNEDY,2024.0,4.62598,-74.1004,33.56,7.53,7.585,9.8,15.59,1.105,0.03,1.95,0.13,77.62,11.1,24.11,0.7,0.66,0.6799999999999999,-0.45,5.805,176.76999999999998,82.275,13.67,83.38499999999999,18.884999999999998,15.625,17.255000000000003,25.845,13.23,8.385,34.14,18.965,51.15,47.6,1.52,3.935,0.08,2.0149999999999997,0.9450000000000001,2.855,0.035,1.565,6.0
LA CANDELARIA,2024.0,4.59806,-74.07606,33.515,8.870000000000001,7.66,14.485,18.985,1.245,0.04,2.51,0.14,59.405,11.385,25.0,0.645,0.585,0.595,1.63,1.48,43.465,82.35,12.955,73.11500000000001,20.369999999999997,14.785,17.575,28.42,13.285,10.86,35.35,20.69,86.05,86.15,2.06,6.16,0.11,2.2350000000000003,1.2850000000000001,4.42,0.045,1.85,1.0
LA CANDELARIA,2024.0,4.59806,-74.07606,34.355000000000004,7.865,8.5,7.5,16.549999999999997,1.095,0.035,2.25,0.13,82.17,11.29,24.93,0.5700000000000001,0.535,0.5700000000000001,0.9249999999999999,5.01,151.71,82.33500000000001,13.605,74.185,20.965,15.559999999999999,18.259999999999998,29.299999999999997,14.684999999999999,9.82,37.385000000000005,21.495,92.95,94.1,1.6600000000000001,5.665,0.115,2.27,1.0699999999999998,4.17,0.075,1.805,2.0
LA CANDELARIA,2024.0,4.59806,-74.07606,33.69,7.645,8.285,7.205,15.605,1.1749999999999998,0.04,2.24,0.135,88.16499999999999,11.5,24.86,0.75,0.725,0.735,0.27,10.129999999999999,309.895,82.38499999999999,13.915,82.065,19.375,15.885,17.634999999999998,25.735,13.44,8.665,35.525,19.380000000000003,126.95,129.8,1.67,4.225,0.105,2.1849999999999996,1.0499999999999998,3.0300000000000002,0.045,1.63,3.0
LA CANDELARIA,2024.0,4.59806,-74.07606,33.065,8.36,8.35,10.17,17.54,1.21,0.04,2.15,0.14500000000000002,78.59,11.49,25.145000000000003,0.765,0.7,0.7050000000000001,-0.035,3.035,94.18,82.43,12.7,78.035,18.84,14.495,16.665,25.46,11.49,10.245000000000001,35.905,18.884999999999998,130.0,131.2,2.32,5.85,0.23,2.635,1.4849999999999999,4.19,0.125,2.125,4.0
LA CANDELARIA,2024.0,4.59806,-74.07606,33.495,8.72,8.71,10.445,18.355,1.27,0.035,2.265,0.15000000000000002,81.19,11.795,25.89,0.65,0.6,0.625,-0.235,4.305,132.02,82.345,12.809999999999999,75.655,19.61,14.605,17.105,27.09,12.125,10.45,36.675,19.76,116.6,119.5,2.0300000000000002,6.8100000000000005,0.105,2.3449999999999998,1.29,4.85,0.1,1.8599999999999999,5.0
LA CANDELARIA,2024.0,4.59806,-74.07606,33.56,7.53,7.585,9.8,15.59,1.105,0.03,1.95,0.13,77.62,11.1,24.11,0.7,0.66,0.6799999999999999,-0.45,5.805,176.76999999999998,82.275,13.67,83.38499999999999,18.884999999999998,15.625,17.255000000000003,25.845,13.23,8.385,34.14,18.965,51.15,47.6,1.52,3.935,0.08,2.0149999999999997,0.9450000000000001,2.855,0.035,1.565,6.0
LOS MARTIRES,2024.0,4.60055,-74.07481,33.515,8.870000000000001,7.66,14.485,18.985,1.245,0.04,2.51,0.14,59.405,11.385,25.0,0.645,0.585,0.595,1.63,1.48,43.465,82.35,12.955,73.11500000000001,20.369999999999997,14.785,17.575,28.42,13.285,10.86,35.35,20.69,86.05,86.15,2.06,6.16,0.11,2.2350000000000003,1.2850000000000001,4.42,0.045,1.85,1.0
LOS MARTIRES,2024.0,4.60055,-74.07481,34.355000000000004,7.865,8.5,7.5,16.549999999999997,1.095,0.035,2.25,0.13,82.17,11.29,24.93,0.5700000000000001,0.535,0.5700000000000001,0.9249999999999999,5.01,151.71,82.33500000000001,13.605,74.185,20.965,15.559999999999999,18.259999999999998,29.299999999999997,14.684999999999999,9.82,37.385000000000005,21.495,92.95,94.1,1.6600000000000001,5.665,0.115,2.27,1.0699999999999998,4.17,0.075,1.805,2.0
LOS MARTIRES,2024.0,4.60055,-74.07481,33.69,7.645,8.285,7.205,15.605,1.1749999999999998,0.04,2.24,0.135,88.16499999999999,11.5,24.86,0.75,0.725,0.735,0.27,10.129999999999999,309.895,82.38499999999999,13.915,82.065,19.375,15.885,17.634999999999998,25.735,13.44,8.665,35.525,19.380000000000003,126.95,129.8,1.67,4.225,0.105,2.1849999999999996,1.0499999999999998,3.0300000000000002,0.045,1.63,3.0
LOS MARTIRES,2024.0,4.60055,-74.07481,33.065,8.36,8.35,10.17,17.54,1.21,0.04,2.15,0.14500000000000002,78.59,11.49,25.145000000000003,0.765,0.7,0.7050000000000001,-0.035,3.035,94.18,82.43,12.7,78.035,18.84,14.495,16.665,25.46,11.49,10.245000000000001,35.905,18.884999999999998,130.0,131.2,2.32,5.85,0.23,2.635,1.4849999999999999,4.19,0.125,2.125,4.0
LOS MARTIRES,2024.0,4.60055,-74.07481,33.495,8.72,8.71,10.445,18.355,1.27,0.035,2.265,0.15000000000000002,81.19,11.795,25.89,0.65,0.6,0.625,-0.235,4.305,132.02,82.345,12.809999999999999,75.655,19.61,14.605,17.105,27.09,12.125,10.45,36.675,19.76,116.6,119.5,2.0300000000000002,6.8100000000000005,0.105,2.3449999999999998,1.29,4.85,0.1,1.8599999999999999,5.0
LOS MARTIRES,2024.0,4.60055,-74.07481,33.56,7.53,7.585,9.8,15.59,1.105,0.03,1.95,0.13,77.62,11.1,24.11,0.7,0.66,0.6799999999999999,-0.45,5.805,176.76999999999998,82.275,13.67,83.38499999999999,18.884999999999998,15.625,17.255000000000003,25.845,13.23,8.385,34.14,18.965,51.15,47.6,1.52,3.935,0.08,2.0149999999999997,0.9450000000000001,2.855,0.035,1.565,6.0
PUENTE ARANDA,2024.0,4.63111,-74.11198,33.515,8.870000000000001,7.66,14.485,18.985,1.245,0.04,2.51,0.14,59.405,11.385,25.0,0.645,0.585,0.595,1.63,1.48,43.465,82.35,12.955,73.11500000000001,20.369999999999997,14.785,17.575,28.42,13.285,10.86,35.35,20.69,86.05,86.15,2.06,6.16,0.11,2.2350000000000003,1.2850000000000001,4.42,0.045,1.85,1.0
PUENTE ARANDA,2024.0,4.63111,-74.11198,34.355000000000004,7.865,8.5,7.5,16.549999999999997,1.095,0.035,2.25,0.13,82.17,11.29,24.93,0.5700000000000001,0.535,0.5700000000000001,0.9249999999999999,5.01,151.71,82.33500000000001,13.605,74.185,20.965,15.559999999999999,18.259999999999998,29.299999999999997,14.684999999999999,9.82,37.385000000000005,21.495,92.95,94.1,1.6600000000000001,5.665,0.115,2.27,1.0699999999999998,4.17,0.075,1.805,2.0
PUENTE ARANDA,2024.0,4.63111,-74.11198,33.69,7.645,8.285,7.205,15.605,1.1749999999999998,0.04,2.24,0.135,88.16499999999999,11.5,24.86,0.75,0.725,0.735,0.27,10.129999999999999,309.895,82.38499999999999,13.915,82.065,19.375,15.885,17.634999999999998,25.735,13.44,8.665,35.525,19.380000000000003,126.95,129.8,1.67,4.225,0.105,2.1849999999999996,1.0499999999999998,3.0300000000000002,0.045,1.63,3.0
PUENTE ARANDA,2024.0,4.63111,-74.11198,33.065,8.36,8.35,10.17,17.54,1.21,0.04,2.15,0.14500000000000002,78.59,11.49,25.145000000000003,0.765,0.7,0.7050000000000001,-0.035,3.035,94.18,82.43,12.7,78.035,18.84,14.495,16.665,25.46,11.49,10.245000000000001,35.905,18.884999999999998,130.0,131.2,2.32,5.85,0.23,2.635,1.4849999999999999,4.19,0.125,2.125,4.0
PUENTE ARANDA,2024.0,4.63111,-74.11198,33.495,8.72,8.71,10.445,18.355,1.27,0.035,2.265,0.15000000000000002,81.19,11.795,25.89,0.65,0.6,0.625,-0.235,4.305,132.02,82.345,12.809999999999999,75.655,19.61,14.605,17.105,27.09,12.125,10.45,36.675,19.76,116.6,119.5,2.0300000000000002,6.8100000000000005,0.105,2.3449999999999998,1.29,4.85,0.1,1.8599999999999999,5.0
PUENTE ARANDA,2024.0,4.63111,-74.11198,33.56,7.53,7.585,9.8,15.59,1.105,0.03,1.95,0.13,77.62,11.1,24.11,0.7,0.66,0.6799999999999999,-0.45,5.805,176.76999999999998,82.275,13.67,83.38499999999999,18.884999999999998,15.625,17.255000000000003,25.845,13.23,8.385,34.14,18.965,51.15,47.6,1.52,3.935,0.08,2.0149999999999997,0.9450000000000001,2.855,0.035,1.565,6.0
RAFAEL URIBE URIBE,2024.0,4.59028,-74.08473,33.515,8.870000000000001,7.66,14.485,18.985,1.245,0.04,2.51,0.14,59.405,11.385,25.0,0.645,0.585,0.595,1.63,1.48,43.465,82.35,12.955,73.11500000000001,20.369999999999997,14.785,17.575,28.42,13.285,10.86,35.35,20.69,86.05,86.15,2.06,6.16,0.11,2.2350000000000003,1.2850000000000001,4.42,0.045,1.85,1.0
RAFAEL URIBE URIBE,2024.0,4.59028,-74.08473,34.355000000000004,7.865,8.5,7.5,16.549999999999997,1.095,0.035,2.25,0.13,82.17,11.29,24.93,0.5700000000000001,0.535,0.5700000000000001,0.9249999999999999,5.01,151.71,82.33500000000001,13.605,74.185,20.965,15.559999999999999,18.259999999999998,29.299999999999997,14.684999999999999,9.82,37.385000000000005,21.495,92.95,94.1,1.6600000000000001,5.665,0.115,2.27,1.0699999999999998,4.17,0.075,1.805,2.0
RAFAEL URIBE URIBE,2024.0,4.59028,-74.08473,33.69,7.645,8.285,7.205,15.605,1.1749999999999998,0.04,2.24,0.135,88.16499999999999,11.5,24.86,0.75,0.725,0.735,0.27,10.129999999999999,309.895,82.38499999999999,13.915,82.065,19.375,15.885,17.634999999999998,25.735,13.44,8.665,35.525,19.380000000000003,126.95,129.8,1.67,4.225,0.105,2.1849999999999996,1.0499999999999998,3.0300000000000002,0.045,1.63,3.0
RAFAEL URIBE URIBE,2024.0,4.59028,-74.08473,33.065,8.36,8.35,10.17,17.54,1.21,0.04,2.15,0.14500000000000002,78.59,11.49,25.145000000000003,0.765,0.7,0.7050000000000001,-0.035,3.035,94.18,82.43,12.7,78.035,18.84,14.495,16.665,25.46,11.49,10.245000000000001,35.905,18.884999999999998,130.0,131.2,2.32,5.85,0.23,2.635,1.4849999999999999,4.19,0.125,2.125,4.0
RAFAEL URIBE URIBE,2024.0,4.59028,-74.08473,33.495,8.72,8.71,10.445,18.355,1.27,0.035,2.265,0.15000000000000002,81.19,11.795,25.89,0.65,0.6,0.625,-0.235,4.305,132.02,82.345,12.809999999999999,75.655,19.61,14.605,17.105,27.09,12.125,10.45,36.675,19.76,116.6,119.5,2.0300000000000002,6.8100000000000005,0.105,2.3449999999999998,1.29,4.85,0.1,1.8599999999999999,5.0
RAFAEL URIBE URIBE,2024.0,4.59028,-74.08473,33.56,7.53,7.585,9.8,15.59,1.105,0.03,1.95,0.13,77.62,11.1,24.11,0.7,0.66,0.6799999999999999,-0.45,5.805,176.76999999999998,82.275,13.67,83.38499999999999,18.884999999999998,15.625,17.255000000000003,25.845,13.23,8.385,34.14,18.965,51.15,47.6,1.52,3.935,0.08,2.0149999999999997,0.9450000000000001,2.855,0.035,1.565,6.0
SAN CRISTOBAL,2024.0,4.58843,-74.0708,33.515,8.870000000000001,7.66,14.485,18.985,1.245,0.04,2.51,0.14,59.405,11.385,25.0,0.645,0.585,0.595,1.63,1.48,43.465,82.35,12.955,73.11500000000001,20.369999999999997,14.785,17.575,28.42,13.285,10.86,35.35,20.69,86.05,86.15,2.06,6.16,0.11,2.2350000000000003,1.2850000000000001,4.42,0.045,1.85,1.0
SAN CRISTOBAL,2024.0,4.58843,-74.0708,34.355000000000004,7.865,8.5,7.5,16.549999999999997,1.095,0.035,2.25,0.13,82.17,11.29,24.93,0.5700000000000001,0.535,0.5700000000000001,0.9249999999999999,5.01,151.71,82.33500000000001,13.605,74.185,20.965,15.559999999999999,18.259999999999998,29.299999999999997,14.684999999999999,9.82,37.385000000000005,21.495,92.95,94.1,1.6600000000000001,5.665,0.115,2.27,1.0699999999999998,4.17,0.075,1.805,2.0
SAN CRISTOBAL,2024.0,4.58843,-74.0708,33.69,7.645,8.285,7.205,15.605,1.1749999999999998,0.04,2.24,0.135,88.16499999999999,11.5,24.86,0.75,0.725,0.735,0.27,10.129999999999999,309.895,82.38499999999999,13.915,82.065,19.375,15.885,17.634999999999998,25.735,13.44,8.665,35.525,19.380000000000003,126.95,129.8,1.67,4.225,0.105,2.1849999999999996,1.0499999999999998,3.0300000000000002,0.045,1.63,3.0
SAN CRISTOBAL,2024.0,4.58843,-74.0708,33.065,8.36,8.35,10.17,17.54,1.21,0.04,2.15,0.14500000000000002,78.59,11.49,25.145000000000003,0.765,0.7,0.7050000000000001,-0.035,3.035,94.18,82.43,12.7,78.035,18.84,14.495,16.665,25.46,11.49,10.245000000000001,35.905,18.884999999999998,130.0,131.2,2.32,5.85,0.23,2.635,1.4849999999999999,4.19,0.125,2.125,4.0
SAN CRISTOBAL,2024.0,4.58843,-74.0708,33.495,8.72,8.71,10.445,18.355,1.27,0.035,2.265,0.15000000000000002,81.19,11.795,25.89,0.65,0.6,0.625,-0.235,4.305,132.02,82.345,12.809999999999999,75.655,19.61,14.605,17.105,27.09,12.125,10.45,36.675,19.76,116.6,119.5,2.0300000000000002,6.8100000000000005,0.105,2.3449999999999998,1.29,4.85,0.1,1.8599999999999999,5.0
SAN CRISTOBAL,2024.0,4.58843,-74.0708,33.56,7.53,7.585,9.8,15.59,1.105,0.03,1.95,0.13,77.62,11.1,24.11,0.7,0.66,0.6799999999999999,-0.45,5.805,176.76999999999998,82.275,13.67,83.38499999999999,18.884999999999998,15.625,17.255000000000003,25.845,13.23,8.385,34.14,18.965,51.15,47.6,1.52,3.935,0.08,2.0149999999999997,0.9450000000000001,2.855,0.035,1.565,6.0
SANTA FE,2024.0,4.60947,-74.08135,33.515,8.870000000000001,7.66,14.485,18.985,1.245,0.04,2.51,0.14,59.405,11.385,25.0,0.645,0.585,0.595,1.63,1.48,43.465,82.35,12.955,73.11500000000001,20.369999999999997,14.785,17.575,28.42,13.285,10.86,35.35,20.69,86.05,86.15,2.06,6.16,0.11,2.2350000000000003,1.2850000000000001,4.42,0.045,1.85,1.0
SANTA FE,2024.0,4.60947,-74.08135,34.355000000000004,7.865,8.5,7.5,16.549999999999997,1.095,0.035,2.25,0.13,82.17,11.29,24.93,0.5700000000000001,0.535,0.5700000000000001,0.9249999999999999,5.01,151.71,82.33500000000001,13.605,74.185,20.965,15.559999999999999,18.259999999999998,29.299999999999997,14.684999999999999,9.82,37.385000000000005,21.495,92.95,94.1,1.6600000000000001,5.665,0.115,2.27,1.0699999999999998,4.17,0.075,1.805,2.0
SANTA FE,2024.0,4.60947,-74.08135,33.69,7.645,8.285,7.205,15.605,1.1749999999999998,0.04,2.24,0.135,88.16499999999999,11.5,24.86,0.75,0.725,0.735,0.27,10.129999999999999,309.895,82.38499999999999,13.915,82.065,19.375,15.885,17.634999999999998,25.735,13.44,8.665,35.525,19.380000000000003,126.95,129.8,1.67,4.225,0.105,2.1849999999999996,1.0499999999999998,3.0300000000000002,0.045,1.63,3.0
SANTA FE,2024.0,4.60947,-74.08135,33.065,8.36,8.35,10.17,17.54,1.21,0.04,2.15,0.14500000000000002,78.59,11.49,25.145000000000003,0.765,0.7,0.7050000000000001,-0.035,3.035,94.18,82.43,12.7,78.035,18.84,14.495,16.665,25.46,11.49,10.245000000000001,35.905,18.884999999999998,130.0,131.2,2.32,5.85,0.23,2.635,1.4849999999999999,4.19,0.125,2.125,4.0
SANTA FE,2024.0,4.60947,-74.08135,33.495,8.72,8.71,10.445,18.355,1.27,0.035,2.265,0.15000000000000002,81.19,11.795,25.89,0.65,0.6,0.625,-0.235,4.305,132.02,82.345,12.809999999999999,75.655,19.61,14.605,17.105,27.09,12.125,10.45,36.675,19.76,116.6,119.5,2.0300000000000002,6.8100000000000005,0.105,2.3449999999999998,1.29,4.85,0.1,1.8599999999999999,5.0
SANTA FE,2024.0,4.60947,-74.08135,33.56,7.53,7.585,9.8,15.59,1.105,0.03,1.95,0.13,77.62,11.1,24.11,0.7,0.66,0.6799999999999999,-0.45,5.805,176.76999999999998,82.275,13.67,83.38499999999999,18.884999999999998,15.625,17.255000000000003,25.845,13.23,8.385,34.14,18.965,51.15,47.6,1.52,3.935,0.08,2.0149999999999997,0.9450000000000001,2.855,0.035,1.565,6.0
SUBA,2024.0,4.7594,-74.09035,33.515,8.870000000000001,7.66,14.485,18.985,1.245,0.04,2.51,0.14,59.405,11.385,25.0,0.61,0.565,0.55,1.63,1.23,36.120000000000005,84.565,13.085,67.66499999999999,22.485,15.27,18.880000000000003,31.445,15.195,11.719999999999999,35.35,23.215,58.95,56.0,1.775,5.404999999999999,0.125,2.165,1.1,3.87,0.07500000000000001,1.7149999999999999,1.0
SUBA,2024.0,4.7594,-74.09035,34.355000000000004,7.865,8.5,7.5,16.549999999999997,1.095,0.035,2.25,0.13,82.17,11.29,24.93,0.565,0.5449999999999999,0.55,0.9249999999999999,4.265,129.02499999999998,84.55,14.08,71.15,22.86,16.455,19.655,32.655,16.465,10.684999999999999,37.385000000000005,23.695,44.3,40.25,1.4449999999999998,4.035,0.055,2.1799999999999997,0.9299999999999999,2.95,0.034999999999999996,1.695,2.0
SUBA,2024.0,4.7594,-74.09035,33.69,7.645,8.285,7.205,15.605,1.1749999999999998,0.04,2.24,0.135,88.16499999999999,11.5,24.86,0.71,0.6950000000000001,0.735,0.27,8.7,265.78499999999997,84.61,14.885,82.375,20.855,17.285,19.07,27.37,15.03,8.61,35.525,20.89,140.3,147.8,1.335,3.585,0.065,1.9649999999999999,0.81,2.4850000000000003,0.045,1.4449999999999998,3.0
SUBA,2024.0,4.7594,-74.09035,33.065,8.36,8.35,10.17,17.54,1.21,0.04,2.15,0.14500000000000002,78.59,11.49,25.145000000000003,0.735,0.6799999999999999,0.69,-0.035,2.895,89.675,84.655,13.55,76.00999999999999,20.81,15.82,18.314999999999998,27.945,13.325,10.625,35.905,20.86,141.2,143.45,1.575,4.49,0.055,2.255,0.98,3.115,0.02,1.69,4.0
SUBA,2024.0,4.7594,-74.09035,33.495,8.72,8.71,10.445,18.355,1.27,0.035,2.265,0.15000000000000002,81.19,11.795,25.89,0.64,0.605,0.63,-0.235,4.195,128.54000000000002,84.57,13.575,74.84,21.295,15.825,18.560000000000002,29.995,14.32,10.645,36.675,21.595,105.69999999999999,108.85,1.505,5.07,0.11499999999999999,1.895,0.935,3.59,0.08,1.4300000000000002,5.0
SUBA,2024.0,4.7594,-74.09035,33.56,7.53,7.585,9.8,15.59,1.105,0.03,1.95,0.13,77.62,11.1,24.11,0.695,0.66,0.69,-0.45,5.085,154.41,84.52000000000001,14.44,85.695,19.740000000000002,16.855,18.295,27.04,14.815000000000001,7.99,34.14,19.915,15.95,11.5,1.4649999999999999,4.18,0.07500000000000001,2.195,0.915,2.985,0.055,1.685,6.0
SUMAPAZ,2024.0,4.2,-74.2,33.515,8.870000000000001,7.66,14.485,18.985,1.245,0.04,2.51,0.14,59.405,11.385,25.0,0.71,0.69,0.7,1.63,1.615,47.445,80.12,12.685,79.205,18.155,14.08,16.12,25.665,11.73,9.865,35.35,18.555,95.25,96.35,2.55,7.89,0.175,2.495,1.6400000000000001,5.625,0.125,2.12,1.0
SUMAPAZ,2024.0,4.2,-74.2,34.355000000000004,7.865,8.5,7.5,16.549999999999997,1.095,0.035,2.25,0.13,82.17,11.29,24.93,0.62,0.61,0.65,0.9249999999999999,5.46,165.44,80.11,13.265,80.015,18.72,14.795,16.755000000000003,26.23,12.48,8.675,37.385000000000005,19.28,104.65,105.44999999999999,2.385,7.0649999999999995,0.125,2.5549999999999997,1.58,5.155,0.08,2.0949999999999998,2.0
SUMAPAZ,2024.0,4.2,-74.2,33.69,7.645,8.285,7.205,15.605,1.1749999999999998,0.04,2.24,0.135,88.16499999999999,11.5,24.86,0.8500000000000001,0.845,0.84,0.27,11.475,351.19500000000005,80.15,13.219999999999999,85.97,17.32,14.735,16.025,23.265,12.09,7.64,35.525,17.515,121.5,122.35,2.6550000000000002,6.34,0.335,2.71,1.7400000000000002,4.475,0.22999999999999998,2.165,3.0
SUMAPAZ,2024.0,4.2,-74.2,33.065,8.36,8.35,10.17,17.54,1.21,0.04,2.15,0.14500000000000002,78.59,11.49,25.145000000000003,0.8300000000000001,0.8049999999999999,0.7949999999999999,-0.035,3.3000000000000003,102.295,80.205,12.129999999999999,83.865,16.435000000000002,13.425,14.93,22.585,10.29,8.58,35.905,16.705,124.39999999999999,124.85,3.67,7.755000000000001,0.475,3.67,2.4299999999999997,5.48,0.28500000000000003,2.965,4.0
SUMAPAZ,2024.0,4.2,-74.2,33.495,8.72,8.71,10.445,18.355,1.27,0.035,2.265,0.15000000000000002,81.19,11.795,25.89,0.69,0.67,0.7,-0.235,4.5,138.11,80.12,12.255,80.12,17.42,13.555,15.49,24.305,10.629999999999999,9.41,36.675,17.759999999999998,115.75,117.25,2.815,8.135,0.085,3.26,1.8450000000000002,5.75,0.10500000000000001,2.6,5.0
SUMAPAZ,2024.0,4.2,-74.2,33.56,7.53,7.585,9.8,15.59,1.105,0.03,1.95,0.13,77.62,11.1,24.11,0.76,0.755,0.76,-0.45,6.845,208.56,80.035,13.08,85.04,17.365,14.559999999999999,15.965,23.54,11.495000000000001,7.575,34.14,17.535,82.45,82.65,1.6600000000000001,5.300000000000001,0.03,2.08,1.05,3.785,0.045,1.635,6.0
TEUSAQUILLO,2024.0,4.65942,-74.09919,33.515,8.870000000000001,7.66,14.485,18.985,1.245,0.04,2.51,0.14,59.405,11.385,25.0,0.645,0.585,0.595,1.63,1.48,43.465,82.35,12.955,73.11500000000001,20.369999999999997,14.785,17.575,28.42,13.285,10.86,35.35,20.69,86.05,86.15,2.06,6.16,0.11,2.2350000000000003,1.2850000000000001,4.42,0.045,1.85,1.0
TEUSAQUILLO,2024.0,4.65942,-74.09919,34.355000000000004,7.865,8.5,7.5,16.549999999999997,1.095,0.035,2.25,0.13,82.17,11.29,24.93,0.5700000000000001,0.535,0.5700000000000001,0.9249999999999999,5.01,151.71,82.33500000000001,13.605,74.185,20.965,15.559999999999999,18.259999999999998,29.299999999999997,14.684999999999999,9.82,37.385000000000005,21.495,92.95,94.1,1.6600000000000001,5.665,0.115,2.27,1.0699999999999998,4.17,0.075,1.805,2.0
TEUSAQUILLO,2024.0,4.65942,-74.09919,33.69,7.645,8.285,7.205,15.605,1.1749999999999998,0.04,2.24,0.135,88.16499999999999,11.5,24.86,0.75,0.725,0.735,0.27,10.129999999999999,309.895,82.38499999999999,13.915,82.065,19.375,15.885,17.634999999999998,25.735,13.44,8.665,35.525,19.380000000000003,126.95,129.8,1.67,4.225,0.105,2.1849999999999996,1.0499999999999998,3.0300000000000002,0.045,1.63,3.0
TEUSAQUILLO,2024.0,4.65942,-74.09919,33.065,8.36,8.35,10.17,17.54,1.21,0.04,2.15,0.14500000000000002,78.59,11.49,25.145000000000003,0.765,0.7,0.7050000000000001,-0.035,3.035,94.18,82.43,12.7,78.035,18.84,14.495,16.665,25.46,11.49,10.245000000000001,35.905,18.884999999999998,130.0,131.2,2.32,5.85,0.23,2.635,1.4849999999999999,4.19,0.125,2.125,4.0
TEUSAQUILLO,2024.0,4.65942,-74.09919,33.495,8.72,8.71,10.445,18.355,1.27,0.035,2.265,0.15000000000000002,81.19,11.795,25.89,0.65,0.6,0.625,-0.235,4.305,132.02,82.345,12.809999999999999,75.655,19.61,14.605,17.105,27.09,12.125,10.45,36.675,19.76,116.6,119.5,2.0300000000000002,6.8100000000000005,0.105,2.3449999999999998,1.29,4.85,0.1,1.8599999999999999,5.0
TEUSAQUILLO,2024.0,4.65942,-74.09919,33.56,7.53,7.585,9.8,15.59,1.105,0.03,1.95,0.13,77.62,11.1,24.11,0.7,0.66,0.6799999999999999,-0.45,5.805,176.76999999999998,82.275,13.67,83.38499999999999,18.884999999999998,15.625,17.255000000000003,25.845,13.23,8.385,34.14,18.965,51.15,47.6,1.52,3.935,0.08,2.0149999999999997,0.9450000000000001,2.855,0.035,1.565,6.0
TUNJUELITO,2024.0,4.59069,-74.09628,33.515,8.870000000000001,7.66,14.485,18.985,1.245,0.04,2.51,0.14,59.405,11.385,25.0,0.645,0.585,0.595,1.63,1.48,43.465,82.35,12.955,73.11500000000001,20.369999999999997,14.785,17.575,28.42,13.285,10.86,35.35,20.69,86.05,86.15,2.06,6.16,0.11,2.2350000000000003,1.2850000000000001,4.42,0.045,1.85,1.0
TUNJUELITO,2024.0,4.59069,-74.09628,34.355000000000004,7.865,8.5,7.5,16.549999999999997,1.095,0.035,2.25,0.13,82.17,11.29,24.93,0.5700000000000001,0.535,0.5700000000000001,0.9249999999999999,5.01,151.71,82.33500000000001,13.605,74.185,20.965,15.559999999999999,18.259999999999998,29.299999999999997,14.684999999999999,9.82,37.385000000000005,21.495,92.95,94.1,1.6600000000000001,5.665,0.115,2.27,1.0699999999999998,4.17,0.075,1.805,2.0
TUNJUELITO,2024.0,4.59069,-74.09628,33.69,7.645,8.285,7.205,15.605,1.1749999999999998,0.04,2.24,0.135,88.16499999999999,11.5,24.86,0.75,0.725,0.735,0.27,10.129999999999999,309.895,82.38499999999999,13.915,82.065,19.375,15.885,17.634999999999998,25.735,13.44,8.665,35.525,19.380000000000003,126.95,129.8,1.67,4.225,0.105,2.1849999999999996,1.0499999999999998,3.0300000000000002,0.045,1.63,3.0
TUNJUELITO,2024.0,4.59069,-74.09628,33.065,8.36,8.35,10.17,17.54,1.21,0.04,2.15,0.14500000000000002,78.59,11.49,25.145000000000003,0.765,0.7,0.7050000000000001,-0.035,3.035,94.18,82.43,12.7,78.035,18.84,14.495,16.665,25.46,11.49,10.245000000000001,35.905,18.884999999999998,130.0,131.2,2.32,5.85,0.23,2.635,1.4849999999999999,4.19,0.125,2.125,4.0
TUNJUELITO,2024.0,4.59069,-74.09628,33.495,8.72,8.71,10.445,18.355,1.27,0.035,2.265,0.15000000000000002,81.19,11.795,25.89,0.65,0.6,0.625,-0.235,4.305,132.02,82.345,12.809999999999999,75.655,19.61,14.605,17.105,27.09,12.125,10.45,36.675,19.76,116.6,119.5,2.0300000000000002,6.8100000000000005,0.105,2.3449999999999998,1.29,4.85,0.1,1.8599999999999999,5.0
TUNJUELITO,2024.0,4.59069,-74.09628,33.56,7.53,7.585,9.8,15.59,1.105,0.03,1.95,0.13,77.62,11.1,24.11,0.7,0.66,0.6799999999999999,-0.45,5.805,176.76999999999998,82.275,13.67,83.38499999999999,18.884999999999998,15.625,17.255000000000003,25.845,13.23,8.385,34.14,18.965,51.15,47.6,1.52,3.935,0.08,2.0149999999999997,0.9450000000000001,2.855,0.035,1.565,6.0
USAQUEN,2024.0,4.73197,-74.05163,33.515,8.870000000000001,7.66,14.485,18.985,1.245,0.04,2.51,0.14,59.405,11.385,25.0,0.7949999999999999,0.7849999999999999,0.78,1.63,1.24,36.05,79.62,12.325,84.33,16.52,13.46,14.99,24.13,10.68,9.045,35.35,16.84,90.05000000000001,95.0,2.26,6.5600000000000005,0.345,3.0549999999999997,1.38,4.29,0.155,2.14,1.0
USAQUEN,2024.0,4.73197,-74.05163,34.355000000000004,7.865,8.5,7.5,16.549999999999997,1.095,0.035,2.25,0.13,82.17,11.29,24.93,0.725,0.7150000000000001,0.735,0.9249999999999999,5.5649999999999995,168.805,79.6,13.08,86.08500000000001,17.11,14.375,15.740000000000002,23.17,10.995000000000001,8.05,37.385000000000005,17.509999999999998,98.5,100.80000000000001,2.145,6.3100000000000005,0.165,3.2649999999999997,1.3250000000000002,4.155,0.075,2.215,2.0
USAQUEN,2024.0,4.73197,-74.05163,33.69,7.645,8.285,7.205,15.605,1.1749999999999998,0.04,2.24,0.135,88.16499999999999,11.5,24.86,0.9299999999999999,0.94,0.91,0.27,13.47,412.545,79.66,12.905000000000001,90.845,15.915,14.165,15.035,21.395,11.31,6.92,35.525,16.14,107.85,109.6,2.2249999999999996,5.275,0.2,3.4050000000000002,1.42,3.4299999999999997,0.13,2.3049999999999997,3.0
USAQUEN,2024.0,4.73197,-74.05163,33.065,8.36,8.35,10.17,17.54,1.21,0.04,2.15,0.14500000000000002,78.59,11.49,25.145000000000003,0.9099999999999999,0.915,0.885,-0.035,4.8100000000000005,149.155,79.735,11.93,88.895,15.08,12.98,14.03,20.845,9.355,7.529999999999999,35.905,15.34,111.4,112.55,2.4349999999999996,6.0600000000000005,0.08,3.965,1.615,4.035,0.09,2.685,4.0
USAQUEN,2024.0,4.73197,-74.05163,33.495,8.72,8.71,10.445,18.355,1.27,0.035,2.265,0.15000000000000002,81.19,11.795,25.89,0.8,0.79,0.7949999999999999,-0.235,5.79,177.84,79.615,12.245000000000001,85.405,16.17,13.305,14.735,22.615,10.705,8.32,36.675,16.385,110.05,111.95,2.15,6.21,0.075,3.63,1.38,4.16,0.045,2.455,5.0
USAQUEN,2024.0,4.73197,-74.05163,33.56,7.53,7.585,9.8,15.59,1.105,0.03,1.95,0.13,77.62,11.1,24.11,0.9,0.9,0.885,-0.45,7.6899999999999995,234.065,79.495,12.969999999999999,90.00999999999999,16.119999999999997,14.21,15.165,21.91,10.190000000000001,6.85,34.14,16.270000000000003,102.05,105.25,1.71,4.9399999999999995,0.14,2.58,1.02,3.265,0.065,1.77,6.0
USME,2024.0,4.53286,-74.11451,33.515,8.870000000000001,7.66,14.485,18.985,1.245,0.04,2.51,0.14,59.405,11.385,25.0,0.645,0.585,0.595,1.63,1.48,43.465,82.35,12.955,73.11500000000001,20.369999999999997,14.785,17.575,28.42,13.285,10.86,35.35,20.69,86.05,86.15,2.06,6.16,0.11,2.2350000000000003,1.2850000000000001,4.42,0.045,1.85,1.0
USME,2024.0,4.53286,-74.11451,34.355000000000004,7.865,8.5,7.5,16.549999999999997,1.095,0.035,2.25,0.13,82.17,11.29,24.93,0.5700000000000001,0.535,0.5700000000000001,0.9249999999999999,5.01,151.71,82.33500000000001,13.605,74.185,20.965,15.559999999999999,18.259999999999998,29.299999999999997,14.684999999999999,9.82,37.385000000000005,21.495,92.95,94.1,1.6600000000000001,5.665,0.115,2.27,1.0699999999999998,4.17,0.075,1.805,2.0
USME,2024.0,4.53286,-74.11451,33.69,7.645,8.285,7.205,15.605,1.1749999999999998,0.04,2.24,0.135,88.16499999999999,11.5,24.86,0.75,0.725,0.735,0.27,10.129999999999999,309.895,82.38499999999999,13.915,82.065,19.375,15.885,17.634999999999998,25.735,13.44,8.665,35.525,19.380000000000003,126.95,129.8,1.67,4.225,0.105,2.1849999999999996,1.0499999999999998,3.0300000000000002,0.045,1.63,3.0
USME,2024.0,4.53286,-74.11451,33.065,8.36,8.35,10.17,17.54,1.21,0.04,2.15,0.14500000000000002,78.59,11.49,25.145000000000003,0.765,0.7,0.7050000000000001,-0.035,3.035,94.18,82.43,12.7,78.035,18.84,14.495,16.665,25.46,11.49,10.245000000000001,35.905,18.884999999999998,130.0,131.2,2.32,5.85,0.23,2.635,1.4849999999999999,4.19,0.125,2.125,4.0
USME,2024.0,4.53286,-74.11451,33.495,8.72,8.71,10.445,18.355,1.27,0.035,2.265,0.15000000000000002,81.19,11.795,25.89,0.65,0.6,0.625,-0.235,4.305,132.02,82.345,12.809999999999999,75.655,19.61,14.605,17.105,27.09,12.125,10.45,36.675,19.76,116.6,119.5,2.0300000000000002,6.8100000000000005,0.105,2.3449999999999998,1.29,4.85,0.1,1.8599999999999999,5.0
USME,2024.0,4.53286,-74.11451,33.56,7.53,7.585,9.8,15.59,1.105,0.03,1.95,0.13,77.62,11.1,24.11,0.7,0.66,0.6799999999999999,-0.45,5.805,176.76999999999998,82.275,13.67,83.38499999999999,18.884999999999998,15.625,17.255000000000003,25.845,13.23,8.385,34.14,18.965,51.15,47.6,1.52,3.935,0.08,2.0149999999999997,0.9450000000000001,2.855,0.035,1.565,6.0
